25524 0
25524 1
25524 2
25524 3
25524 4
25524 5
25524 6
25524 7
25524 8
25524 9
25524 10
25524 11
25524 12
25524 13
25524 14
25524 15
25524 16
25524 17
25524 18
25524 19
25524 20
25524 21
25524 22
25524 23
25524 24
25524 25
25524 26
25524 27
25524 28
25524 29
25524 30
25524 31
25524 32
25524 33
25524 34
25524 35
25524 36
25524 37
25524 38
25524 39
25524 40
25524 41
25524 43
25524 44
25524 46
25528 51
25528 52
25528 53
25528 54
25528 55
25528 56
25528 57
25528 58
25528 59
25528 60
25528 61
25528 62
25528 64
25528 65
25528 66
25528 67
25528 68
25528 69
25528 70
25528 71
25528 72
25528 73
25528 74
25528 75
25528 76
25528 77
25528 78
25528 79
25528 80
25528 82
25528 83
25528 84
25528 85
25528 86
25528 87
25528 88
25528 89
25528 90
25528 91
25528 92
25528 93
25528 94
25528 95
25528 97
25528 98
25528 99
25528 100
25528 101
25528 102
25528 103
25528 104
25528 105
25528 106
25528 107
25528 108
25528 109
25528 110
25528 111
25528 112
25528 113
25528 114
25528 115
25528 116
25528 117
25528 118
25528 119
25528 120
25528 121
25528 122
25528 123
25528 124
25528 125
25528 126
25528 127
25528 128
25528 129
25528 130
25528 131
25528 132
25528 133
25528 134
25528 135
25528 137
25528 138
25528 139
25528 140
25528 141
25528 142
25528 143
25528 144
25528 145
25528 146
25528 147
25528 148
25528 149
25528 150
25528 151
25528 152
25528 153
25528 154
25528 155
25528 156
25528 157
25528 158
25528 159
25528 160
25528 161
25528 162
25528 163
25528 164
25528 165
25528 166
25528 167
25528 168
25528 169
25528 170
25528 171
25528 172
25528 173
25528 174
25528 175
25528 176
25528 177
25528 178
25528 179
25528 180
25528 181
25528 182
25528 183
25528 184
25528 185
25528 186
25528 187
25528 188
25528 189
25528 190
25528 191
25528 192
25528 193
25528 194
25528 195
25528 196
25528 197
25528 198
25528 200
25528 201
25528 202
25528 203
25528 204
25528 205
25528 206
25528 208
25528 209
25528 210
25528 211
25528 212
25528 213
25528 215
25528 216
25528 217
25528 218
25528 219
25528 220
25528 221
25528 222
25528 223
25528 224
25528 225
25528 226
25528 227
25528 228
25528 229
25528 230
25528 231
25528 232
25528 233
25528 234
25528 235
25528 236
25529 0
25529 1
25529 2
25529 3
25529 4
25529 5
25529 6
25529 7
25529 8
25529 9
25529 10
25529 11
25529 12
25529 13
25529 14
25529 15
25529 16
25529 17
25529 18
25529 19
25529 20
25529 21
25529 22
25529 23
25529 24
25529 25
25529 26
25529 27
25529 28
25529 29
25529 30
25529 31
25529 32
25529 33
25529 34
25529 35
25529 36
25529 37
25529 39
25529 40
25529 41
25529 42
25529 43
25529 44
25529 45
25529 46
25529 47
25529 48
25529 49
25529 50
25529 51
25529 52
25529 53
25529 54
25529 55
25529 56
25529 57
25529 58
25529 59
25529 60
25529 61
25529 62
25529 63
25529 64
25529 66
25529 67
25529 68
25529 69
25529 70
25529 71
25529 72
25529 73
25529 74
25529 75
25529 76
25529 77
25529 78
25529 79
25529 80
25529 81
25529 82
25529 83
25529 84
25529 85
25529 86
25530 0
25530 1
25530 2
25530 3
25530 4
25530 5
25530 6
25530 7
25530 8
25530 9
25530 10
25530 11
25530 12
25530 13
25530 14
25530 15
25530 16
25530 17
25530 18
25530 19
25530 20
25530 21
25530 22
25530 23
25530 24
25530 25
25530 26
25530 27
25530 28
25530 29
25530 30
25530 31
25530 32
25530 33
25530 34
25530 35
25530 36
25530 37
25530 38
25530 39
25530 40
25530 41
25530 42
25530 43
25530 44
25530 45
25530 46
25530 47
25530 48
25530 49
25530 50
25530 51
25530 52
25530 53
25530 54
25530 55
25530 56
25530 57
25530 58
25530 59
25530 60
25530 61
25530 62
25530 63
25530 64
25530 65
25530 66
25530 67
25530 68
25530 69
25530 70
25530 71
25530 72
25530 73
25530 74
25530 75
25530 76
25530 77
25530 78
25530 79
25530 80
25530 81
25530 82
25530 83
25530 84
25530 85
25530 87
25530 88
25530 89
25530 90
25530 91
25530 92
25530 93
25530 94
25530 95
25530 96
25530 97
25530 98
25530 99
25530 100
25530 101
25530 102
25530 103
25530 104
25530 105
25530 106
25530 107
25530 108
25530 109
25530 110
25530 111
25530 112
25530 113
25530 114
25530 115
25530 116
25530 117
25530 118
25530 119
25530 120
25530 121
25530 122
25530 123
25530 124
25530 125
25530 126
25530 127
25530 128
25530 129
25530 130
25530 131
25530 132
25530 133
25530 134
25530 135
25530 136
25530 137
25530 139
25530 140
25530 141
25530 142
25530 143
25530 144
25530 145
25530 146
25530 147
25530 148
25530 149
25530 150
25530 151
25530 152
25530 153
25530 154
25530 155
25530 156
25530 157
25530 158
25530 159
25530 160
25530 161
25530 310
25530 311
25530 312
25530 313
25530 314
25530 315
25530 316
25530 317
25530 318
25530 319
25530 320
25530 321
25530 322
25530 323
25530 324
25530 325
25530 326
25530 327
25530 328
25530 329
25530 330
25530 331
25530 332
25530 333
25530 334
25530 335
25530 336
25530 337
25530 338
25530 339
25530 340
25530 341
25530 342
25530 343
25530 344
25530 345
25530 346
25530 347
25530 348
25530 349
25530 350
25530 351
25530 352
25530 353
25530 354
25530 355
25530 356
25530 357
25530 358
25530 359
25530 360
25530 361
25530 362
25530 363
25530 364
25530 365
25530 366
25530 367
25530 368
25530 369
25530 370
25530 371
25530 372
25530 374
25530 375
25530 376
25530 377
25530 378
25530 379
25530 380
25530 381
25530 382
25530 383
25530 384
25530 385
25530 386
25530 387
25530 388
25530 389
25530 390
25530 391
25530 392
25530 393
25530 394
25530 395
25530 396
25530 397
25530 398
25530 399
25530 400
25530 401
25530 402
25530 403
25530 404
25530 405
25530 406
25530 407
25530 408
25530 409
25530 410
25530 411
25530 412
25530 413
25530 414
25530 415
25530 416
25530 417
25530 418
25530 419
25530 420
25530 421
25530 422
25530 423
25530 424
25530 425
25530 426
25530 427
25530 428
25530 429
25530 430
25530 431
25530 432
25530 433
25530 434
25530 435
25530 436
25530 437
25530 439
25530 440
25530 441
25530 442
25530 443
25530 444
25530 445
25530 446
25530 447
25530 448
25530 449
25530 450
25530 451
25530 452
25530 453
25530 454
25530 455
25530 456
25530 457
25530 458
25530 459
25530 460
25530 461
25530 462
25530 463
25530 464
25530 465
25530 466
25530 467
25530 468
25530 469
25530 470
25530 471
25530 472
25530 473
25530 474
25530 475
25530 476
25530 477
25530 478
25530 479
25530 480
25530 481
25530 482
25530 483
25530 484
25530 485
25530 486
25530 487
25530 488
25530 489
25530 490
25530 491
25530 492
25530 493
25530 494
25530 495
25530 496
25530 497
25530 498
25530 499
25530 500
25530 501
25530 502
25530 503
25530 504
25530 505
25530 506
25530 507
25530 508
25530 509
25530 510
25530 511
25531 0
25531 1
25531 2
25531 3
25531 4
25531 5
25531 6
25531 7
25531 8
25531 9
25531 10
25531 11
25531 12
25531 13
25531 14
25531 15
25531 16
25531 17
25531 18
25531 19
25531 20
25531 21
25531 22
25531 23
25531 24
25531 25
25531 26
25531 27
25531 28
25531 29
25531 30
25531 31
25531 32
25531 33
25531 34
25531 35
25531 36
25531 37
25531 38
25531 39
25531 40
25531 41
25531 42
25531 43
25531 44
25531 45
25531 46
25531 47
25531 48
25531 49
25531 50
25531 51
25531 52
25531 53
25531 54
25531 55
25531 56
25531 57
25531 58
25531 59
25531 60
25531 61
25531 63
25531 64
25531 65
25531 66
25531 67
25531 68
25531 69
25531 70
25531 71
25531 72
25531 73
25531 74
25531 75
25531 76
25531 77
25531 78
25531 79
25531 80
25531 81
25531 82
25531 83
25531 84
25531 85
25531 86
25531 87
25531 88
25531 89
25531 90
25531 91
25531 92
25531 93
25531 95
25531 96
25531 97
25531 98
25531 99
25531 100
25531 101
25531 102
25531 103
25531 104
25531 105
25531 106
25531 107
25531 108
25531 109
25531 110
25531 111
25531 112
25531 113
25531 114
25531 115
25531 116
25531 117
25531 118
25531 119
25531 120
25531 121
25531 122
25531 123
25531 124
25531 125
25531 126
25531 127
25531 128
25531 129
25531 130
25531 131
25531 132
25531 133
25531 134
25531 135
25531 136
25531 137
25531 138
25531 139
25531 140
25531 141
25531 142
25531 143
25531 144
25531 145
25531 146
25531 147
25531 148
25531 149
25531 150
25531 151
25531 152
25531 153
25531 154
25531 155
25531 156
25531 157
25531 158
25531 159
25531 160
25531 161
25531 162
25531 163
25531 164
25531 165
25531 166
25531 167
25531 168
25531 169
25531 170
25531 171
25531 172
25531 173
25531 174
25531 175
25531 176
25531 177
25531 178
25531 179
25531 180
25531 181
25531 182
25531 183
25531 184
25531 185
25531 186
25531 187
25531 188
25531 189
25531 190
25531 191
25531 192
25531 193
25531 194
25531 195
25531 196
25531 197
25531 198
25531 199
25531 200
25531 201
25531 202
25531 203
25531 204
25531 205
25531 206
25531 207
25531 208
25531 209
25531 210
25531 211
25531 212
25531 213
25531 214
25531 215
25531 216
25531 217
25531 218
25531 219
25531 220
25531 221
25531 222
25531 223
25531 224
25531 225
25531 226
25531 227
25531 228
25531 229
25531 230
25531 231
25531 232
25531 233
25531 234
25531 235
25531 236
25531 237
25531 238
25531 239
25531 240
25531 241
25531 242
25531 243
25531 244
25531 245
25531 246
25531 247
25531 248
25531 249
25531 250
25531 251
25531 252
25531 253
25531 254
25531 255
25531 256
25531 257
25531 258
25531 259
25531 260
25531 261
25531 262
25531 263
25531 264
25531 265
25531 266
25531 267
25531 268
25531 269
25531 270
25531 271
25531 272
25531 273
25531 274
25531 275
25531 276
25531 277
25531 278
25531 279
25531 281
25531 282
25531 283
25531 284
25531 285
25531 286
25531 287
25531 288
25531 289
25531 290
25531 291
25531 292
25531 293
25531 294
25531 295
25531 296
25531 297
25531 298
25531 299
25531 300
25531 301
25531 302
25531 303
25531 304
25531 305
25531 306
25531 307
25531 308
25531 309
25531 310
25531 311
25531 312
25531 313
25531 314
25531 315
25531 316
25531 317
25531 318
25531 319
25531 320
25531 321
25531 322
25531 323
25531 324
25531 325
25531 326
25531 327
25531 328
25531 329
25531 330
25531 331
25531 332
25531 333
25531 334
25531 335
25531 336
25531 337
25531 338
25531 339
25531 340
25531 341
25531 342
25531 343
25531 344
25531 345
25531 346
25531 347
25531 348
25531 349
25531 350
25531 351
25531 352
25531 353
25531 354
25531 355
25531 356
25531 357
25531 358
25531 359
25531 360
25531 361
25531 362
25533 0
25533 1
25533 2
25533 3
25533 4
25533 5
25533 6
25533 7
25533 8
25533 9
25533 10
25533 11
25533 12
25533 13
25533 14
25533 15
25533 16
25533 17
25533 18
25533 19
25533 20
25533 21
25533 22
25533 23
25533 24
25533 25
25533 27
25533 28
25533 29
25533 30
25533 31
25533 32
25533 33
25533 34
25533 35
25533 36
25533 37
25533 38
25533 40
25533 41
25533 43
25533 44
25533 45
25533 46
25533 47
25533 48
25533 49
25533 50
25533 51
25533 52
25533 53
25533 54
25533 55
25533 56
25533 57
25533 58
25533 59
25533 60
25533 61
25533 62
25533 63
25533 64
25534 0
25534 1
25534 2
25534 3
25534 4
25534 5
25534 6
25534 7
25534 8
25534 9
25534 10
25534 11
25534 12
25534 13
25534 14
25534 15
25534 16
25534 17
25534 18
25534 19
25534 20
25534 21
25534 22
25534 23
25534 24
25534 25
25534 26
25534 27
25534 28
25534 29
25534 30
25534 31
25534 32
25534 33
25534 34
25534 35
25534 36
25534 37
25534 38
25534 39
25534 40
25534 41
25534 42
25534 43
25534 44
25534 45
25534 46
25534 47
25534 48
25534 49
25534 50
25534 51
25534 52
25534 53
25534 54
25534 56
25534 57
25534 58
25534 59
25534 60
25534 61
25534 62
25534 63
25534 64
25534 66
25534 67
25534 68
25534 69
25534 70
25534 71
25534 72
25534 73
25534 80
25534 81
25534 84
25534 86
25534 87
25534 88
25534 89
25534 90
25534 91
25534 92
25534 93
25534 94
25534 95
25534 96
25534 97
25534 98
25534 99
25534 101
25534 102
25534 103
25534 104
25534 105
25534 108
25534 109
25534 110
25534 111
25534 112
25534 113
25534 114
25534 115
25534 116
25534 117
25534 118
25534 119
25534 120
25534 121
25534 122
25534 123
25534 124
25534 125
25534 126
25534 127
25534 128
25534 129
25534 130
25534 131
25534 132
25534 133
25534 134
25534 135
25534 136
25534 137
25534 138
25534 139
25534 140
25534 141
25534 142
25534 143
25534 144
25534 145
25534 146
25534 147
25534 148
25534 149
25534 151
25534 152
25534 153
25534 154
25534 155
25534 156
25534 157
25534 158
25534 159
25534 160
25534 161
25534 162
25534 163
25534 164
25534 165
25534 166
25534 167
25534 168
25534 169
25534 171
25534 172
25534 173
25534 174
25534 175
25534 176
25534 177
25534 178
25534 179
25534 180
25534 181
25534 182
25534 183
25534 184
25534 185
25534 186
25534 187
25534 188
25534 189
25534 190
25534 191
25534 192
25534 193
25534 194
25534 195
25534 196
25534 197
25534 198
25534 199
25534 200
25534 201
25534 202
25534 203
25534 204
25534 205
25534 206
25534 207
25534 208
25535 0
25535 1
25535 2
25535 3
25535 4
25535 5
25535 6
25535 7
25535 8
25535 9
25535 10
25535 11
25535 12
25535 13
25535 14
25535 15
25535 16
25535 17
25535 18
25535 19
25535 20
25535 21
25535 22
25535 23
25535 24
25535 25
25535 26
25535 27
25535 28
25535 29
25535 30
25535 31
25535 32
25535 33
25535 35
25535 36
25535 37
25535 38
25535 39
25535 40
25535 41
25535 43
25535 44
25535 45
25535 46
25535 47
25535 48
25535 49
25535 50
25535 51
25535 52
25535 53
25535 54
25535 55
25535 56
25535 57
25535 58
25535 59
25535 60
25535 61
25535 62
25535 63
25535 64
25535 65
25535 66
25535 67
25535 68
25535 69
25535 70
25535 71
25535 72
25535 73
25535 74
25535 75
25535 76
25535 77
25535 78
25535 79
25535 80
25535 81
25535 82
25535 83
25535 84
25535 85
25535 86
25535 87
25535 88
25535 89
25535 90
25535 91
25535 92
25535 93
25535 94
25535 95
25535 96
25535 97
25535 98
25535 99
25535 100
25535 101
25535 102
25535 104
25535 105
25535 106
25535 107
25535 108
25535 110
25535 111
25535 112
25535 113
25535 114
25535 115
25535 116
25535 117
25535 118
25535 119
25535 120
25535 121
25535 122
25535 123
25535 124
25535 125
25535 126
25535 127
25535 128
25535 129
25535 130
25535 132
25535 133
25535 134
25535 135
25535 136
25535 137
25535 138
25535 139
25535 140
25535 141
25535 142
25535 143
25535 144
25535 145
25535 146
25535 147
25535 148
25535 149
25535 150
25535 151
25535 152
25535 154
25535 155
25535 157
25535 158
25535 159
25535 160
25535 162
25535 163
25535 164
25535 166
25535 167
25535 168
25535 169
25535 170
25535 171
25535 173
25535 174
25535 175
25535 179
25535 181
25535 182
25535 183
25535 184
25535 185
25535 186
25535 187
25535 189
25535 190
25535 191
25535 192
25535 193
25535 195
25535 196
25535 197
25535 198
25535 199
25535 201
25535 202
25536 1
25536 2
25536 3
25536 4
25536 5
25536 6
25536 7
25536 8
25536 9
25536 11
25536 12
25536 13
25536 14
25536 15
25536 16
25536 17
25536 18
25536 19
25536 20
25536 21
25536 22
25536 23
25536 24
25536 25
25536 26
25536 27
25536 28
25536 29
25536 30
25536 31
25536 33
25536 34
25536 35
25536 36
25536 37
25536 38
25536 39
25536 40
25536 41
25536 42
25536 43
25536 44
25536 45
25536 46
25536 47
25536 48
25536 49
25536 50
25536 51
25536 52
25536 53
25536 54
25536 55
25536 58
25536 60
25536 61
25536 63
25536 64
25536 65
25536 66
25536 67
25536 68
25536 69
25536 70
25536 71
25536 72
25536 73
25536 74
25536 75
25536 76
25536 77
25536 78
25536 79
25536 80
25536 81
25536 82
25536 83
25536 84
25536 85
25536 86
25536 87
25536 88
25536 89
25536 90
25536 91
25536 92
25536 93
25536 94
25536 95
25536 96
25536 97
25536 98
25536 99
25536 100
25536 101
25536 102
25536 103
25536 104
25536 105
25536 106
25536 108
25536 109
25536 110
25536 112
25536 113
25536 114
25536 115
25536 116
25536 117
25536 118
25536 119
25536 120
25536 121
25536 122
25536 123
25536 124
25536 125
25536 126
25536 127
25536 128
25536 129
25536 130
25536 131
25536 132
25536 133
25536 134
25536 135
25536 136
25536 137
25536 138
25536 139
25536 141
25536 142
25536 143
25536 144
25536 145
25536 146
25536 147
25536 148
25536 149
25536 150
25536 152
25536 153
25536 154
25536 155
25536 157
25536 158
25536 160
25536 161
25536 162
25536 163
25536 164
25536 165
25536 166
25536 167
25536 168
25536 170
25536 171
25536 175
25536 176
25536 177
25536 178
25536 179
25536 182
25536 183
25536 185
25536 186
25536 187
25536 188
25536 189
25536 190
25536 192
25536 193
25536 194
25536 197
25536 198
25536 201
25536 203
25536 204
25536 205
25536 207
25537 0
25537 1
25537 2
25537 3
25537 4
25537 5
25537 6
25537 7
25537 8
25537 9
25537 10
25537 11
25537 12
25537 13
25537 14
25537 15
25537 16
25537 17
25537 18
25537 19
25537 20
25537 21
25537 22
25537 23
25537 24
25537 25
25537 26
25537 27
25537 28
25537 29
25537 30
25537 31
25537 32
25537 33
25537 34
25537 35
25537 36
25537 37
25537 38
25537 39
25537 40
25537 41
25537 42
25537 43
25537 44
25537 45
25537 46
25537 47
25537 48
25537 49
25537 50
25537 51
25537 52
25537 53
25537 54
25537 55
25537 56
25537 57
25537 58
25537 59
25537 60
25538 0
25538 1
25538 2
25538 3
25538 5
25538 6
25538 7
25538 8
25538 9
25538 10
25538 11
25538 12
25538 13
25538 14
25538 15
25538 16
25538 17
25538 18
25538 19
25538 20
25538 21
25538 22
25538 23
25538 26
25538 27
25538 28
25538 29
25538 30
25538 31
25538 32
25538 33
25538 34
25538 35
25538 36
25538 37
25538 38
25538 39
25538 40
25538 41
25538 42
25538 43
25538 44
25538 45
25538 46
25538 47
25538 48
25538 49
25538 50
25538 51
25538 52
25538 53
25538 54
25538 55
25538 56
25538 57
25538 58
25538 59
25538 60
25538 61
25538 62
25538 63
25538 64
25538 65
25538 66
25538 67
25538 68
25538 69
25538 70
25538 71
25538 72
25538 73
25538 74
25538 75
25538 76
25538 77
25538 78
25538 79
25538 80
25538 81
25538 82
25538 83
25538 84
25538 85
25538 86
25538 87
25538 88
25538 90
25538 91
25538 92
25538 93
25538 94
25538 95
25538 96
25538 97
25538 98
25538 99
25538 100
25538 101
25538 102
25538 103
25538 104
25538 105
25538 106
25538 107
25538 109
25538 110
25538 111
25538 112
25538 113
25538 114
25538 115
25538 116
25538 117
25538 118
25538 119
25538 120
25538 121
25538 122
25538 123
25538 124
25538 125
25538 126
25538 127
25538 128
25538 129
25538 130
25538 131
25538 132
25538 133
25538 134
25538 135
25538 136
25538 137
25538 138
25538 139
25538 140
25538 141
25538 142
25538 143
25538 144
25538 145
25538 146
25538 147
25538 148
25538 149
25538 150
25538 151
25538 152
25538 153
25538 154
25538 155
25538 156
25538 157
25538 158
25538 159
25538 160
25538 161
25538 162
25538 163
25538 164
25538 165
25538 166
25538 167
25538 168
25538 169
25538 170
25538 171
25538 172
25538 173
25538 174
25538 175
25538 176
25538 177
25538 178
25538 179
25538 180
25538 181
25538 182
25538 183
25538 184
25538 185
25538 186
25538 187
25538 188
25538 189
25538 190
25538 191
25538 192
25538 193
25538 194
25538 195
25538 196
25538 197
25538 198
25538 199
25538 200
25538 201
25538 202
25538 203
25538 204
25538 205
25538 206
25538 207
25538 208
25538 209
25538 210
25538 211
25538 212
25538 213
25538 214
25538 215
25538 216
25538 217
25538 218
25538 219
25538 220
25538 221
25538 222
25538 223
25538 224
25538 225
25538 226
25538 227
25538 228
25538 229
25538 230
25538 231
25538 232
25538 233
25538 234
25538 235
25538 236
25538 237
25538 238
25538 239
25538 240
25538 241
25538 242
25538 243
25538 245
25538 246
25538 247
25538 248
25538 249
25538 250
25538 251
25538 252
25538 253
25538 254
25538 255
25538 256
25538 257
25538 258
25538 259
25538 260
25538 261
25538 262
25538 263
25538 264
25538 265
25538 266
25538 267
25538 268
25538 269
25538 270
25538 271
25538 272
25538 273
25538 274
25538 275
25538 276
25538 277
25538 278
25538 279
25538 280
25538 281
25539 0
25539 1
25539 2
25539 3
25539 4
25539 7
25539 8
25539 9
25539 10
25539 13
25539 18
25539 20
25539 22
25539 23
25539 24
25539 25
25539 26
25539 27
25539 28
25539 29
25539 30
25539 31
25539 32
25539 34
25539 35
25539 36
25539 38
25539 39
25539 40
25539 41
25539 43
25539 48
25539 49
25539 50
25539 51
25539 52
25539 54
25539 55
25539 56
25539 57
25539 59
25539 60
25539 62
25539 63
25539 64
25539 66
25539 67
25539 69
25539 70
25539 71
25539 72
25539 75
25539 76
25539 78
25539 79
25539 80
25539 81
25539 82
25539 85
25539 86
25539 88
25539 89
25539 90
25539 94
25539 97
25539 98
25539 100
25539 102
25539 103
25539 104
25539 105
25539 106
25539 107
25539 111
25539 112
25539 113
25539 114
25539 115
25539 117
25539 118
25539 119
25539 120
25539 121
25539 123
25539 124
25539 125
25539 126
25539 127
25539 128
25539 129
25539 130
25539 133
25539 135
25539 136
25539 137
25539 138
25539 139
25539 140
25539 141
25539 142
25539 145
25539 146
25539 147
25539 148
25539 149
25539 150
25539 151
25539 152
25542 0
25542 1
25542 2
25542 3
25542 4
25542 5
25542 6
25542 7
25542 8
25542 9
25542 10
25542 11
25542 12
25542 13
25542 14
25542 15
25542 16
25542 17
25542 18
25542 19
25542 20
25542 21
25542 22
25542 23
25542 24
25542 25
25542 26
25542 27
25542 28
25542 29
25542 30
25542 31
25542 32
25542 33
25542 34
25542 35
25542 36
25542 37
25542 38
25543 0
25543 1
25543 2
25543 3
25543 4
25543 5
25543 6
25543 7
25543 8
25543 9
25543 10
25543 11
25543 12
25543 13
25543 14
25543 15
25543 16
25543 17
25543 18
25543 19
25543 20
25543 21
25543 22
25543 23
25543 24
25543 25
25543 26
25543 27
25543 28
25543 29
25543 30
25543 31
25543 32
25543 33
25543 34
25543 35
25543 36
25543 37
25543 38
25543 39
25543 40
25543 41
25543 42
25543 43
25543 44
25543 45
25543 46
25543 48
25543 49
25543 50
25543 51
25543 52
25543 53
25543 54
25543 55
25543 56
25543 57
25543 58
25543 59
25543 60
25543 61
25543 62
25543 63
25543 64
25543 65
25543 66
25543 67
25543 68
25543 69
25543 70
25543 71
25543 72
25543 73
25543 74
25543 75
25543 76
25543 77
25543 78
25543 79
25543 80
25543 81
25543 82
25543 83
25544 0
25544 1
25544 2
25544 3
25544 4
25544 5
25544 6
25544 7
25544 8
25544 9
25544 10
25544 11
25544 12
25544 13
25544 14
25544 15
25544 16
25544 17
25544 18
25544 19
25544 20
25544 21
25544 22
25544 23
25544 24
25544 25
25544 26
25544 27
25544 28
25544 29
25544 30
25544 31
25544 32
25544 33
25544 34
25544 35
25544 36
25544 37
25544 38
25544 39
25544 40
25544 41
25544 42
25544 43
25544 44
25544 45
25544 46
25544 47
25544 48
25544 49
25544 50
25544 51
25544 52
25544 53
25544 54
25544 55
25544 56
25544 57
25544 58
25544 59
25544 61
25544 62
25544 63
25544 64
25544 65
25544 66
25544 67
25544 68
25544 69
25544 70
25544 71
25544 72
25544 73
25544 74
25544 75
25544 76
25544 77
25544 78
25544 79
25544 80
25544 81
25544 82
25544 83
25544 84
25544 85
25544 86
25544 87
25544 88
25544 89
25544 90
25544 91
25544 92
25544 93
25544 94
25544 95
25544 96
25544 97
25544 98
25544 99
25544 100
25544 101
25544 102
25544 103
25544 104
25544 105
25544 106
25544 107
25544 108
25544 109
25544 110
25544 111
25544 112
25544 113
25544 114
25544 115
25544 116
25544 117
25544 118
25544 119
25544 120
25544 121
25544 122
25544 124
25544 126
25544 127
25544 128
25544 129
25544 130
25544 131
25544 132
25544 133
25544 134
25544 135
25544 136
25544 137
25544 138
25544 139
25544 140
25544 141
25544 142
25544 143
25544 144
25544 145
25544 146
25544 147
25544 148
25544 149
25544 150
25544 151
25544 152
25544 153
25544 154
25544 155
25544 156
25544 157
25544 158
25544 159
25544 160
25544 161
25544 162
25544 163
25544 164
25544 165
25544 166
25544 167
25544 168
25544 169
25544 170
25544 171
25544 172
25544 173
25544 174
25544 175
25544 176
25544 177
25544 178
25544 179
25544 180
25544 184
25544 185
25544 186
25544 187
25544 188
25544 189
25544 190
25544 191
25544 192
25544 193
25544 194
25544 195
25544 196
25544 197
25544 198
25544 199
25544 200
25544 201
25544 202
25544 203
25544 204
25544 205
25544 206
25544 207
25544 209
25544 210
25544 211
25544 212
25544 213
25544 214
25544 215
25544 216
25544 217
25544 218
25544 219
25544 220
25544 221
25544 222
25544 223
25544 224
25544 225
25544 226
25544 227
25544 228
25544 229
25544 230
25544 231
25544 232
25544 233
25544 234
25544 235
25544 236
25544 237
25544 238
25544 239
25544 240
25544 241
25544 242
25544 243
25544 244
25544 245
25544 246
25544 247
25544 248
25544 249
25544 250
25544 251
25544 252
25544 253
25544 254
25544 255
25544 256
25544 257
25544 258
25544 259
25544 260
25544 261
25544 262
25544 265
25544 266
25544 267
25544 268
25544 269
25544 270
25544 271
25544 272
25544 273
25544 274
25544 275
25544 276
25544 277
25544 278
25544 279
25544 280
25544 281
25544 282
25544 283
25544 284
25544 285
25544 286
25544 287
25544 288
25544 289
25544 290
25545 0
25545 1
25545 2
25545 3
25545 4
25545 5
25545 6
25545 7
25545 8
25545 9
25545 10
25545 11
25545 12
25545 13
25545 14
25545 15
25545 16
25545 17
25545 18
25545 19
25545 20
25545 21
25545 22
25545 23
25545 24
25545 25
25545 26
25545 27
25545 28
25545 29
25545 30
25545 31
25545 32
25545 33
25545 34
25545 35
25545 36
25545 37
25545 38
25545 39
25545 40
25545 41
25545 42
25545 43
25545 44
25545 45
25545 46
25545 47
25545 48
25545 49
25545 50
25545 51
25545 52
25545 53
25545 54
25545 55
25545 56
25545 57
25545 58
25545 59
25545 60
25545 61
25545 62
25545 63
25545 64
25545 65
25545 66
25545 67
25545 68
25545 69
25545 70
25545 71
25545 72
25545 73
25545 74
25545 75
25545 76
25545 77
25545 78
25545 79
25545 80
25545 81
25545 82
25545 84
25545 85
25545 86
25545 87
25545 88
25545 89
25545 90
25545 91
25545 92
25545 93
25545 94
25545 95
25545 96
25545 97
25545 98
25545 99
25545 100
25545 101
25545 102
25545 103
25545 104
25545 105
25545 106
25545 107
25545 108
25545 109
25545 110
25545 111
25545 112
25545 113
25545 114
25545 115
25545 116
25545 117
25545 118
25545 119
25545 120
25545 121
25545 122
25545 123
25545 124
25545 125
25545 127
25545 128
25545 129
25545 130
25545 131
25545 132
25545 133
25545 134
25545 135
25545 136
25545 137
25545 138
25545 139
25545 140
25545 141
25545 142
25545 143
25545 144
25545 145
25546 0
25546 1
25546 2
25546 3
25546 4
25546 5
25546 6
25546 7
25546 8
25546 9
25546 10
25546 11
25546 12
25546 13
25546 14
25546 15
25546 16
25546 17
25546 18
25546 19
25546 20
25546 21
25546 22
25546 23
25546 24
25546 25
25546 26
25546 27
25546 28
25546 29
25546 30
25546 31
25546 32
25546 33
25546 34
25546 35
25546 36
25546 37
25546 38
25546 39
25546 40
25546 41
25546 42
25546 43
25546 44
25546 45
25546 46
25546 47
25546 48
25546 49
25546 50
25546 51
25546 52
25546 53
25546 54
25546 55
25546 56
25546 57
25546 58
25546 59
25546 60
25546 61
25546 62
25546 63
25546 64
25546 65
25546 66
25546 67
25546 68
25546 69
25546 70
25546 71
25546 72
25546 73
25546 74
25546 75
25546 76
25546 77
25546 78
25546 79
25546 80
25546 81
25546 82
25546 83
25546 84
25546 85
25546 86
25546 87
25546 88
25546 89
25546 90
25546 91
25546 92
25546 93
25546 94
25546 95
25546 96
25546 97
25546 98
25546 100
25546 101
25546 102
25546 103
25546 104
25546 105
25546 106
25546 107
25546 108
25546 109
25546 110
25546 111
25546 112
25546 113
25546 114
25546 115
25546 116
25546 117
25546 118
25546 119
25546 120
25546 121
25546 122
25546 123
25546 124
25546 125
25546 126
25546 127
25546 128
25546 129
25546 130
25546 131
25546 132
25546 133
25546 134
25546 135
25546 136
25546 137
25546 138
25546 139
25546 140
25546 141
25546 142
25546 143
25546 144
25546 145
25546 146
25546 147
25546 148
25546 149
25546 150
25546 151
25546 152
25546 153
25546 154
25546 155
25546 156
25546 157
25546 158
25546 159
25546 160
25546 161
25546 162
25546 163
25546 164
25546 165
25546 166
25546 167
25546 168
25546 169
25546 170
25546 171
25546 172
25546 173
25546 174
25546 175
25546 176
25546 177
25546 178
25546 179
25546 180
25546 181
25546 182
25546 183
25546 184
25546 185
25546 186
25546 187
25546 188
25546 189
25547 0
25547 1
25547 2
25547 3
25547 4
25547 5
25547 6
25547 7
25547 8
25547 9
25547 10
25547 11
25547 12
25547 13
25547 14
25547 15
25547 16
25547 17
25547 18
25547 19
25547 20
25547 21
25547 22
25547 23
25547 24
25547 25
25547 26
25547 27
25547 28
25547 29
25547 30
25547 31
25547 32
25547 33
25547 34
25547 35
25547 36
25547 37
25547 38
25547 39
25547 40
25547 41
25547 42
25547 43
25547 44
25547 45
25547 46
25547 47
25547 48
25547 49
25547 50
25547 51
25547 52
25547 53
25547 54
25547 55
25547 56
25547 57
25547 58
25547 59
25547 60
25547 61
25547 62
25547 63
25547 64
25547 65
25547 66
25547 67
25547 68
25547 69
25547 70
25547 71
25547 72
25547 73
25547 74
25547 75
25547 76
25547 77
25547 78
25547 79
25547 80
25547 81
25547 82
25547 83
25547 84
25547 85
25547 86
25547 87
25547 88
25547 89
25547 90
25547 91
25547 92
25547 93
25547 94
25547 95
25547 96
25547 97
25547 98
25547 99
25547 100
25547 101
25547 102
25547 103
25547 104
25547 105
25547 106
25547 107
25547 108
25547 109
25547 110
25547 111
25547 112
25547 113
25547 114
25547 115
25547 116
25547 117
25547 118
25547 119
25547 120
25547 121
25547 122
25547 123
25547 124
25547 125
25547 126
25547 127
25547 128
25547 129
25547 130
25547 131
25547 132
25547 133
25547 134
25547 135
25547 136
25547 137
25547 138
25547 139
25547 140
25547 141
25547 142
25547 143
25547 144
25547 145
25547 146
25547 147
25547 148
25547 149
25547 150
25547 151
25547 152
25547 153
25547 154
25547 155
25547 156
25547 157
25547 158
25547 159
25547 160
25547 161
25547 162
25547 163
25547 164
25547 165
25547 166
25547 167
25547 168
25547 169
25547 170
25547 171
25547 172
25547 173
25547 174
25547 175
25547 176
25547 178
25547 179
25547 180
25547 181
25547 182
25547 183
25547 184
25547 185
25547 186
25547 187
25547 188
25547 189
25547 190
25547 191
25547 192
25547 193
25547 194
25547 195
25547 196
25547 197
25547 198
25547 199
25547 200
25547 201
25547 202
25547 203
25547 204
25547 205
25547 206
25547 207
25547 208
25547 211
25547 212
25547 213
25547 214
25547 215
25547 216
25547 217
25547 218
25547 219
25547 220
25547 221
25547 222
25547 223
25547 224
25547 225
25547 226
25547 227
25547 228
25547 230
25547 231
25547 232
25547 233
25547 234
25547 235
25547 236
25547 237
25547 238
25547 239
25547 240
25547 241
25547 242
25547 243
25547 244
25547 245
25547 246
25547 247
25547 248
25547 249
25547 250
25547 251
25547 252
25547 253
25547 254
25547 255
25547 256
25547 257
25547 258
25547 260
25547 261
25547 262
25547 263
25547 264
25547 265
25547 266
25547 267
25547 268
25547 269
25547 270
25547 271
25547 272
25547 273
25547 274
25547 275
25547 276
25547 277
25547 278
25547 279
25547 280
25547 281
25547 282
25547 283
25547 284
25547 285
25547 286
25547 287
25547 288
25547 291
25547 295
25547 296
25547 297
25547 298
25547 299
25547 301
25547 303
25547 304
25547 305
25547 306
25547 307
25547 308
25547 309
25547 310
25547 311
25547 312
25547 313
25547 315
25547 316
25547 319
25547 320
25547 321
25547 322
25547 323
25547 325
25547 326
25547 327
25547 329
25547 330
25547 331
25547 332
25547 333
25547 334
25547 335
25547 337
25547 339
25547 340
25547 341
25547 343
25547 345
25547 346
25547 347
25547 348
25547 349
25547 350
25547 351
25547 352
25547 353
25547 354
25547 355
25547 357
25547 358
25547 359
25547 361
25547 363
25547 365
25547 366
25547 367
25547 368
25547 369
25547 370
25547 371
25547 372
25547 373
25547 374
25547 375
25547 377
25547 378
25547 379
25547 380
25547 381
25547 382
25547 383
25547 384
25547 385
25547 386
25547 388
25547 389
25547 390
25547 391
25547 392
25547 393
25547 395
25547 396
25547 397
25547 398
25547 399
25547 400
25547 401
25547 402
25547 403
25547 404
25547 405
25547 406
25547 407
25547 409
25547 410
25547 411
25547 412
25547 413
25547 414
25547 415
25547 418
25547 419
25547 420
25547 421
25547 423
25547 424
25547 425
25547 426
25547 428
25547 429
25547 430
25547 432
25547 433
25547 434
25547 435
25547 436
25547 437
25547 438
25547 439
25547 440
25547 441
25547 443
25547 444
25547 445
25547 446
25547 447
25547 448
25547 449
25547 450
25547 452
25547 453
25547 454
25547 455
25547 457
25547 459
25547 460
25547 461
25547 462
25547 463
25547 464
25547 465
25547 466
25547 467
25547 471
25547 472
25547 473
25547 474
25547 476
25547 477
25547 479
25547 481
25547 482
25547 483
25547 485
25547 488
25547 489
25547 490
25547 491
25547 493
25547 496
25547 497
25547 498
25547 499
25547 504
25547 505
25547 507
25547 508
25547 509
25547 510
25547 511
25547 512
25547 513
25547 515
25547 516
25547 518
25547 519
25547 520
25547 522
25547 523
25547 524
25547 525
25547 527
25547 528
25547 529
25547 530
25547 531
25547 532
25547 535
25547 536
25547 537
25547 538
25547 540
25548 0
25548 1
25548 2
25548 3
25548 4
25548 5
25548 6
25548 7
25548 8
25548 9
25548 10
25548 11
25548 12
25548 13
25548 14
25548 15
25548 16
25548 17
25548 18
25548 19
25548 20
25548 21
25548 22
25548 23
25548 24
25548 25
25548 26
25548 27
25548 28
25548 29
25548 30
25548 31
25548 32
25548 33
25548 34
25548 35
25548 36
25548 37
25548 38
25548 39
25548 40
25548 41
25548 42
25548 43
25548 44
25548 45
25548 46
25548 47
25548 48
25548 49
25548 50
25548 51
25548 52
25548 53
25548 54
25548 55
25548 56
25548 57
25548 58
25548 59
25548 60
25548 61
25548 62
25548 63
25548 64
25548 65
25548 66
25548 67
25548 68
25548 69
25548 70
25548 71
25548 72
25548 73
25548 74
25548 75
25548 76
25548 77
25548 78
25548 79
25548 80
25548 81
25548 82
25548 83
25548 84
25548 85
25548 86
25548 87
25548 88
25548 89
25548 90
25548 91
25548 92
25548 93
25548 94
25548 95
25548 96
25548 97
25548 98
25548 99
25548 100
25548 101
25548 102
25548 103
25548 104
25548 105
25548 106
25548 107
25548 108
25548 109
25548 110
25548 111
25548 112
25548 113
25548 114
25548 115
25548 116
25548 117
25548 118
25548 119
25548 120
25548 121
25548 122
25548 123
25548 125
25548 126
25548 127
25548 128
25548 129
25548 130
25548 131
25548 132
25548 133
25548 134
25548 135
25548 136
25548 137
25548 138
25548 139
25548 140
25548 141
25548 142
25548 143
25548 144
25548 145
25548 146
25548 147
25548 148
25548 149
25548 150
25548 151
25548 152
25548 153
25548 154
25548 155
25548 156
25548 157
25548 158
25548 159
25548 160
25548 161
25548 162
25548 163
25548 164
25548 165
25548 166
25548 167
25548 168
25548 169
25548 170
25548 171
25548 172
25548 173
25548 174
25548 175
25548 176
25548 177
25548 178
25548 179
25548 180
25548 181
25548 182
25548 183
25548 184
25548 185
25548 186
25548 187
25548 188
25548 189
25548 190
25548 191
25548 192
25548 193
25548 194
25548 195
25548 196
25548 197
25548 198
25548 199
25548 200
25548 201
25548 202
25548 203
25548 204
25548 205
25548 206
25548 207
25548 208
25548 209
25548 210
25548 211
25548 212
25548 213
25548 214
25548 216
25548 217
25548 218
25548 219
25548 220
25548 221
25548 222
25548 223
25548 224
25548 225
25548 226
25548 227
25548 228
25548 229
25548 230
25548 231
25548 232
25548 233
25548 234
25548 235
25548 236
25548 237
25548 238
25548 239
25548 240
25548 241
25548 242
25548 243
25548 244
25548 245
25548 246
25548 247
25548 248
25548 249
25548 250
25548 251
25548 252
25548 253
25548 254
25548 255
25548 256
25548 257
25548 259
25548 260
25548 261
25548 262
25548 263
25548 264
25548 265
25548 266
25548 267
25548 268
25548 269
25548 270
25548 271
25548 272
25548 273
25548 274
25548 275
25548 276
25548 277
25548 278
25548 279
25548 280
25548 281
25548 282
25548 283
25548 284
25548 285
25548 286
25548 287
25548 288
25548 289
25548 290
25548 291
25548 292
25548 293
25548 294
25548 295
25548 296
25548 297
25548 298
25548 299
25548 300
25548 301
25548 302
25549 0
25549 1
25549 2
25549 3
25549 4
25549 5
25549 6
25549 7
25549 8
25549 9
25549 10
25549 11
25549 12
25549 13
25549 14
25549 17
25549 18
25549 19
25549 20
25549 21
25549 22
25549 24
25549 25
25549 26
25549 27
25549 28
25549 29
25549 30
25549 31
25549 32
25549 33
25549 34
25549 35
25549 36
25549 37
25549 38
25549 39
25549 40
25550 3
25550 10
25550 13
25550 16
25550 18
25550 19
25550 20
25550 21
25550 25
25550 26
25550 27
25550 28
25550 29
25550 30
25550 31
25550 32
25550 36
25550 38
25550 40
25550 42
25550 43
25550 44
25550 48
25550 50
25550 52
25550 53
25550 54
25550 56
25550 58
25550 59
25550 61
25550 65
25550 66
25550 67
25550 68
25550 70
25551 0
25551 1
25551 2
25551 3
25551 4
25551 5
25551 6
25551 7
25551 8
25551 9
25551 10
25551 14
25551 15
25551 16
25551 17
25551 18
25551 19
25551 20
25551 21
25551 22
25551 23
25551 24
25551 25
25551 27
25551 28
25551 29
25551 30
25551 31
25551 32
25551 33
25551 34
25551 35
25551 36
25551 37
25552 0
25552 1
25552 2
25552 3
25552 4
25552 5
25552 6
25552 7
25552 8
25552 9
25552 10
25552 11
25552 12
25552 13
25552 14
25552 15
25552 16
25552 17
25552 18
25552 19
25552 20
25552 21
25552 22
25552 23
25552 24
25552 25
25552 26
25552 27
25552 28
25552 29
25552 30
25552 31
25552 32
25552 33
25552 34
25552 35
25552 36
25552 37
25552 38
25552 39
25552 40
25552 41
25552 42
25552 43
25552 45
25552 46
25552 47
25552 48
25552 49
25552 51
25552 52
25552 53
25552 54
25552 55
25552 56
25552 57
25552 58
25552 59
25552 60
25552 61
25552 62
25552 63
25552 64
25552 65
25552 66
25552 67
25552 68
25552 69
25552 70
25552 71
25552 72
25552 73
25552 74
25552 75
25552 76
25552 77
25552 78
25552 79
25552 80
25552 81
25552 82
25552 83
25552 84
25552 85
25552 86
25552 87
25552 88
25552 89
25552 90
25552 91
25552 92
25552 93
25552 94
25552 95
25552 96
25552 97
25552 98
25552 99
25552 100
25552 101
25552 102
25552 103
25552 104
25552 105
25552 106
25552 107
25552 108
25552 109
25552 110
25552 111
25552 112
25552 113
25552 114
25552 115
25552 116
25552 117
25552 118
25552 119
25552 120
25552 121
25552 122
25552 123
25552 124
25552 125
25552 126
25552 127
25552 128
25552 129
25552 130
25552 131
25552 132
25552 133
25552 134
25552 135
25552 136
25552 137
25552 138
25552 139
25552 140
25552 141
25552 142
25552 143
25552 144
25552 145
25552 146
25552 147
25552 148
25552 149
25552 150
25552 151
25552 152
25552 153
25552 155
25552 156
25552 157
25552 158
25552 159
25552 160
25552 161
25552 162
25552 163
25552 164
25552 165
25552 166
25552 167
25552 168
25552 169
25552 170
25552 171
25552 172
25552 173
25552 174
25552 175
25552 176
25552 177
25552 178
25552 179
25552 180
25552 181
25552 182
25552 183
25552 184
25552 185
25552 186
25552 187
25552 188
25552 189
25552 190
25552 191
25552 192
25552 193
25552 194
25552 195
25552 196
25552 197
25552 198
25552 199
25552 200
25552 201
25552 202
25552 203
25552 204
25552 205
25552 206
25552 207
25552 208
25552 209
25552 210
25552 211
25552 212
25552 213
25552 214
25552 215
25552 216
25552 217
25552 218
25552 219
25552 220
25552 221
25552 222
25552 223
25552 224
25552 225
25552 226
25552 227
25552 228
25552 229
25552 230
25552 231
25552 232
25552 233
25552 234
25552 235
25552 236
25552 237
25552 238
25552 239
25552 240
25552 241
25552 242
25552 243
25552 244
25552 245
25552 246
25552 247
25552 248
25552 249
25553 0
25553 1
25553 2
25553 3
25553 4
25553 5
25553 6
25553 7
25553 8
25553 9
25553 10
25553 11
25553 12
25553 13
25553 14
25553 15
25553 16
25553 17
25553 18
25553 19
25553 20
25553 21
25553 22
25553 23
25553 24
25553 25
25553 26
25553 27
25553 28
25553 29
25553 30
25553 31
25553 32
25553 33
25553 34
25553 35
25553 36
25553 37
25553 38
25553 39
25553 40
25553 41
25553 42
25553 43
25553 44
25553 46
25553 47
25553 48
25553 49
25553 50
25553 51
25553 52
25553 53
25553 54
25553 55
25553 56
25553 57
25553 58
25553 59
25553 60
25553 61
25553 62
25553 63
25553 64
25553 65
25553 66
25553 67
25553 68
25553 69
25553 70
25553 71
25553 72
25553 73
25553 74
25553 75
25553 76
25553 77
25553 78
25553 79
25553 80
25553 81
25553 82
25553 83
25553 84
25553 85
25553 86
25553 87
25553 88
25553 89
25553 90
25553 91
25553 92
25553 93
25553 94
25553 95
25553 96
25553 97
25553 98
25553 99
25553 100
25553 101
25553 102
25553 103
25553 104
25553 105
25553 106
25553 107
25553 108
25553 109
25553 110
25553 111
25553 112
25553 113
25553 114
25553 115
25553 116
25553 117
25553 118
25553 119
25553 120
25553 121
25553 122
25553 123
25553 124
25553 125
25553 126
25553 127
25553 128
25553 129
25553 130
25553 131
25553 132
25553 133
25553 134
25553 135
25553 136
25553 137
25553 138
25553 139
25553 140
25553 141
25553 142
25553 143
25553 144
25553 145
25553 146
25553 147
25553 148
25553 149
25553 150
25553 151
25553 152
25553 153
25553 154
25553 155
25553 156
25553 157
25553 158
25553 159
25553 160
25553 161
25553 162
25553 163
25553 164
25553 165
25553 166
25553 167
25553 168
25553 169
25553 170
25553 171
25553 172
25553 173
25553 174
25553 175
25553 176
25553 177
25553 178
25553 179
25553 180
25553 181
25553 182
25553 183
25553 184
25553 185
25553 186
25553 187
25553 188
25553 189
25553 190
25553 191
25553 192
25553 193
25553 194
25553 195
25553 196
25553 197
25553 198
25553 199
25553 200
25553 201
25553 202
25553 203
25553 204
25553 205
25553 206
25553 207
25553 208
25553 209
25553 210
25553 211
25553 212
25553 213
25554 0
25554 1
25554 2
25554 3
25554 4
25554 5
25554 6
25554 7
25554 8
25554 9
25554 10
25554 11
25554 12
25554 13
25554 14
25554 15
25554 16
25554 17
25554 18
25554 19
25554 20
25554 21
25554 22
25554 23
25554 24
25554 25
25554 26
25554 27
25554 28
25554 29
25554 30
25554 31
25554 32
25554 33
25554 34
25554 35
25554 36
25554 37
25554 38
25554 39
25554 40
25554 41
25554 42
25554 43
25554 44
25554 45
25554 46
25554 47
25554 48
25554 49
25554 50
25554 51
25554 52
25554 53
25554 54
25554 55
25554 56
25554 57
25554 58
25554 59
25554 60
25554 61
25554 62
25554 63
25554 64
25554 65
25554 66
25554 67
25554 68
25554 69
25554 70
25554 71
25554 72
25554 73
25554 74
25554 75
25554 76
25554 77
25554 78
25554 79
25554 80
25554 81
25554 82
25554 83
25554 84
25554 85
25554 86
25554 87
25554 88
25554 89
25554 90
25554 91
25554 92
25554 93
25554 94
25554 95
25554 96
25554 97
25554 98
25554 99
25554 100
25554 101
25554 102
25554 103
25554 104
25554 105
25554 106
25554 107
25554 108
25554 109
25554 110
25554 111
25554 112
25554 113
25554 114
25554 115
25554 116
25554 117
25554 118
25554 119
25554 120
25554 121
25554 122
25554 123
25554 124
25554 125
25554 126
25554 127
25554 128
25554 129
25554 130
25554 138
25554 139
25554 140
25554 141
25554 142
25554 143
25554 144
25554 145
25554 146
25554 147
25554 148
25554 149
25554 150
25554 151
25554 152
25554 153
25554 154
25554 155
25554 156
25554 157
25554 158
25554 159
25554 160
25554 161
25554 162
25554 163
25554 164
25554 165
25554 166
25554 167
25554 168
25554 169
25554 170
25554 171
25554 172
25554 173
25554 174
25554 175
25554 176
25554 177
25554 178
25554 179
25554 180
25554 181
25554 182
25554 183
25554 184
25554 185
25554 186
25554 189
25554 190
25554 191
25554 192
25554 193
25554 194
25554 195
25554 196
25554 197
25554 198
25554 199
25554 200
25554 201
25554 202
25554 203
25554 205
25554 206
25554 207
25554 208
25554 209
25554 210
25554 211
25554 212
25554 213
25554 214
25554 215
25554 216
25554 217
25554 218
25554 219
25554 220
25554 221
25554 222
25554 224
25554 225
25554 226
25554 228
25554 229
25554 230
25554 231
25554 232
25554 233
25554 234
25554 237
25554 238
25554 239
25554 240
25554 241
25554 242
25554 243
25554 244
25554 245
25554 246
25554 247
25554 249
25554 250
25554 251
25554 252
25554 253
25554 254
25554 255
25554 256
25554 257
25554 258
25554 259
25554 260
25554 261
25554 262
25554 263
25554 264
25554 265
25554 266
25554 267
25554 268
25554 269
25554 270
25554 271
25554 272
25554 274
25554 275
25554 276
25554 277
25554 279
25554 280
25554 281
25554 282
25554 283
25554 285
25554 286
25554 287
25554 288
25554 289
25554 290
25554 291
25554 292
25554 293
25554 294
25554 295
25554 296
25554 297
25554 298
25554 299
25554 300
25554 302
25554 304
25554 305
25554 306
25554 307
25554 308
25554 309
25554 310
25554 311
25554 312
25554 313
25554 314
25554 315
25554 316
25554 317
25554 318
25554 319
25554 320
25554 321
25554 322
25554 323
25554 324
25554 325
25554 326
25554 328
25554 329
25554 330
25554 331
25554 332
25554 334
25554 335
25554 336
25554 337
25554 338
25554 339
25554 341
25554 342
25554 343
25554 344
25554 345
25554 346
25554 347
25554 348
25554 349
25554 350
25554 351
25554 352
25554 353
25554 354
25554 355
25554 356
25554 357
25554 358
25554 359
25554 360
25554 361
25554 362
25554 363
25554 364
25554 365
25554 366
25554 367
25554 369
25554 370
25554 371
25554 373
25554 374
25554 375
25554 376
25554 377
25554 378
25554 379
25554 381
25554 382
25554 383
25554 384
25554 385
25554 386
25554 387
25554 388
25554 389
25554 390
25554 391
25554 392
25554 393
25554 394
25554 395
25554 396
25554 397
25554 398
25554 400
25554 401
25554 402
25554 403
25554 404
25554 405
25554 406
25554 407
25554 408
25554 409
25554 410
25554 411
25554 413
25554 414
25554 415
25554 417
25554 418
25554 419
25554 420
25554 421
25554 422
25554 423
25554 424
25554 425
25554 426
25554 427
25554 428
25554 429
25554 430
25554 431
25554 432
25554 433
25554 434
25554 435
25554 436
25554 437
25554 438
25554 439
25554 440
25554 441
25554 442
25554 443
25554 444
25554 445
25554 446
25554 448
25554 449
25554 450
25554 452
25554 453
25554 454
25554 455
25554 456
25554 457
25554 458
25554 459
25554 460
25554 461
25554 462
25554 463
25554 464
25554 465
25554 466
25554 467
25554 468
25554 469
25554 470
25554 471
25554 472
25554 473
25554 474
25554 475
25554 476
25554 477
25554 478
25555 0
25555 2
25555 3
25555 4
25555 5
25555 6
25555 7
25555 8
25555 9
25555 10
25555 11
25555 12
25555 13
25555 14
25555 15
25555 16
25555 17
25555 18
25555 20
25555 22
25555 23
25555 24
25555 25
25555 26
25555 27
25555 28
25555 29
25555 30
25555 31
25555 32
25555 33
25555 34
25555 35
25555 36
25555 37
25555 38
25555 39
25555 40
25555 41
25555 42
25555 43
25555 44
25555 45
25555 46
25555 47
25555 48
25555 49
25555 50
25555 51
25555 52
25555 53
25555 54
25555 55
25555 56
25555 57
25555 58
25555 59
25555 60
25555 61
25555 62
25555 64
25555 65
25555 66
25555 67
25555 68
25555 70
25555 72
25555 73
25555 75
25555 76
25555 77
25555 78
25555 79
25555 80
25555 81
25555 82
25555 83
25555 88
25555 90
25555 91
25555 92
25555 94
25555 95
25555 97
25555 98
25555 102
25555 103
25555 104
25555 105
25555 106
25555 107
25555 108
25555 109
25555 110
25555 111
25555 112
25555 113
25555 115
25555 116
25555 117
25555 118
25555 119
25555 120
25555 122
25555 123
25555 124
25555 126
25555 127
25555 128
25555 129
25555 130
25555 132
25555 133
25555 134
25555 135
25555 136
25555 138
25555 139
25555 141
25555 142
25555 143
25555 144
25555 145
25555 146
25555 147
25555 148
25555 149
25555 150
25555 152
25555 153
25555 154
25555 155
25555 156
25555 157
25555 158
25555 159
25555 160
25555 161
25555 162
25555 163
25555 164
25555 165
25555 166
25555 167
25555 168
25555 169
25555 170
25555 171
25555 172
25555 173
25555 174
25555 176
25555 177
25555 178
25555 179
25555 180
25555 181
25555 182
25555 183
25555 184
25555 185
25555 186
25555 187
25555 188
25555 189
25555 191
25555 192
25555 193
25555 194
25555 195
25555 196
25555 197
25555 198
25555 199
25555 200
25555 203
25555 204
25555 205
25555 206
25555 207
25555 208
25555 209
25555 210
25555 211
25555 212
25555 213
25555 214
25555 215
25555 216
25555 217
25555 218
25555 219
25555 220
25555 221
25555 222
25555 225
25555 226
25555 227
25555 228
25555 229
25555 230
25555 231
25555 232
25555 233
25555 234
25555 235
25555 236
25555 237
25555 238
25555 239
25555 240
25555 241
25555 242
25555 243
25555 244
25555 245
25555 246
25555 247
25555 248
25555 249
25555 250
25555 252
25555 253
25555 254
25555 255
25555 256
25555 257
25555 258
25555 259
25555 260
25555 261
25555 262
25555 263
25555 264
25555 265
25555 266
25555 268
25555 269
25555 271
25555 272
25555 273
25555 274
25555 275
25555 276
25555 277
25555 279
25555 280
25555 281
25555 282
25555 283
25555 284
25555 285
25555 286
25555 287
25555 288
25555 289
25555 291
25555 292
25555 293
25555 294
25555 295
25555 296
25555 297
25555 298
25555 299
25555 300
25555 301
25555 302
25555 303
25555 304
25555 306
25555 307
25555 308
25555 309
25555 310
25555 311
25555 312
25555 313
25555 314
25555 315
25555 316
25555 317
25555 318
25555 319
25555 320
25555 321
25555 322
25555 323
25555 324
25555 325
25555 326
25555 327
25555 328
25555 329
25555 330
25555 331
25555 332
25555 333
25555 334
25555 335
25555 336
25555 337
25555 338
25555 339
25555 340
25555 341
25555 342
25555 343
25555 344
25555 345
25555 346
25555 347
25555 348
25555 350
25555 351
25555 352
25555 353
25555 354
25555 355
25555 356
25555 357
25555 358
25555 359
25555 360
25555 361
25555 362
25555 363
25555 364
25555 365
25555 366
25555 368
25555 369
25555 370
25555 371
25555 372
25555 373
25555 374
25555 375
25555 376
25555 377
25555 378
25555 379
25555 380
25555 381
25555 382
25555 383
25555 385
25555 386
25555 387
25555 388
25555 390
25555 392
25555 393
25555 394
25555 395
25555 396
25555 397
25555 398
25555 399
25555 400
25555 401
25555 402
25555 403
25555 404
25555 405
25555 406
25555 407
25555 408
25555 409
25555 410
25555 411
25555 412
25555 413
25555 414
25555 415
25555 416
25555 417
25555 418
25555 419
25555 420
25555 421
25555 422
25555 423
25555 424
25555 426
25555 427
25555 428
25555 430
25555 431
25555 432
25555 433
25555 434
25555 435
25555 437
25555 439
25555 440
25555 442
25555 444
25555 445
25555 446
25555 448
25555 450
25555 452
25555 453
25555 454
25555 455
25555 456
25555 457
25555 458
25555 459
25555 460
25555 461
25555 462
25555 463
25555 464
25555 465
25555 466
25555 468
25555 469
25555 470
25555 472
25555 473
25555 475
25555 477
25555 479
25555 480
25555 481
25555 483
25555 484
25555 485
25555 486
25555 487
25555 488
25555 489
25555 491
25555 492
25555 494
25555 495
25555 496
25555 497
25555 503
25555 505
25555 506
25555 507
25555 509
25555 510
25555 511
25555 513
25555 514
25555 515
25555 516
25555 517
25555 519
25555 520
25555 525
25555 526
25555 527
25555 529
25555 531
25555 532
25555 533
25555 534
25555 535
25555 536
25555 538
25555 539
25555 542
25555 543
25555 544
25555 547
25555 551
25555 552
25555 554
25555 557
25555 558
25555 559
25559 0
25559 1
25559 2
25559 3
25559 4
25559 5
25559 6
25559 7
25559 8
25559 9
25559 10
25559 11
25559 12
25559 13
25559 14
25559 15
25559 16
25559 17
25559 18
25559 19
25559 20
25559 21
25559 22
25559 23
25559 24
25559 25
25559 26
25559 27
25559 28
25559 29
25559 30
25559 31
25559 32
25559 33
25559 34
25559 35
25559 36
25559 37
25559 38
25559 39
25559 40
25559 41
25559 42
25559 43
25559 44
25559 45
25559 47
25559 48
25559 49
25559 50
25559 51
25559 52
25559 53
25559 54
25559 55
25559 56
25559 57
25559 58
25559 59
25559 60
25559 61
25559 62
25559 63
25559 64
25559 65
25559 66
25559 67
25559 68
25559 69
25559 70
25559 71
25559 72
25559 73
25559 74
25559 75
25559 76
25559 77
25559 78
25559 79
25559 80
25559 81
25559 82
25559 83
25559 84
25559 85
25559 86
25559 87
25559 88
25559 89
25559 90
25559 91
25559 92
25559 93
25559 94
25559 95
25559 96
25559 97
25559 98
25559 99
25559 100
25559 101
25559 102
25559 103
25559 104
25559 105
25559 106
25559 107
25559 108
25559 110
25559 111
25559 112
25559 113
25559 114
25559 115
25559 116
25559 117
25559 118
25559 119
25559 120
25559 121
25559 123
25559 124
25559 125
25559 126
25559 127
25559 128
25559 129
25559 130
25559 131
25559 132
25559 133
25559 134
25559 135
25559 136
25559 137
25559 138
25559 139
25559 140
25559 141
25559 142
25559 143
25559 144
25559 145
25559 146
25559 147
25559 148
25559 149
25559 150
25559 151
25559 152
25559 153
25559 154
25559 155
25559 156
25559 157
25559 158
25559 159
25559 160
25559 161
25559 162
25559 163
25559 164
25559 165
25559 166
25559 167
25559 168
25559 169
25559 170
25559 171
25559 172
25559 173
25559 174
25559 175
25559 176
25559 177
25559 178
25559 179
25559 180
25559 181
25559 182
25559 183
25559 184
25559 185
25559 186
25559 187
25559 188
25559 189
25559 190
25559 191
25559 192
25559 193
25559 194
25559 195
25559 196
25559 197
25559 198
25559 199
25559 200
25559 201
25559 202
25559 203
25559 204
25559 205
25559 206
25559 207
25559 208
25559 209
25559 210
25559 211
25559 212
25559 213
25559 214
25559 215
25559 216
25559 218
25559 219
25559 220
25559 221
25559 222
25559 223
25559 224
25559 225
25559 226
25559 227
25559 228
25559 229
25559 230
25559 231
25559 232
25559 233
25559 234
25559 235
25559 236
25559 237
25559 238
25559 239
25559 240
25559 241
25559 242
25559 243
25559 244
25559 245
25559 246
25559 247
25559 248
25559 249
25559 250
25559 251
25559 252
25559 253
25559 254
25559 255
25559 256
25559 257
25559 258
25559 260
25559 261
25559 262
25559 263
25559 264
25559 265
25559 266
25559 267
25559 268
25559 269
25559 270
25559 271
25559 272
25559 273
25559 274
25559 275
25559 276
25559 277
25559 278
25559 279
25559 280
25559 281
25559 282
25559 283
25559 284
25559 285
25559 286
25559 287
25559 288
25559 289
25559 290
25559 291
25559 292
25559 293
25559 294
25559 295
25559 296
25559 297
25559 298
25559 299
25559 300
25559 301
25559 302
25559 303
25559 304
25559 305
25559 306
25559 307
25559 308
25559 309
25559 310
25559 311
25559 312
25559 313
25559 314
25559 315
25559 316
25559 317
25559 318
25559 319
25559 320
25559 321
25559 322
25559 323
25559 324
25559 325
25559 326
25559 327
25559 328
25559 329
25559 330
25559 331
25559 332
25559 333
25559 334
25559 335
25559 336
25559 337
25559 338
25559 339
25559 340
25559 341
25559 342
25559 343
25559 344
25559 345
25559 346
25559 347
25559 350
25559 351
25559 352
25559 353
25559 355
25559 356
25559 357
25559 358
25559 359
25559 360
25559 361
25559 362
25559 363
25559 364
25559 365
25559 368
25559 369
25559 370
25559 371
25559 372
25559 373
25559 374
25559 375
25559 376
25559 377
25559 378
25559 379
25559 380
25559 381
25559 383
25559 384
25559 385
25559 386
25559 387
25559 389
25559 390
25559 391
25559 392
25559 394
25559 395
25559 397
25559 398
25559 400
25559 401
25559 402
25559 405
25559 406
25559 407
25559 408
25559 410
25559 411
25559 413
25559 414
25559 415
25559 417
25559 419
25559 420
25559 421
25559 422
25559 423
25559 424
25559 425
25559 426
25559 427
25559 428
25559 429
25559 430
25559 431
25559 432
25559 433
25559 434
25559 435
25559 436
25559 437
25559 438
25559 439
25559 440
25559 441
25559 442
25559 443
25559 444
25559 445
25559 446
25559 447
25559 448
25559 449
25559 450
25559 452
25559 453
25559 454
25559 455
25559 456
25559 457
25559 459
25559 461
25559 462
25559 464
25559 465
25559 466
25559 467
25559 468
25559 470
25559 471
25559 472
25559 473
25559 478
25559 479
25559 480
25559 481
25559 482
25559 483
25559 484
25559 486
25559 487
25559 488
25559 489
25559 490
25559 491
25559 492
25559 493
25559 494
25559 495
25559 497
25559 498
25559 499
25559 500
25559 501
25559 502
25559 503
25559 504
25559 505
25559 508
25559 509
25559 510
25559 511
25559 512
25559 513
25559 515
25559 516
25559 517
25559 518
25559 519
25559 520
25559 521
25559 522
25559 526
25559 527
25559 528
25559 529
25559 530
25559 531
25559 532
25559 533
25559 534
25559 535
25559 537
25559 538
25559 539
25559 540
25559 541
25559 542
25559 543
25559 544
25559 545
25559 546
25559 547
25559 548
25559 549
25559 550
25559 552
25559 553
25559 554
25559 555
25559 556
25559 557
25559 560
25559 561
25559 562
25559 563
25559 564
25559 565
25559 566
25559 567
25559 568
25559 569
25562 0
25562 1
25562 2
25562 3
25562 4
25562 5
25562 6
25562 7
25562 8
25562 9
25562 10
25562 11
25562 12
25562 13
25562 14
25562 15
25562 16
25562 18
25562 19
25562 20
25564 11
25564 17
25564 21
25564 23
25564 24
25564 25
25564 33
25564 39
25564 41
25564 45
25564 49
25566 0
25566 1
25566 2
25566 3
25566 4
25566 5
25566 6
25566 7
25566 8
25566 9
25566 10
25566 11
25566 12
25566 13
25566 14
25566 16
25566 17
25566 18
25566 19
25566 20
25566 21
25566 22
25566 23
25566 24
25566 25
25566 26
25566 27
25566 28
25566 29
25566 30
25566 31
25566 32
25566 33
25566 34
25566 35
25566 36
25566 37
25566 38
25566 39
25566 40
25566 41
25566 42
25566 43
25566 44
25566 45
25566 46
25566 47
25566 48
25566 49
25566 50
25566 51
25566 52
25566 53
25566 54
25566 55
25566 56
25566 57
25566 58
25566 59
25566 60
25566 61
25566 62
25566 63
25566 64
25566 65
25566 66
25566 67
25566 68
25566 69
25566 70
25566 71
25566 72
25566 73
25566 74
25566 75
25566 76
25566 77
25566 78
25566 79
25566 80
25566 81
25566 82
25566 83
25566 84
25566 85
25566 86
25566 87
25566 88
25566 89
25566 90
25566 91
25566 92
25566 93
25566 94
25566 95
25566 96
25566 97
25566 98
25566 99
25566 100
25566 101
25566 102
25566 103
25566 104
25566 105
25566 106
25566 107
25566 108
25566 109
25566 110
25566 111
25566 112
25566 113
25566 114
25566 115
25566 116
25566 117
25566 118
25566 119
25566 120
25566 121
25566 122
25566 123
25566 124
25566 125
25566 126
25566 127
25566 128
25566 129
25566 130
25566 131
25566 132
25566 133
25566 134
25566 135
25566 136
25566 137
25566 138
25566 139
25566 140
25566 141
25566 142
25566 143
25566 145
25566 146
25566 147
25566 148
25566 149
25566 150
25566 151
25566 152
25566 153
25566 154
25566 155
25566 156
25567 0
25567 1
25567 2
25567 3
25567 4
25567 5
25567 6
25567 7
25567 8
25567 9
25567 11
25567 12
25567 13
25567 14
25567 15
25567 16
25567 17
25567 18
25567 19
25567 20
25567 21
25567 22
25567 23
25567 24
25567 25
25567 26
25567 27
25567 28
25567 29
25567 30
25568 0
25568 1
25568 2
25568 3
25568 4
25568 5
25568 6
25568 7
25568 8
25568 9
25568 10
25568 11
25568 12
25568 13
25568 14
25568 15
25568 16
25568 17
25568 18
25568 19
25568 20
25568 21
25568 22
25568 23
25568 24
25568 25
25568 26
25568 27
25568 28
25568 29
25568 30
25568 31
25568 32
25568 33
25568 34
25568 35
25568 36
25568 37
25568 38
25568 39
25568 40
25568 41
25568 42
25568 43
25568 44
25568 45
25568 46
25568 47
25568 48
25568 49
25568 50
25568 51
25568 52
25568 53
25568 54
25568 55
25568 56
25568 57
25568 58
25568 59
25568 60
25568 61
25568 62
25568 63
25568 64
25568 65
25568 66
25568 67
25568 68
25568 69
25568 70
25568 71
25568 72
25568 73
25568 74
25568 75
25568 76
25568 77
25568 78
25568 79
25568 80
25568 81
25568 82
25568 83
25568 84
25568 85
25568 86
25568 87
25568 88
25568 89
25568 90
25568 91
25568 92
25568 93
25568 94
25568 95
25568 96
25568 97
25568 98
25568 99
25568 100
25568 101
25568 102
25568 103
25568 104
25568 105
25568 106
25568 107
25568 108
25568 109
25568 110
25568 111
25568 112
25568 113
25568 114
25568 115
25568 116
25568 117
25568 118
25568 119
25568 120
25568 121
25568 122
25568 123
25568 124
25568 125
25568 126
25568 127
25568 128
25568 129
25568 130
25568 131
25568 132
25568 133
25568 134
25568 135
25568 136
25568 137
25568 138
25568 139
25568 140
25568 141
25568 142
25568 143
25568 144
25568 145
25568 146
25568 147
25568 148
25568 149
25568 150
25568 151
25568 152
25568 153
25568 154
25568 155
25568 156
25568 157
25568 158
25568 159
25568 160
25568 161
25568 162
25568 163
25568 164
25568 165
25568 166
25568 167
25568 168
25568 169
25568 170
25568 171
25568 172
25568 173
25568 175
25568 176
25568 177
25568 178
25568 179
25568 180
25568 181
25568 182
25568 183
25568 184
25568 185
25568 186
25568 187
25568 188
25568 189
25569 0
25569 1
25569 2
25569 3
25569 4
25569 5
25569 6
25569 7
25569 8
25569 9
25569 10
25569 11
25569 12
25569 13
25569 14
25569 15
25569 16
25569 17
25569 18
25569 19
25569 20
25569 21
25569 22
25569 23
25569 24
25569 25
25569 26
25569 27
25569 28
25569 29
25569 30
25569 31
25569 33
25569 34
25569 35
25569 36
25569 37
25569 38
25569 39
25569 40
25569 41
25569 42
25569 43
25569 44
25569 45
25569 46
25569 47
25569 48
25569 49
25569 50
25569 51
25569 52
25569 53
25569 54
25569 55
25569 56
25569 57
25569 58
25569 59
25569 60
25569 61
25569 62
25569 63
25569 64
25569 65
25569 66
25569 67
25569 69
25569 70
25569 71
25569 72
25569 73
25569 74
25569 75
25569 76
25569 77
25569 78
25569 79
25569 80
25569 81
25569 82
25569 83
25569 84
25569 85
25569 86
25569 87
25569 88
25569 89
25569 90
25569 91
25569 92
25569 93
25569 94
25569 95
25569 96
25569 97
25569 98
25569 99
25569 100
25569 101
25569 102
25569 103
25569 104
25569 105
25569 106
25569 107
25569 108
25569 109
25569 110
25569 111
25569 112
25569 113
25569 114
25569 115
25569 116
25569 117
25569 118
25569 119
25569 120
25569 121
25569 122
25569 123
25569 124
25569 125
25569 126
25569 127
25569 128
25569 129
25569 130
25569 131
25569 132
25569 133
25569 134
25569 135
25569 136
25569 137
25569 138
25569 139
25569 140
25569 141
25569 142
25569 143
25569 144
25569 145
25569 146
25569 147
25569 148
25569 149
25569 150
25569 151
25569 152
25569 153
25569 154
25569 155
25569 156
25569 157
25569 158
25569 159
25569 160
25569 161
25569 162
25569 163
25569 164
25569 165
25569 166
25569 167
25569 168
25569 169
25569 170
25569 171
25569 172
25569 173
25569 174
25569 175
25569 176
25569 177
25569 178
25569 179
25569 180
25569 181
25569 182
25569 183
25569 184
25569 185
25569 187
25569 188
25569 189
25569 190
25569 191
25569 192
25569 193
25569 194
25569 195
25569 196
25569 197
25569 198
25569 199
25569 200
25569 201
25569 202
25569 203
25569 204
25569 205
25569 206
25569 207
25569 208
25569 209
25569 210
25569 212
25569 213
25569 214
25569 215
25569 216
25569 217
25569 218
25569 219
25569 220
25569 221
25569 222
25569 223
25569 224
25569 225
25569 226
25569 227
25569 228
25569 229
25569 230
25569 231
25569 232
25569 233
25569 234
25569 235
25569 236
25569 237
25569 238
25569 239
25569 240
25569 241
25569 242
25569 243
25569 244
25569 245
25569 246
25569 247
25569 248
25569 250
25569 251
25569 252
25569 253
25569 254
25569 255
25569 256
25569 257
25569 258
25569 259
25569 260
25569 261
25569 262
25569 263
25569 264
25569 265
25569 266
25569 267
25569 268
25569 269
25569 270
25569 271
25569 272
25569 273
25569 274
25569 275
25569 277
25569 278
25569 279
25569 280
25569 281
25569 282
25569 283
25569 284
25569 285
25569 286
25569 287
25569 288
25569 289
25569 290
25569 291
25569 292
25569 293
25569 294
25569 295
25569 296
25569 297
25570 0
25570 1
25570 2
25570 3
25570 4
25570 5
25570 6
25570 7
25570 8
25570 9
25570 10
25570 11
25570 12
25570 13
25570 14
25570 15
25570 16
25570 17
25570 18
25570 19
25570 20
25570 21
25570 22
25570 23
25570 24
25570 25
25570 26
25570 27
25570 28
25570 29
25571 0
25571 1
25571 2
25571 3
25571 4
25571 5
25571 6
25571 7
25571 8
25571 9
25571 10
25571 11
25571 12
25571 13
25571 14
25571 15
25571 16
25571 17
25571 18
25571 19
25571 20
25571 21
25571 22
25571 23
25571 24
25571 25
25571 26
25571 27
25571 28
25571 29
25571 30
25571 31
25571 32
25571 33
25571 34
25571 35
25571 36
25571 37
25571 38
25571 39
25571 40
25571 41
25571 42
25571 43
25571 44
25571 45
25571 46
25571 47
25571 48
25571 49
25571 50
25571 51
25571 52
25571 53
25571 54
25571 55
25571 56
25571 57
25571 58
25571 59
25571 60
25571 61
25571 62
25571 63
25571 64
25571 65
25571 66
25571 67
25571 68
25571 69
25571 70
25571 71
25571 72
25571 73
25571 74
25571 75
25571 76
25571 77
25571 78
25571 79
25571 80
25571 81
25571 82
25571 83
25571 84
25571 85
25571 86
25571 87
25571 88
25571 89
25571 90
25571 91
25571 92
25571 93
25571 94
25571 95
25571 96
25571 97
25571 98
25571 99
25571 100
25571 101
25571 102
25571 103
25571 104
25571 105
25571 106
25571 107
25571 108
25571 109
25571 110
25571 111
25571 112
25571 113
25571 114
25571 115
25571 116
25571 117
25571 118
25571 119
25571 120
25571 121
25571 122
25571 123
25571 124
25571 129
25571 136
25571 137
25571 138
25571 139
25571 140
25571 141
25571 142
25571 143
25571 144
25571 146
25571 147
25571 148
25571 149
25571 150
25571 151
25571 152
25571 153
25571 156
25571 158
25571 159
25571 160
25571 161
25571 162
25571 163
25571 164
25571 165
25571 166
25571 168
25571 169
25571 170
25571 171
25571 172
25571 173
25571 174
25571 176
25571 177
25571 179
25571 180
25571 181
25571 182
25571 183
25571 184
25571 185
25571 186
25571 187
25571 188
25571 189
25571 190
25571 191
25571 192
25571 193
25571 194
25571 195
25571 197
25571 198
25571 199
25571 200
25571 201
25571 202
25571 203
25571 204
25571 205
25571 206
25571 207
25571 209
25571 210
25571 213
25571 214
25571 215
25571 216
25571 217
25571 218
25571 219
25571 220
25571 221
25571 222
25571 223
25571 224
25571 225
25571 226
25571 227
25571 228
25571 229
25571 230
25571 231
25571 233
25571 234
25571 235
25571 236
25571 237
25571 238
25571 239
25571 240
25571 241
25571 242
25571 243
25571 244
25571 245
25571 246
25571 247
25571 248
25571 249
25571 250
25571 251
25571 252
25571 253
25571 254
25571 255
25571 256
25571 257
25571 258
25571 259
25571 260
25573 0
25573 1
25573 2
25573 3
25573 4
25573 5
25573 6
25573 7
25573 8
25573 9
25573 10
25573 11
25573 12
25573 13
25573 14
25573 15
25573 16
25573 17
25573 18
25573 19
25573 20
25573 22
25573 26
25573 27
25573 28
25573 29
25573 30
25573 31
25573 32
25573 33
25573 34
25573 35
25573 36
25573 37
25573 38
25573 39
25573 40
25573 41
25573 42
25573 43
25573 44
25573 45
25573 46
25573 47
25573 48
25573 49
25573 50
25573 51
25573 52
25573 53
25573 54
25573 55
25573 56
25573 57
25573 58
25573 60
25573 61
25573 62
25573 63
25573 64
25573 65
25573 66
25573 67
25573 68
25573 69
25573 70
25573 71
25573 72
25573 73
25573 74
25573 75
25573 76
25573 77
25573 78
25573 79
25573 80
25573 81
25573 82
25573 83
25573 84
25573 85
25573 86
25573 87
25573 88
25573 89
25573 90
25573 91
25573 92
25573 93
25573 94
25573 95
25573 96
25573 97
25573 98
25573 99
25573 100
25573 101
25573 102
25573 103
25573 104
25573 105
25573 106
25573 107
25573 108
25573 109
25573 110
25573 111
25573 112
25573 113
25573 114
25573 115
25573 116
25573 117
25573 118
25573 119
25573 120
25573 121
25573 122
25573 123
25573 124
25573 125
25573 126
25573 127
25573 128
25573 129
25573 130
25573 131
25573 132
25573 133
25573 134
25573 135
25573 136
25573 137
25573 138
25573 139
25573 140
25573 141
25573 142
25573 143
25573 144
25573 145
25573 146
25573 147
25573 148
25573 149
25573 150
25573 151
25573 152
25573 153
25573 154
25573 155
25573 156
25573 157
25573 158
25573 159
25573 160
25573 161
25573 162
25573 163
25573 164
25573 165
25573 166
25573 167
25573 168
25573 169
25573 170
25573 171
25573 172
25573 173
25573 174
25573 175
25573 177
25573 178
25573 179
25573 180
25573 181
25573 182
25573 183
25573 184
25573 185
25573 186
25573 187
25573 188
25573 189
25573 190
25573 191
25573 192
25573 193
25573 194
25573 195
25573 196
25573 197
25573 198
25573 199
25573 200
25573 201
25573 202
25573 203
25573 204
25573 205
25573 206
25573 207
25573 208
25573 209
25573 210
25573 212
25573 213
25573 214
25573 215
25573 216
25573 217
25573 218
25573 219
25573 220
25573 221
25573 222
25573 223
25573 224
25573 225
25573 226
25573 227
25573 228
25573 229
25573 230
25573 231
25573 232
25573 233
25573 234
25573 235
25573 236
25573 237
25573 238
25573 239
25573 240
25573 241
25573 242
25573 243
25573 244
25573 245
25573 246
25573 247
25573 248
25573 249
25573 250
25573 251
25573 253
25573 254
25573 255
25573 256
25573 257
25573 258
25573 259
25573 260
25573 261
25573 262
25573 263
25573 264
25573 265
25573 266
25573 267
25573 268
25573 269
25573 270
25573 271
25573 272
25573 273
25573 274
25573 275
25573 276
25573 277
25573 278
25573 279
25573 280
25573 281
25573 282
25573 283
25573 284
25573 285
25573 286
25573 287
25573 288
25573 289
25573 290
25573 291
25573 292
25573 293
25573 294
25573 295
25573 296
25573 297
25573 298
25573 299
25573 300
25573 301
25573 302
25573 303
25573 304
25573 305
25573 306
25573 307
25573 308
25573 309
25573 310
25573 311
25573 312
25573 313
25573 314
25573 315
25573 316
25573 317
25573 318
25573 319
25573 320
25573 321
25573 322
25573 323
25573 324
25573 325
25573 326
25573 328
25573 329
25573 330
25573 331
25573 332
25573 333
25573 334
25573 335
25573 336
25573 337
25573 338
25573 339
25573 340
25573 341
25573 342
25573 343
25573 344
25573 345
25573 346
25573 347
25573 348
25573 349
25573 350
25573 351
25573 352
25573 353
25573 354
25573 355
25573 356
25573 357
25573 358
25573 359
25573 360
25573 361
25573 362
25573 363
25573 364
25573 365
25573 366
25573 367
25573 368
25573 369
25573 370
25573 371
25573 372
25573 373
25573 374
25573 375
25573 376
25573 377
25573 378
25573 379
25573 380
25573 381
25573 382
25573 383
25573 384
25573 385
25573 386
25573 387
25573 388
25573 389
25573 390
25573 394
25573 395
25573 396
25573 397
25573 398
25573 399
25573 400
25573 401
25573 402
25573 403
25573 404
25573 405
25573 406
25573 407
25573 408
25573 409
25573 410
25573 411
25573 412
25573 414
25573 416
25573 417
25573 418
25573 419
25573 420
25573 421
25573 422
25573 423
25573 424
25573 425
25573 426
25573 427
25573 428
25573 429
25573 430
25573 431
25573 432
25573 433
25573 434
25573 435
25573 436
25573 437
25573 438
25573 439
25573 440
25573 441
25573 442
25573 443
25573 444
25573 445
25573 446
25573 447
25573 448
25573 449
25573 450
25573 451
25573 452
25573 453
25573 454
25573 455
25573 456
25573 457
25573 458
25573 459
25573 460
25573 461
25573 462
25573 463
25573 464
25573 466
25573 467
25573 468
25573 469
25573 470
25573 471
25573 472
25573 473
25573 474
25573 475
25573 476
25573 477
25573 478
25573 479
25573 480
25573 481
25573 482
25573 483
25573 484
25573 485
25573 486
25573 487
25573 488
25573 489
25573 490
25573 491
25573 492
25573 493
25573 494
25573 495
25573 496
25573 497
25573 498
25573 499
25573 500
25573 501
25573 502
25573 503
25573 504
25573 505
25573 506
25573 507
25573 508
25573 509
25573 510
25573 511
25573 512
25573 513
25573 514
25573 515
25573 516
25573 517
25573 518
25573 519
25573 520
25573 521
25573 522
25573 523
25573 524
25573 525
25573 526
25573 527
25573 528
25573 529
25573 530
25573 531
25573 532
25573 533
25573 534
25573 535
25573 536
25573 537
25573 538
25573 539
25573 540
25573 541
25573 542
25573 543
25573 544
25573 545
25573 546
25573 547
25573 548
25573 549
25573 550
25573 551
25573 552
25573 553
25573 554
25573 555
25573 556
25573 557
25573 558
25573 559
25573 560
25573 561
25573 562
25573 563
25573 564
25573 565
25573 566
25573 567
25573 568
25573 570
25573 571
25573 572
25573 573
25573 574
25573 575
25573 576
25573 577
25573 578
25573 579
25573 580
25573 581
25573 582
25573 583
25573 585
25573 586
25573 587
25573 588
25573 589
25573 590
25573 591
25574 0
25574 1
25574 2
25574 3
25574 4
25574 5
25574 6
25574 7
25574 8
25574 9
25574 10
25574 11
25574 12
25574 13
25574 14
25574 15
25574 16
25574 17
25574 18
25574 19
25574 20
25574 21
25574 22
25574 23
25574 24
25574 25
25574 26
25574 27
25574 28
25574 29
25574 30
25574 31
25574 32
25574 33
25574 34
25574 35
25574 36
25574 37
25574 38
25574 39
25574 40
25574 41
25574 42
25574 43
25574 44
25574 45
25574 46
25574 47
25574 48
25574 49
25574 50
25574 51
25574 52
25574 53
25574 54
25574 55
25574 56
25574 57
25574 58
25574 59
25574 60
25574 61
25574 62
25574 63
25574 64
25574 65
25574 66
25574 67
25574 68
25574 69
25574 70
25574 71
25574 72
25574 73
25574 74
25574 75
25574 76
25574 77
25574 78
25574 79
25574 80
25574 81
25574 82
25574 83
25574 84
25574 85
25574 86
25574 87
25574 88
25574 89
25574 90
25574 91
25574 92
25574 93
25574 94
25574 95
25574 96
25574 97
25574 98
25574 99
25574 100
25574 101
25574 102
25574 103
25574 104
25574 105
25574 106
25574 107
25574 108
25574 109
25574 110
25574 111
25574 112
25574 113
25574 114
25574 115
25574 117
25574 118
25574 119
25574 120
25574 121
25574 122
25574 123
25574 124
25574 125
25574 126
25574 127
25574 128
25574 129
25574 130
25574 131
25574 132
25574 133
25574 134
25574 135
25574 136
25574 137
25574 138
25574 139
25574 140
25574 141
25574 142
25574 143
25574 144
25574 147
25574 150
25574 151
25574 152
25574 153
25575 0
25575 1
25575 2
25575 3
25575 4
25575 5
25575 6
25575 7
25575 8
25575 9
25575 10
25575 11
25575 12
25575 13
25575 14
25575 15
25575 16
25575 17
25575 18
25575 19
25575 20
25575 21
25575 22
25575 23
25575 24
25575 25
25575 26
25575 27
25575 28
25575 29
25575 30
25575 31
25575 32
25575 33
25575 34
25575 35
25575 36
25575 37
25575 38
25575 39
25575 40
25575 41
25575 42
25575 43
25575 44
25575 45
25575 46
25575 47
25575 48
25575 49
25575 50
25575 51
25575 52
25575 53
25575 54
25575 55
25575 56
25575 57
25575 58
25575 59
25575 60
25575 61
25575 62
25575 63
25575 64
25575 65
25575 66
25575 67
25575 68
25575 69
25575 70
25575 71
25575 72
25575 73
25575 74
25575 75
25575 76
25575 77
25575 78
25575 79
25575 80
25575 81
25575 82
25575 83
25575 84
25575 85
25575 86
25575 87
25575 88
25575 89
25575 90
25575 91
25575 92
25575 93
25575 94
25575 95
25575 96
25575 97
25575 98
25575 99
25575 101
25575 102
25575 103
25575 104
25575 105
25575 106
25575 107
25575 108
25575 109
25575 110
25575 111
25575 112
25575 113
25575 114
25575 115
25575 116
25575 117
25575 118
25575 119
25576 0
25576 1
25576 2
25576 3
25576 4
25576 5
25576 6
25576 7
25576 8
25576 9
25576 10
25576 11
25576 12
25576 15
25576 16
25576 17
25576 18
25576 19
25576 20
25576 21
25576 22
25576 23
25576 24
25576 25
25576 26
25576 27
25576 28
25576 29
25576 30
25576 31
25576 32
25576 33
25576 34
25576 35
25576 36
25576 37
25576 38
25576 39
25576 41
25576 43
25576 45
25576 46
25576 47
25576 49
25576 50
25576 52
25576 53
25576 54
25576 56
25576 57
25576 58
25576 59
25576 60
25576 61
25576 62
25576 63
25576 64
25576 65
25576 66
25576 67
25576 69
25576 71
25576 72
25576 73
25576 76
25576 78
25576 79
25576 80
25576 81
25576 82
25576 83
25576 84
25576 85
25576 86
25576 87
25576 88
25576 90
25576 92
25576 93
25576 94
25576 96
25576 97
25576 98
25576 102
25576 103
25576 104
25576 106
25576 107
25576 108
25576 109
25576 110
25576 111
25576 115
25576 118
25576 119
25576 121
25576 122
25576 124
25576 125
25576 127
25576 128
25576 130
25576 131
25576 132
25576 133
25576 135
25576 136
25576 137
25576 141
25576 143
25576 144
25576 145
25576 146
25576 147
25576 148
25576 151
25576 152
25576 154
25576 155
25576 156
25576 157
25576 158
25576 159
25576 160
25576 161
25576 162
25576 163
25576 166
25577 224
25577 225
25577 226
25577 227
25577 228
25577 229
25577 230
25577 231
25577 232
25577 233
25577 234
25577 235
25577 236
25577 237
25577 238
25577 239
25577 240
25577 241
25577 242
25577 243
25577 244
25577 245
25577 246
25577 247
25577 248
25577 249
25577 250
25577 251
25577 252
25577 253
25577 254
25577 255
25577 256
25577 257
25577 258
25577 260
25577 261
25577 262
25577 263
25577 264
25577 265
25577 266
25577 267
25577 268
25577 269
25577 270
25577 271
25577 272
25577 273
25577 274
25577 275
25577 276
25577 277
25577 278
25577 279
25577 281
25577 282
25577 283
25577 284
25577 285
25577 286
25577 287
25577 288
25577 289
25577 290
25577 291
25577 292
25577 293
25577 294
25577 295
25577 296
25577 297
25577 298
25578 0
25578 1
25578 2
25578 3
25578 4
25578 5
25578 6
25578 7
25578 8
25578 9
25578 10
25578 12
25578 13
25578 14
25578 15
25578 16
25578 17
25578 18
25578 19
25578 20
25578 21
25578 22
25578 23
25578 24
25578 25
25578 26
25578 27
25578 28
25578 29
25578 30
25578 31
25578 32
25578 33
25578 34
25578 35
25578 36
25578 37
25578 38
25578 39
25578 40
25578 41
25578 42
25578 43
25578 44
25578 45
25578 46
25578 47
25578 48
25578 49
25578 50
25578 51
25578 52
25578 53
25578 54
25578 55
25578 56
25578 57
25578 58
25578 59
25578 60
25578 61
25578 62
25578 63
25578 64
25578 65
25578 66
25578 67
25578 68
25578 69
25578 70
25578 71
25578 72
25578 73
25578 74
25578 75
25578 76
25578 77
25578 78
25578 79
25578 80
25578 81
25578 82
25578 83
25578 84
25578 85
25578 86
25578 87
25578 88
25578 89
25578 90
25578 91
25578 92
25578 93
25578 94
25578 95
25578 96
25578 97
25578 98
25578 99
25578 100
25578 101
25578 102
25578 103
25578 104
25578 105
25578 106
25578 107
25578 108
25578 128
25578 129
25578 130
25578 131
25578 132
25578 133
25578 134
25578 135
25578 136
25578 137
25578 138
25578 139
25578 140
25578 141
25578 142
25578 143
25578 144
25578 145
25578 146
25578 147
25578 148
25578 149
25578 150
25578 151
25578 152
25578 153
25578 154
25578 155
25578 156
25578 157
25578 158
25578 159
25578 160
25578 161
25578 162
25578 163
25578 164
25578 165
25578 166
25578 167
25578 168
25578 169
25578 170
25578 171
25578 172
25578 173
25578 174
25578 175
25578 176
25578 177
25578 178
25578 179
25578 180
25578 181
25578 183
25578 184
25578 185
25578 186
25578 187
25578 188
25578 189
25578 190
25578 191
25578 192
25578 193
25578 194
25578 195
25578 196
25578 197
25578 198
25578 199
25578 200
25578 201
25578 202
25578 203
25578 204
25578 205
25578 206
25578 207
25578 208
25578 211
25578 212
25578 213
25578 214
25578 215
25578 216
25578 217
25578 218
25578 219
25578 220
25578 221
25578 222
25578 223
25578 224
25578 225
25578 226
25578 227
25578 228
25578 229
25578 230
25578 231
25578 232
25578 233
25578 234
25578 235
25578 236
25578 237
25578 238
25578 239
25578 240
25578 241
25578 242
25578 243
25578 244
25578 245
25578 246
25578 247
25578 248
25578 249
25578 250
25578 251
25578 252
25578 253
25578 254
25578 255
25578 256
25578 257
25578 258
25578 259
25578 260
25578 261
25578 262
25578 263
25578 264
25578 265
25578 266
25578 267
25578 268
25578 269
25578 270
25578 271
25578 272
25578 273
25578 274
25578 275
25578 276
25578 277
25578 278
25578 279
25578 280
25578 281
25578 282
25578 283
25578 284
25578 285
25578 286
25578 288
25578 289
25578 290
25578 291
25578 292
25578 293
25578 295
25578 296
25578 297
25578 298
25578 299
25578 300
25578 301
25578 302
25578 303
25578 304
25578 305
25578 306
25578 307
25578 308
25578 309
25578 310
25578 311
25578 312
25578 313
25578 484
25578 485
25578 486
25578 487
25578 488
25578 489
25578 490
25578 491
25578 492
25578 493
25578 494
25578 495
25578 496
25578 497
25578 498
25578 499
25578 500
25578 501
25578 502
25578 503
25578 504
25578 505
25578 506
25578 507
25578 508
25578 509
25578 510
25578 511
25578 512
25578 513
25578 514
25578 515
25578 516
25578 517
25578 518
25578 519
25578 521
25578 522
25578 523
25578 524
25578 525
25578 526
25578 527
25578 528
25578 529
25578 530
25578 531
25578 532
25578 533
25578 535
25578 536
25578 537
25578 538
25578 539
25578 540
25578 542
25578 543
25578 545
25578 546
25578 547
25578 548
25578 549
25578 550
25578 551
25578 552
25578 553
25578 554
25578 555
25578 556
25578 557
25578 558
25578 559
25578 560
25578 561
25578 562
25578 563
25578 564
25578 565
25578 566
25578 567
25578 568
25578 569
25578 570
25578 571
25578 572
25578 573
25578 574
25578 575
25578 576
25578 577
25578 578
25578 579
25578 580
25578 581
25578 582
25578 583
25578 584
25578 585
25578 586
25578 587
25578 588
25578 589
25578 590
25578 591
25578 592
25578 593
25578 594
25579 0
25579 1
25579 2
25579 3
25579 4
25579 5
25579 6
25579 7
25579 8
25579 9
25579 10
25579 11
25579 12
25579 13
25579 14
25579 16
25579 17
25579 18
25579 19
25579 20
25579 21
25579 22
25579 23
25579 24
25579 25
25579 26
25579 27
25579 28
25579 33
25579 34
25579 35
25579 36
25579 37
25579 38
25579 39
25579 40
25579 41
25579 42
25579 43
25579 44
25579 45
25579 46
25579 47
25579 48
25579 49
25579 50
25579 51
25579 52
25581 13
25581 14
25581 15
25581 16
25581 17
25581 18
25581 19
25581 20
25581 21
25581 22
25581 23
25581 24
25581 25
25581 26
25581 27
25581 28
25581 29
25581 30
25581 31
25581 32
25581 33
25581 34
25581 35
25581 36
25581 37
25581 38
25581 39
25581 40
25581 41
25581 42
25581 43
25581 44
25581 45
25581 46
25581 47
25581 48
25581 49
25581 50
25581 51
25581 52
25581 53
25581 54
25581 55
25581 56
25581 57
25581 58
25581 59
25581 60
25581 61
25581 62
25581 63
25581 64
25581 65
25581 66
25581 67
25581 68
25581 69
25581 70
25581 72
25581 73
25581 74
25581 75
25581 76
25581 77
25581 78
25581 79
25581 80
25581 81
25581 82
25581 83
25581 84
25581 85
25581 86
25581 87
25581 88
25581 89
25581 90
25581 91
25581 92
25581 93
25581 94
25581 95
25581 96
25581 97
25581 98
25581 99
25581 100
25581 101
25581 102
25581 103
25581 104
25581 105
25581 106
25581 107
25581 108
25581 109
25581 111
25581 112
25582 0
25582 1
25582 2
25582 3
25582 4
25582 5
25582 6
25582 7
25583 0
25583 1
25583 2
25583 3
25583 4
25583 5
25583 6
25583 7
25583 8
25583 9
25583 10
25583 11
25583 12
25583 13
25583 15
25583 16
25583 17
25583 18
25583 19
25583 21
25583 22
25583 23
25583 24
25583 25
25583 26
25583 27
25583 28
25583 29
25583 30
25583 31
25583 32
25583 33
25583 34
25583 35
25583 36
25583 37
25583 38
25583 39
25583 40
25583 41
25583 42
25583 43
25583 44
25583 45
25583 46
25583 47
25583 48
25583 49
25583 50
25583 51
25583 52
25583 53
25583 54
25583 55
25583 56
25583 57
25583 58
25583 59
25583 60
25583 61
25583 62
25583 63
25583 64
25583 65
25583 66
25583 67
25583 68
25583 69
25583 70
25583 71
25583 72
25583 73
25583 74
25583 75
25583 76
25583 77
25583 78
25583 79
25583 80
25584 0
25584 1
25584 2
25584 3
25584 4
25584 5
25584 6
25584 7
25584 8
25584 9
25584 10
25584 11
25584 12
25584 13
25584 14
25584 15
25584 16
25584 17
25584 18
25584 19
25584 20
25584 21
25584 22
25584 23
25584 24
25584 25
25584 26
25584 27
25584 28
25584 29
25584 30
25584 31
25584 32
25584 33
25584 34
25584 35
25584 36
25584 37
25584 38
25584 39
25584 40
25584 41
25584 42
25584 43
25584 44
25584 45
25584 46
25584 47
25584 48
25584 49
25584 50
25584 51
25584 52
25584 53
25584 54
25584 55
25584 56
25584 57
25584 58
25584 59
25584 60
25584 61
25584 62
25584 63
25584 64
25584 65
25584 66
25584 67
25585 0
25585 1
25585 2
25585 3
25585 5
25585 6
25585 7
25585 9
25585 10
25585 11
25585 12
25585 13
25585 14
25585 15
25585 16
25585 17
25585 18
25585 19
25585 21
25585 22
25585 23
25585 24
25585 25
25585 26
25585 27
25585 28
25585 29
25585 30
25585 31
25585 32
25585 33
25585 34
25585 35
25585 36
25585 37
25585 38
25585 39
25585 40
25585 41
25585 42
25585 43
25585 44
25585 45
25585 46
25585 47
25585 48
25585 49
25585 50
25585 51
25585 52
25585 53
25585 54
25585 55
25585 56
25585 62
25585 63
25585 64
25585 65
25585 66
25585 67
25585 68
25585 69
25585 70
25585 71
25585 72
25585 73
25585 74
25585 75
25585 76
25585 77
25585 78
25585 79
25585 80
25585 81
25585 82
25585 83
25585 84
25585 85
25585 86
25585 87
25585 88
25585 89
25585 90
25585 91
25585 92
25585 93
25585 94
25585 95
25585 96
25585 97
25585 98
25585 99
25585 100
25585 101
25585 102
25585 103
25585 104
25585 105
25585 106
25585 107
25585 108
25585 109
25585 110
25585 111
25585 112
25585 113
25585 114
25585 115
25585 116
25585 117
25585 118
25585 119
25585 120
25585 121
25585 122
25585 123
25585 124
25585 126
25585 127
25585 128
25585 129
25585 130
25585 131
25585 132
25585 133
25585 134
25585 137
25585 138
25585 139
25585 140
25585 141
25585 142
25585 143
25585 144
25585 145
25585 146
25585 147
25585 148
25585 149
25585 150
25585 151
25585 152
25585 153
25585 154
25585 155
25585 156
25585 157
25585 158
25585 159
25585 160
25585 161
25585 162
25585 163
25585 164
25585 165
25585 166
25585 167
25585 168
25585 169
25585 170
25585 171
25585 172
25585 173
25585 174
25585 175
25585 176
25585 177
25585 179
25585 180
25585 181
25585 182
25585 183
25585 184
25585 185
25585 186
25585 187
25585 188
25585 189
25585 190
25585 191
25585 192
25585 193
25585 194
25585 195
25585 196
25585 197
25585 198
25585 199
25585 200
25585 201
25585 202
25585 203
25585 204
25585 205
25585 206
25585 207
25585 208
25585 209
25585 210
25585 211
25585 212
25585 213
25585 214
25585 215
25585 216
25585 217
25585 218
25585 219
25585 220
25585 221
25585 222
25585 224
25585 225
25585 226
25585 227
25585 228
25585 229
25585 230
25585 231
25585 232
25585 233
25585 234
25585 236
25585 237
25585 238
25585 239
25585 240
25585 241
25585 242
25585 243
25585 244
25585 245
25585 246
25585 248
25585 249
25585 250
25585 251
25585 252
25585 253
25585 254
25585 255
25585 256
25585 257
25585 258
25585 259
25585 260
25585 261
25585 262
25585 263
25585 264
25585 265
25585 266
25585 267
25585 268
25585 269
25585 270
25585 271
25585 272
25585 273
25585 274
25585 275
25585 276
25585 277
25585 278
25585 279
25585 280
25585 281
25585 282
25585 283
25585 284
25585 285
25585 286
25585 287
25585 288
25585 289
25585 291
25585 292
25585 293
25585 294
25585 295
25585 296
25585 297
25585 298
25585 299
25585 300
25585 301
25585 302
25585 303
25585 304
25585 305
25585 306
25585 307
25585 308
25585 309
25585 310
25585 311
25585 312
25585 313
25585 314
25585 315
25585 316
25585 317
25585 318
25585 319
25585 320
25585 322
25585 323
25585 324
25585 325
25585 326
25585 327
25585 328
25585 329
25585 330
25585 331
25585 332
25585 333
25585 334
25585 335
25585 336
25585 337
25585 338
25585 339
25585 340
25585 341
25585 342
25585 344
25585 345
25585 346
25585 347
25585 348
25585 349
25585 350
25585 351
25585 352
25585 353
25585 354
25585 355
25585 356
25585 357
25585 358
25585 359
25585 361
25585 364
25585 365
25585 366
25585 367
25585 368
25585 369
25585 370
25585 371
25585 372
25585 373
25585 374
25585 375
25585 376
25585 377
25585 378
25585 379
25585 380
25585 381
25585 382
25585 383
25585 384
25585 385
25585 386
25585 387
25585 388
25585 389
25585 390
25585 391
25585 392
25585 393
25585 394
25585 396
25585 397
25585 398
25585 399
25585 400
25585 401
25585 402
25585 403
25585 404
25585 405
25585 406
25585 407
25585 408
25585 409
25585 410
25585 411
25585 412
25585 413
25585 414
25585 415
25585 416
25585 417
25585 418
25585 419
25585 420
25585 421
25585 422
25585 423
25585 424
25585 426
25585 427
25585 428
25585 429
25585 430
25585 431
25585 432
25585 433
25585 434
25585 435
25585 436
25585 437
25585 438
25585 439
25585 440
25585 441
25585 442
25585 443
25585 444
25585 445
25585 446
25585 447
25585 448
25585 450
25585 451
25585 453
25585 454
25585 455
25585 456
25585 457
25585 458
25585 459
25585 460
25585 462
25585 463
25585 464
25585 465
25585 466
25585 467
25585 468
25585 469
25585 470
25585 471
25585 472
25585 473
25585 475
25585 476
25585 477
25585 478
25585 479
25585 480
25585 481
25585 483
25585 484
25585 485
25585 486
25585 487
25585 488
25587 0
25587 1
25587 2
25587 3
25587 4
25587 5
25587 6
25587 7
25587 8
25587 9
25587 10
25587 11
25587 12
25587 13
25587 14
25587 15
25587 16
25587 17
25587 18
25587 19
25587 20
25587 21
25587 22
25587 23
25587 24
25587 25
25587 26
25587 27
25587 28
25587 29
25587 30
25587 31
25587 32
25587 33
25587 34
25587 35
25587 36
25587 38
25587 39
25587 40
25587 41
25587 42
25587 44
25587 45
25587 46
25587 47
25587 48
25587 49
25587 50
25587 51
25587 52
25587 53
25587 54
25587 55
25587 56
25587 57
25587 58
25587 59
25587 60
25587 61
25587 62
25587 63
25587 64
25587 65
25587 66
25587 67
25587 68
25587 69
25587 70
25587 71
25587 72
25587 73
25587 74
25587 75
25587 76
25587 77
25587 78
25587 79
25587 80
25587 81
25587 82
25587 83
25587 84
25587 85
25587 86
25587 87
25587 88
25587 89
25587 90
25587 91
25587 92
25587 93
25587 94
25587 95
25587 96
25587 97
25587 98
25587 99
25587 100
25587 101
25587 102
25587 103
25587 104
25587 105
25587 106
25587 107
25587 108
25587 109
25587 110
25587 111
25587 112
25587 113
25587 114
25587 115
25587 116
25587 117
25587 118
25587 119
25587 120
25587 121
25587 122
25587 123
25587 124
25587 125
25587 126
25587 127
25587 128
25587 129
25587 130
25587 131
25587 132
25587 133
25587 134
25587 135
25587 136
25587 137
25587 138
25587 139
25587 140
25587 141
25587 142
25587 143
25587 144
25587 145
25587 146
25587 147
25587 148
25587 149
25587 150
25587 151
25587 152
25587 153
25587 154
25587 155
25587 156
25587 157
25587 158
25587 159
25587 160
25587 161
25587 162
25587 163
25587 164
25587 165
25587 166
25587 167
25587 168
25587 169
25587 170
25587 171
25587 172
25587 173
25587 174
25587 175
25587 176
25587 177
25587 178
25587 179
25587 180
25587 181
25587 182
25587 183
25587 184
25587 186
25587 187
25587 188
25587 189
25587 190
25587 191
25587 192
25587 193
25587 194
25587 195
25587 196
25587 197
25587 198
25587 199
25587 200
25587 201
25587 202
25587 203
25587 204
25587 205
25587 206
25587 207
25587 208
25587 209
25587 210
25587 211
25587 212
25587 213
25587 214
25587 215
25587 216
25587 217
25588 139
25588 140
25588 141
25588 142
25588 143
25588 145
25588 147
25588 148
25588 150
25588 151
25588 152
25588 153
25588 155
25588 156
25588 157
25588 158
25588 159
25588 160
25588 161
25588 162
25588 163
25588 164
25588 165
25588 166
25588 169
25588 170
25588 171
25588 172
25588 173
25588 174
25588 177
25588 178
25588 179
25588 180
25588 181
25588 182
25588 183
25588 184
25588 185
25588 186
25588 189
25588 190
25588 191
25588 192
25588 193
25588 194
25588 195
25588 196
25588 197
25588 198
25588 199
25588 200
25588 203
25588 204
25588 205
25588 206
25588 207
25588 208
25588 209
25588 210
25588 211
25588 214
25588 215
25588 216
25588 217
25588 218
25588 219
25588 220
25588 221
25588 222
25588 224
25588 225
25588 227
25588 228
25588 229
25588 230
25588 231
25588 232
25588 233
25588 234
25588 235
25588 236
25588 237
25588 238
25588 239
25588 240
25588 241
25588 242
25588 243
25588 244
25588 246
25588 247
25588 249
25588 252
25588 253
25588 254
25588 255
25588 256
25588 257
25588 258
25588 259
25588 260
25588 261
25588 262
25588 263
25588 264
25588 265
25588 266
25588 267
25588 268
25588 270
25588 271
25588 272
25588 273
25588 274
25588 275
25588 276
25588 277
25588 278
25588 279
25588 280
25588 281
25588 283
25588 284
25588 285
25588 286
25588 287
25588 288
25588 289
25588 290
25588 291
25588 292
25588 293
25588 294
25588 296
25588 297
25588 298
25588 299
25588 300
25588 301
25588 302
25588 303
25588 304
25588 305
25588 306
25588 307
25588 308
25588 309
25588 313
25588 314
25588 315
25588 316
25588 317
25588 319
25588 320
25588 321
25588 322
25588 323
25588 324
25588 325
25588 326
25588 327
25588 329
25588 330
25588 332
25588 334
25588 335
25588 336
25588 337
25588 338
25588 362
25588 363
25588 365
25588 366
25588 367
25588 368
25588 369
25588 370
25588 372
25588 373
25588 374
25588 375
25588 376
25588 377
25588 378
25588 379
25588 380
25588 384
25588 386
25588 387
25588 388
25588 389
25588 392
25588 395
25588 397
25588 398
25588 399
25588 401
25588 403
25588 405
25588 406
25588 407
25588 409
25588 410
25588 411
25588 412
25588 413
25588 416
25588 417
25588 418
25588 419
25588 420
25588 421
25588 422
25588 423
25588 424
25588 426
25588 427
25588 428
25588 429
25588 430
25588 431
25588 432
25588 433
25588 434
25588 435
25588 436
25588 437
25588 438
25588 439
25588 440
25588 441
25588 444
25588 446
25588 448
25588 449
25588 450
25588 452
25588 453
25588 454
25588 456
25588 457
25588 458
25588 459
25588 461
25588 462
25588 463
25588 464
25588 465
25588 466
25588 467
25588 468
25588 470
25588 471
25589 50
25589 51
25589 52
25589 53
25589 54
25589 55
25589 56
25589 57
25589 58
25589 59
25589 60
25589 61
25589 62
25589 63
25589 64
25589 65
25589 66
25589 67
25589 68
25589 69
25589 70
25589 71
25589 72
25589 73
25589 74
25589 75
25589 76
25589 77
25589 78
25589 79
25589 80
25589 81
25589 82
25589 83
25589 84
25589 85
25589 86
25589 87
25589 88
25589 89
25589 90
25589 91
25589 92
25589 93
25589 94
25589 95
25589 96
25589 97
25589 98
25589 99
25589 100
25589 101
25589 102
25589 103
25589 104
25589 105
25589 106
25589 107
25589 108
25589 109
25589 110
25589 111
25589 112
25589 113
25589 114
25589 115
25589 116
25589 117
25589 118
25589 120
25589 121
25589 122
25589 123
25589 124
25589 125
25589 126
25589 127
25589 128
25589 129
25589 130
25589 131
25589 132
25589 133
25589 134
25589 135
25589 136
25589 137
25589 138
25589 139
25589 140
25589 141
25589 142
25589 143
25589 144
25589 145
25589 146
25589 147
25589 148
25589 149
25589 150
25589 151
25589 153
25589 154
25589 155
25589 156
25589 157
25589 158
25589 159
25589 160
25589 161
25589 162
25589 163
25589 164
25589 165
25589 166
25589 167
25589 168
25589 169
25589 170
25589 171
25589 172
25589 173
25589 174
25589 175
25589 176
25589 177
25589 178
25589 179
25589 180
25589 181
25589 183
25589 184
25589 185
25589 186
25589 187
25589 188
25589 189
25589 190
25589 191
25589 192
25589 193
25589 194
25589 195
25589 196
25589 197
25589 198
25589 199
25589 200
25589 201
25589 202
25589 203
25589 204
25589 205
25589 206
25589 207
25589 209
25589 210
25589 211
25589 212
25589 213
25589 214
25589 215
25589 216
25589 217
25589 218
25589 219
25589 220
25589 221
25589 222
25589 223
25589 224
25589 225
25589 226
25589 227
25589 228
25589 229
25589 230
25589 231
25589 232
25589 233
25589 234
25589 235
25589 236
25589 237
25589 238
25589 239
25589 240
25589 241
25589 242
25589 243
25589 244
25589 245
25589 246
25589 247
25589 248
25589 249
25589 250
25589 251
25589 252
25589 253
25589 255
25589 256
25589 257
25589 258
25589 259
25589 260
25589 261
25589 262
25589 263
25589 264
25589 265
25589 266
25589 267
25589 276
25589 277
25589 278
25589 279
25589 280
25589 281
25589 282
25589 283
25589 284
25589 285
25589 286
25589 287
25589 288
25589 289
25589 290
25589 291
25589 292
25589 293
25589 294
25589 295
25589 296
25589 297
25589 298
25589 299
25589 300
25589 301
25589 302
25589 303
25589 304
25589 305
25589 306
25589 307
25589 308
25589 309
25589 310
25589 311
25589 312
25589 313
25589 314
25589 315
25589 316
25589 317
25589 318
25589 319
25589 320
25589 321
25589 322
25589 323
25589 325
25589 326
25589 327
25589 328
25589 329
25589 330
25589 331
25589 332
25590 0
25590 1
25590 2
25590 3
25590 4
25590 5
25590 6
25590 7
25590 8
25590 9
25590 10
25590 11
25590 12
25590 13
25590 14
25590 15
25590 16
25590 17
25590 18
25590 19
25590 20
25590 21
25590 22
25590 23
25590 24
25590 25
25590 26
25590 27
25590 28
25590 29
25590 30
25590 31
25590 32
25590 33
25590 34
25590 35
25590 36
25590 37
25590 38
25590 39
25590 41
25590 42
25590 43
25590 44
25590 45
25590 46
25590 47
25590 48
25590 49
25590 50
25590 51
25590 52
25590 53
25590 54
25590 55
25590 56
25590 57
25590 58
25590 59
25590 60
25590 61
25590 62
25590 63
25590 64
25590 65
25590 66
25590 67
25590 68
25590 69
25590 70
25590 71
25590 72
25590 73
25590 74
25590 75
25590 76
25590 77
25590 78
25590 79
25590 80
25590 81
25590 82
25590 83
25590 84
25590 85
25590 86
25590 87
25590 88
25590 89
25590 90
25590 91
25590 92
25590 93
25590 94
25590 95
25590 96
25590 97
25590 98
25590 99
25590 100
25590 101
25590 102
25590 103
25590 104
25590 105
25590 106
25590 107
25590 108
25590 109
25590 110
25590 111
25590 112
25590 113
25590 114
25590 115
25590 116
25590 117
25590 118
25590 119
25590 120
25590 121
25590 122
25590 123
25590 125
25590 126
25590 127
25590 128
25590 129
25590 130
25590 131
25590 132
25590 133
25590 134
25590 135
25590 136
25590 137
25590 138
25590 139
25590 140
25590 141
25590 142
25590 143
25590 144
25590 145
25590 146
25590 147
25590 148
25590 149
25590 150
25590 151
25590 152
25590 153
25590 154
25590 155
25590 156
25590 157
25590 158
25590 159
25590 160
25590 161
25590 162
25590 163
25590 164
25590 165
25590 166
25590 167
25590 168
25590 169
25590 170
25590 171
25590 172
25590 173
25590 174
25590 175
25590 176
25590 177
25590 178
25590 179
25590 180
25590 181
25590 182
25590 183
25590 184
25590 185
25590 186
25590 187
25590 189
25590 190
25590 191
25590 192
25590 193
25590 194
25590 195
25590 196
25590 197
25590 198
25590 199
25590 200
25590 201
25590 202
25590 203
25590 204
25590 205
25590 206
25590 207
25590 208
25590 209
25590 210
25590 211
25590 212
25590 213
25590 214
25590 215
25590 216
25590 217
25590 218
25590 219
25590 220
25590 221
25590 222
25590 223
25590 224
25590 225
25590 226
25590 227
25590 228
25590 229
25590 230
25590 231
25590 232
25590 234
25590 236
25590 237
25590 238
25590 239
25590 240
25590 241
25590 242
25590 243
25590 244
25590 245
25590 246
25590 247
25590 248
25590 249
25590 250
25590 251
25590 252
25590 253
25590 254
25590 256
25590 257
25590 258
25590 259
25590 260
25590 261
25590 262
25590 263
25590 264
25590 265
25590 266
25590 267
25590 268
25590 269
25590 270
25590 271
25590 272
25590 273
25590 274
25590 275
25590 276
25590 277
25590 278
25590 279
25590 280
25590 281
25590 282
25590 283
25590 284
25590 285
25590 286
25590 287
25590 288
25590 289
25590 290
25590 291
25590 292
25590 293
25590 295
25590 296
25590 297
25590 298
25590 299
25590 300
25590 301
25590 302
25590 303
25590 304
25590 305
25590 306
25590 307
25590 308
25590 309
25590 310
25590 311
25590 312
25590 313
25590 314
25590 315
25590 316
25590 317
25590 318
25590 319
25590 320
25590 321
25590 322
25590 323
25590 324
25590 325
25590 326
25590 327
25590 328
25590 329
25590 330
25590 331
25590 332
25590 333
25590 334
25590 335
25590 336
25590 337
25590 338
25590 339
25590 340
25590 341
25590 342
25590 343
25590 344
25590 345
25590 346
25590 348
25590 349
25590 350
25590 351
25590 352
25590 353
25590 354
25590 355
25590 356
25590 357
25590 360
25590 361
25590 362
25590 363
25590 364
25590 366
25590 368
25590 369
25590 371
25590 372
25590 373
25591 170
25591 171
25591 172
25591 173
25591 174
25591 175
25591 176
25591 177
25591 178
25591 179
25591 180
25591 181
25591 182
25591 183
25591 184
25591 185
25591 186
25591 187
25591 188
25591 189
25591 190
25591 191
25591 192
25591 193
25591 194
25591 195
25591 196
25591 197
25591 198
25591 199
25591 200
25591 201
25591 202
25591 203
25591 204
25591 207
25591 208
25591 210
25591 211
25591 212
25591 213
25591 214
25591 215
25591 216
25591 217
25591 218
25591 219
25591 220
25591 221
25591 222
25591 223
25591 224
25591 225
25591 226
25591 227
25591 228
25591 229
25591 230
25591 231
25591 232
25591 233
25591 234
25591 235
25591 236
25591 237
25591 238
25591 239
25591 240
25591 241
25591 242
25591 243
25591 244
25591 245
25591 246
25591 247
25591 248
25591 249
25591 250
25591 251
25591 252
25591 253
25591 254
25591 255
25591 256
25591 257
25591 258
25591 259
25591 260
25591 261
25591 262
25591 263
25592 0
25592 1
25592 2
25592 3
25592 4
25592 5
25592 6
25592 7
25592 8
25592 9
25592 10
25592 11
25592 12
25592 13
25592 14
25592 15
25592 16
25592 17
25592 18
25592 19
25592 20
25592 21
25592 22
25592 23
25592 24
25592 25
25592 26
25592 27
25592 28
25592 29
25592 30
25593 0
25593 1
25593 2
25593 3
25593 4
25593 5
25593 6
25593 7
25593 8
25593 9
25593 10
25593 11
25593 12
25593 13
25593 14
25593 15
25593 16
25593 17
25593 18
25593 19
25593 20
25593 21
25593 22
25593 23
25593 24
25593 25
25593 26
25593 27
25593 28
25593 29
25593 30
25593 31
25593 32
25593 33
25593 34
25593 35
25593 36
25593 37
25593 38
25593 39
25593 40
25593 41
25593 42
25593 43
25593 44
25593 45
25593 46
25593 47
25593 48
25593 49
25593 50
25593 51
25593 52
25593 53
25593 54
25593 55
25593 56
25593 57
25593 58
25593 59
25593 60
25593 61
25593 62
25593 63
25593 64
25593 65
25593 66
25593 67
25593 68
25593 69
25593 70
25593 71
25593 72
25593 73
25593 74
25593 75
25593 76
25593 77
25593 78
25593 79
25593 80
25593 81
25593 82
25593 83
25593 84
25593 85
25593 86
25593 87
25593 88
25593 89
25593 90
25593 91
25593 92
25593 93
25593 94
25593 95
25593 96
25593 97
25593 98
25593 99
25593 100
25593 102
25593 103
25593 104
25593 105
25593 106
25593 107
25593 108
25593 109
25593 110
25593 111
25593 112
25593 113
25593 114
25593 115
25593 116
25593 117
25593 118
25593 119
25593 120
25593 121
25593 122
25593 123
25593 124
25593 125
25593 126
25593 127
25593 128
25593 129
25593 130
25593 131
25593 132
25593 133
25593 135
25593 136
25593 137
25593 138
25593 139
25593 140
25593 141
25593 142
25593 143
25593 144
25593 145
25593 146
25593 147
25593 148
25593 149
25593 150
25593 151
25593 152
25593 153
25593 154
25593 155
25593 156
25593 157
25594 0
25594 1
25594 2
25594 3
25594 4
25594 5
25594 6
25594 7
25594 8
25594 9
25594 10
25594 11
25594 12
25594 13
25594 14
25594 15
25594 16
25594 17
25594 18
25594 19
25594 20
25594 21
25594 22
25594 23
25594 24
25594 25
25594 26
25594 27
25594 28
25594 29
25594 30
25594 31
25594 32
25594 33
25594 34
25594 35
25594 36
25594 37
25594 38
25594 39
25594 40
25594 41
25594 42
25594 43
25594 44
25594 45
25594 46
25594 47
25594 48
25594 49
25594 50
25594 51
25594 52
25594 53
25594 54
25594 55
25594 56
25594 57
25594 58
25594 59
25595 0
25595 2
25595 3
25595 4
25595 5
25595 6
25595 7
25595 8
25595 9
25595 10
25595 11
25595 12
25595 13
25595 14
25595 15
25595 16
25595 17
25595 18
25595 19
25595 20
25595 21
25595 22
25595 23
25595 24
25595 25
25595 26
25595 27
25595 28
25595 29
25595 30
25595 31
25595 32
25595 33
25595 34
25595 35
25595 36
25595 37
25595 38
25595 39
25595 40
25595 41
25595 42
25595 45
25595 48
25595 52
25595 56
25595 63
25595 67
25595 72
25595 74
25595 80
25595 82
25597 0
25597 1
25597 2
25597 3
25597 4
25597 5
25597 6
25597 7
25597 8
25597 9
25597 10
25597 11
25597 12
25597 13
25597 14
25597 15
25597 16
25597 17
25597 18
25597 19
25597 20
25597 21
25597 22
25597 27
25597 28
25597 29
25597 30
25597 31
25597 32
25597 33
25599 0
25599 1
25599 2
25599 3
25599 4
25599 5
25599 6
25599 7
25599 8
25599 9
25599 10
25599 11
25599 13
25599 14
25599 15
25599 16
25599 19
25599 20
25599 21
25599 22
25599 23
25599 24
25599 25
25599 26
25599 27
25599 28
25599 29
25599 30
25599 31
25599 32
25599 33
25599 34
25599 35
25599 36
25599 37
25599 38
25599 39
25599 40
25599 41
25599 42
25599 43
25599 44
25599 45
25599 46
25599 47
25599 48
25599 49
25599 50
25599 51
25599 52
25599 53
25599 54
25599 55
25599 56
25599 57
25599 58
25599 59
25599 60
25599 61
25599 62
25599 63
25599 64
25599 65
25599 66
25599 67
25599 68
25599 69
25599 70
25599 71
25599 72
25599 73
25599 74
25599 75
25599 76
25599 77
25599 78
25599 79
25599 80
25600 0
25600 1
25600 2
25600 3
25600 4
25600 5
25600 6
25600 7
25600 8
25600 9
25600 10
25600 11
25600 12
25600 13
25600 14
25600 15
25600 16
25600 17
25600 18
25600 19
25600 20
25600 21
25600 22
25600 23
25600 24
25600 25
25600 26
25600 27
25600 29
25600 30
25600 31
25600 32
25600 33
25600 34
25600 35
25600 36
25600 37
25600 38
25600 39
25600 40
25600 41
25600 42
25600 43
25600 44
25600 45
25600 46
25600 47
25600 48
25600 49
25600 50
25600 51
25600 52
25600 53
25600 54
25600 55
25600 56
25600 57
25600 58
25600 59
25600 60
25600 61
25600 62
25600 63
25600 64
25600 65
25600 66
25600 67
25600 68
25600 69
25600 70
25600 239
25600 240
25600 241
25600 242
25600 243
25600 244
25600 245
25600 246
25600 247
25600 248
25600 249
25600 250
25600 251
25600 252
25600 253
25600 254
25600 255
25600 256
25600 257
25600 258
25600 259
25600 260
25600 261
25600 262
25600 263
25600 265
25600 266
25600 267
25600 268
25600 269
25600 270
25600 271
25600 272
25600 273
25600 274
25600 275
25600 276
25600 277
25600 278
25600 279
25600 280
25600 281
25600 282
25600 283
25600 284
25600 285
25600 286
25600 287
25600 288
25600 289
25600 290
25600 291
25600 292
25600 293
25600 294
25600 295
25600 296
25600 297
25600 298
25600 299
25601 0
25601 1
25601 2
25601 3
25601 4
25601 5
25601 6
25601 7
25601 8
25601 9
25601 10
25601 11
25601 12
25601 13
25601 14
25601 15
25601 16
25601 17
25601 18
25601 19
25601 20
25601 21
25601 22
25601 23
25601 24
25601 25
25601 26
25601 27
25601 28
25601 29
25601 30
25601 31
25601 32
25601 33
25601 34
25601 35
25601 36
25601 37
25601 38
25601 39
25601 40
25601 41
25601 42
25601 43
25601 44
25601 45
25601 46
25601 47
25601 48
25601 49
25601 50
25601 51
25601 52
25601 53
25601 54
25601 55
25601 56
25601 57
25601 58
25601 59
25601 60
25601 61
25601 62
25601 63
25601 64
25601 65
25601 66
25601 67
25601 68
25601 69
25601 70
25601 71
25601 72
25601 73
25601 74
25601 75
25601 76
25601 77
25601 78
25601 79
25601 80
25601 81
25601 82
25601 83
25601 84
25601 85
25601 86
25601 87
25601 88
25601 89
25601 90
25601 91
25601 92
25601 93
25601 94
25601 95
25601 96
25601 97
25601 98
25601 99
25601 100
25601 272
25601 273
25601 274
25601 275
25601 276
25601 277
25601 278
25601 279
25601 280
25601 281
25601 282
25601 283
25601 284
25601 285
25601 286
25601 287
25602 0
25602 1
25602 2
25602 3
25602 4
25602 5
25602 6
25602 7
25602 8
25602 9
25602 10
25602 11
25602 12
25602 13
25602 14
25602 15
25602 16
25602 17
25602 18
25602 19
25602 20
25602 21
25602 22
25602 23
25602 24
25602 25
25602 26
25602 27
25602 28
25602 29
25602 30
25602 31
25602 32
25602 33
25602 34
25602 35
25602 36
25602 37
25602 38
25602 39
25602 40
25602 41
25602 42
25602 43
25602 44
25602 45
25602 46
25602 47
25602 48
25602 50
25602 51
25602 52
25602 53
25602 54
25602 55
25602 56
25602 57
25602 58
25602 59
25602 60
25602 61
25602 62
25602 63
25602 64
25602 65
25602 66
25602 67
25602 68
25602 69
25602 70
25602 71
25602 72
25602 73
25602 74
25602 75
25602 77
25602 78
25602 79
25602 80
25602 82
25602 83
25602 84
25602 85
25602 86
25602 87
25602 88
25602 89
25602 90
25602 91
25602 92
25602 93
25602 94
25602 95
25602 96
25602 97
25602 98
25602 99
25602 100
25602 101
25602 102
25602 103
25602 104
25602 105
25602 106
25602 107
25602 108
25602 109
25602 110
25602 111
25602 112
25602 113
25602 114
25602 115
25602 116
25602 117
25602 118
25602 119
25602 120
25602 121
25602 122
25602 123
25602 124
25602 125
25602 126
25602 127
25602 128
25602 129
25602 130
25602 131
25602 132
25602 133
25602 134
25602 135
25602 136
25602 137
25602 138
25602 139
25602 140
25602 141
25602 142
25602 143
25602 144
25602 145
25602 146
25602 147
25602 148
25602 149
25602 150
25602 151
25602 152
25602 153
25602 154
25602 156
25602 157
25602 158
25602 159
25602 160
25602 161
25602 162
25602 163
25602 164
25602 165
25602 166
25602 167
25602 168
25602 169
25602 170
25602 171
25602 172
25602 173
25602 174
25602 175
25602 176
25602 177
25602 178
25602 179
25602 180
25602 181
25602 182
25602 183
25602 184
25602 185
25602 186
25602 187
25602 188
25602 189
25602 190
25602 191
25602 192
25602 193
25602 194
25602 196
25602 197
25602 198
25602 199
25602 200
25602 201
25602 202
25602 203
25602 204
25602 205
25602 207
25602 208
25602 209
25602 210
25602 211
25602 212
25602 213
25602 214
25602 215
25602 216
25602 217
25602 218
25602 220
25602 221
25602 222
25602 223
25602 224
25602 225
25602 226
25602 228
25602 229
25602 230
25602 232
25602 233
25602 234
25602 235
25602 236
25602 237
25602 238
25602 239
25602 240
25602 241
25602 242
25602 243
25602 244
25602 245
25602 246
25602 247
25602 248
25602 249
25602 251
25602 252
25602 253
25602 254
25602 255
25602 256
25602 257
25602 258
25602 259
25602 260
25602 261
25602 262
25602 263
25602 264
25602 265
25602 266
25602 267
25602 268
25602 269
25602 270
25602 271
25602 272
25602 273
25602 274
25602 275
25602 276
25602 277
25602 278
25602 279
25602 280
25602 281
25602 282
25602 283
25602 284
25602 287
25602 288
25602 289
25602 290
25602 296
25602 297
25602 298
25602 301
25602 302
25602 303
25602 304
25602 305
25602 306
25602 307
25602 308
25602 309
25602 310
25602 311
25602 312
25602 313
25602 314
25602 315
25602 316
25602 317
25602 491
25602 492
25602 493
25602 494
25602 495
25602 496
25602 497
25602 498
25602 499
25602 500
25602 501
25602 502
25602 503
25602 504
25602 505
25602 506
25602 507
25602 508
25602 509
25602 511
25602 512
25602 514
25602 515
25602 516
25602 517
25602 518
25602 519
25602 520
25602 521
25602 522
25602 523
25602 524
25602 526
25602 527
25602 528
25602 529
25602 530
25602 531
25602 532
25602 533
25602 534
25602 536
25602 537
25602 538
25602 539
25602 540
25602 541
25602 543
25602 544
25602 545
25602 546
25602 548
25602 549
25602 550
25602 551
25602 552
25602 553
25602 554
25602 555
25602 556
25602 557
25602 558
25602 559
25602 560
25602 561
25602 562
25602 563
25602 564
25602 565
25602 566
25602 567
25602 568
25602 569
25602 570
25602 571
25602 572
25602 573
25602 574
25602 575
25602 576
25602 577
25602 578
25602 579
25602 580
25602 581
25602 582
25602 583
25602 584
25602 585
25602 586
25602 587
25602 588
25602 590
25602 591
25602 592
25602 593
25602 594
25602 595
25604 0
25604 1
25604 2
25604 3
25604 4
25604 5
25604 6
25604 7
25604 8
25604 9
25604 10
25604 11
25604 12
25604 13
25604 14
25604 15
25604 16
25604 17
25604 18
25604 19
25604 20
25604 21
25604 22
25604 23
25604 24
25604 25
25604 26
25604 27
25604 28
25604 29
25604 30
25604 31
25604 32
25604 33
25604 34
25604 35
25604 36
25604 37
25604 38
25604 39
25604 40
25604 41
25604 42
25604 43
25604 44
25604 45
25604 46
25604 47
25604 48
25604 49
25604 50
25606 207
25606 208
25606 209
25606 210
25606 211
25606 212
25606 213
25606 214
25606 215
25606 216
25606 217
25606 218
25606 219
25606 220
25606 221
25606 222
25606 223
25606 224
25606 225
25606 226
25606 227
25606 228
25606 229
25606 230
25606 231
25606 232
25606 233
25606 234
25606 236
25606 237
25606 238
25606 239
25606 240
25606 241
25609 0
25609 1
25609 2
25609 3
25609 4
25609 5
25609 6
25609 7
25609 8
25609 9
25609 10
25609 11
25609 12
25609 13
25609 14
25609 15
25609 16
25609 17
25609 18
25609 19
25610 0
25610 1
25610 2
25610 3
25610 4
25610 5
25610 6
25610 7
25610 8
25610 11
25610 12
25610 13
25610 14
25610 15
25610 16
25610 17
25610 18
25610 19
25610 20
25610 21
25610 22
25610 23
25610 24
25610 25
25610 26
25610 27
25610 28
25610 29
25610 30
25610 31
25610 32
25610 33
25610 34
25610 35
25610 36
25610 37
25610 38
25610 39
25610 40
25610 41
25610 42
25610 43
25610 44
25610 45
25610 46
25610 47
25610 48
25610 49
25610 50
25610 51
25610 52
25610 53
25610 54
25610 55
25610 56
25610 57
25610 58
25610 59
25610 60
25610 61
25610 62
25610 63
25610 64
25610 65
25610 66
25610 67
25610 68
25610 69
25610 70
25610 71
25610 72
25610 73
25610 74
25610 75
25610 76
25610 77
25610 78
25610 79
25610 80
25610 81
25610 82
25610 83
25610 84
25610 85
25610 86
25610 87
25610 88
25610 89
25610 90
25610 91
25610 92
25610 93
25610 94
25610 95
25610 96
25610 97
25610 98
25610 99
25610 100
25610 101
25610 103
25610 104
25610 106
25610 107
25610 108
25610 109
25610 110
25610 111
25610 112
25610 113
25610 114
25610 115
25610 116
25610 117
25610 118
25610 119
25610 120
25610 121
25610 122
25610 123
25610 124
25610 125
25610 126
25610 127
25610 128
25610 129
25610 130
25610 131
25610 132
25610 133
25610 134
25610 135
25610 136
25610 137
25610 138
25610 139
25610 140
25610 141
25610 142
25610 143
25610 144
25610 145
25610 146
25610 147
25610 148
25610 149
25610 150
25610 151
25610 152
25610 153
25610 154
25610 155
25610 156
25610 157
25610 158
25610 159
25610 160
25610 161
25610 162
25610 163
25610 164
25610 165
25610 166
25610 167
25610 168
25610 169
25610 170
25610 171
25610 172
25610 173
25610 174
25610 175
25610 176
25610 177
25610 178
25610 179
25610 180
25610 181
25610 182
25610 183
25610 184
25610 185
25610 186
25610 187
25610 188
25610 189
25610 190
25610 191
25610 192
25610 193
25610 194
25610 195
25610 196
25610 197
25610 198
25610 200
25610 201
25610 202
25610 203
25610 204
25610 205
25610 206
25610 207
25610 208
25610 209
25610 210
25610 211
25610 212
25610 213
25610 214
25610 215
25610 216
25610 217
25610 218
25610 219
25610 220
25610 221
25610 222
25610 223
25610 224
25610 225
25610 226
25610 227
25610 228
25610 229
25610 230
25610 231
25610 232
25610 233
25610 234
25610 235
25610 236
25610 237
25610 238
25610 239
25610 240
25610 241
25610 242
25610 243
25610 244
25610 245
25610 246
25610 247
25610 248
25610 249
25610 250
25610 251
25610 252
25610 253
25610 254
25610 255
25610 256
25610 257
25610 258
25610 259
25610 260
25610 261
25610 262
25610 263
25610 264
25610 265
25610 266
25610 267
25610 268
25610 269
25610 270
25610 271
25610 272
25610 273
25610 274
25610 275
25610 276
25610 277
25610 278
25610 279
25610 280
25610 281
25610 282
25610 283
25610 284
25610 285
25610 286
25610 288
25610 289
25610 290
25610 291
25610 292
25610 293
25610 294
25610 296
25610 297
25610 298
25610 299
25610 300
25610 301
25610 302
25610 303
25610 304
25610 305
25610 306
25610 307
25610 308
25610 309
25610 310
25610 311
25610 312
25610 313
25610 314
25610 315
25610 316
25610 317
25610 318
25610 319
25610 320
25610 321
25610 322
25610 323
25610 324
25610 325
25610 326
25610 327
25610 328
25610 329
25610 330
25610 331
25610 332
25610 333
25610 334
25610 335
25610 336
25610 337
25610 338
25610 339
25610 340
25610 341
25610 342
25610 343
25610 344
25610 345
25611 4
25611 8
25611 21
25611 43
25611 52
25611 66
25611 72
25614 0
25614 1
25614 2
25614 3
25614 4
25614 5
25614 6
25614 7
25614 8
25614 9
25614 10
25614 11
25614 12
25614 13
25614 14
25614 15
25614 16
25614 17
25614 18
25614 19
25614 20
25614 21
25614 22
25614 23
25614 24
25614 25
25614 26
25614 27
25614 28
25614 29
25614 30
25614 31
25614 32
25614 33
25614 34
25614 35
25614 36
25614 37
25614 38
25614 39
25614 40
25614 41
25614 42
25614 43
25614 44
25614 45
25614 46
25614 47
25614 48
25614 49
25614 50
25614 51
25614 52
25614 53
25614 54
25614 55
25614 56
25614 57
25614 58
25614 59
25614 60
25614 61
25614 62
25614 63
25614 64
25614 65
25614 66
25614 67
25614 68
25614 69
25614 70
25614 71
25614 72
25614 73
25614 74
25614 75
25614 76
25614 77
25614 78
25614 79
25614 80
25614 81
25614 82
25614 83
25614 84
25614 85
25614 86
25614 87
25614 88
25614 89
25614 90
25614 91
25614 92
25614 93
25614 94
25614 95
25614 96
25614 97
25614 98
25614 99
25614 100
25614 101
25614 102
25614 103
25614 104
25614 105
25614 106
25614 107
25614 108
25614 109
25614 110
25614 111
25614 112
25614 113
25614 114
25614 115
25614 116
25614 119
25614 120
25614 121
25614 122
25614 123
25614 124
25614 125
25614 126
25614 127
25614 128
25614 129
25614 130
25614 131
25614 133
25614 134
25614 135
25614 136
25614 137
25614 138
25614 139
25614 140
25614 141
25614 142
25614 143
25614 144
25614 145
25614 146
25614 147
25614 148
25614 149
25614 150
25614 151
25614 152
25614 153
25614 154
25614 155
25614 156
25614 157
25614 158
25614 159
25614 160
25614 162
25614 163
25614 165
25614 166
25614 168
25614 169
25614 170
25614 172
25614 173
25614 174
25614 175
25614 176
25614 177
25614 178
25614 179
25614 180
25614 181
25614 182
25614 183
25614 184
25614 186
25614 187
25614 188
25614 190
25614 191
25614 193
25614 195
25614 199
25615 0
25615 1
25615 2
25615 3
25615 4
25615 5
25615 6
25615 7
25615 8
25615 9
25615 10
25615 11
25615 12
25615 13
25615 14
25615 15
25615 16
25615 17
25615 18
25615 19
25615 20
25615 21
25615 22
25615 23
25615 24
25615 25
25615 26
25615 27
25615 28
25615 29
25615 30
25615 31
25615 32
25615 33
25615 34
25615 35
25615 36
25615 37
25615 38
25615 39
25615 40
25615 41
25615 42
25615 43
25615 44
25615 45
25615 46
25615 47
25615 48
25615 49
25615 50
25615 51
25615 52
25615 53
25615 54
25615 55
25615 56
25615 57
25615 58
25615 59
25615 60
25615 61
25615 62
25615 63
25615 64
25615 65
25615 66
25615 67
25615 68
25615 69
25615 70
25615 71
25615 72
25615 73
25615 74
25615 75
25615 76
25615 77
25615 78
25615 79
25615 80
25615 81
25615 82
25615 83
25615 84
25615 85
25615 86
25615 87
25615 88
25615 89
25615 90
25615 91
25615 92
25615 93
25615 94
25615 95
25615 97
25615 98
25615 99
25615 100
25615 101
25615 102
25615 103
25615 104
25615 105
25615 106
25615 107
25615 108
25615 109
25615 110
25615 111
25615 112
25615 113
25615 114
25615 115
25615 116
25615 117
25615 118
25615 119
25615 120
25615 121
25616 0
25616 1
25616 3
25616 4
25616 6
25616 7
25616 8
25616 9
25616 10
25616 11
25616 12
25616 13
25616 14
25616 15
25616 16
25616 17
25616 18
25616 20
25616 21
25616 22
25616 23
25616 24
25616 25
25616 26
25616 27
25616 28
25616 29
25616 30
25616 31
25616 32
25616 33
25616 34
25616 35
25616 36
25616 37
25616 38
25616 39
25616 40
25616 41
25616 43
25616 44
25616 48
25616 49
25616 50
25616 51
25616 52
25616 53
25616 54
25616 55
25616 56
25616 57
25616 58
25616 59
25616 60
25616 61
25616 62
25616 64
25616 65
25616 66
25616 67
25616 68
25616 69
25616 70
25616 71
25616 73
25616 74
25616 75
25616 76
25616 77
25616 78
25616 79
25616 80
25616 81
25616 82
25616 83
25616 84
25616 85
25616 87
25616 88
25616 89
25616 90
25616 91
25616 92
25616 93
25616 96
25616 97
25616 98
25616 99
25616 100
25616 101
25616 102
25616 103
25616 104
25616 106
25616 107
25616 108
25616 110
25616 111
25616 112
25616 113
25616 114
25616 115
25616 116
25616 117
25616 118
25616 119
25616 120
25616 121
25616 122
25616 123
25616 124
25616 125
25616 126
25616 127
25616 128
25616 129
25616 130
25616 131
25616 132
25616 133
25616 135
25616 136
25616 137
25616 139
25616 140
25616 141
25616 142
25616 143
25616 144
25616 145
25616 146
25616 147
25616 148
25616 149
25616 150
25616 151
25616 152
25616 153
25616 154
25616 155
25616 156
25616 157
25616 158
25616 159
25616 160
25616 161
25616 162
25616 163
25616 164
25616 166
25616 167
25616 168
25616 169
25616 170
25616 171
25616 172
25616 173
25616 174
25616 175
25616 177
25616 178
25616 179
25616 180
25616 181
25616 182
25616 183
25616 184
25616 185
25616 186
25616 187
25616 188
25616 189
25616 190
25616 191
25616 192
25616 193
25616 195
25616 196
25616 197
25616 198
25616 200
25616 201
25616 202
25616 203
25616 204
25616 205
25616 206
25616 207
25616 209
25616 210
25616 211
25616 212
25616 213
25616 214
25616 216
25616 217
25616 218
25616 221
25616 222
25616 223
25616 225
25616 226
25616 227
25616 229
25616 230
25616 231
25616 232
25616 233
25616 234
25616 235
25616 236
25616 237
25616 239
25616 240
25616 241
25616 242
25616 243
25616 244
25616 245
25616 246
25616 247
25616 248
25616 249
25616 250
25616 251
25616 252
25616 253
25616 254
25616 255
25616 256
25616 257
25616 258
25616 259
25616 260
25616 261
25616 262
25616 263
25616 264
25616 266
25616 267
25616 268
25616 269
25616 270
25616 271
25616 272
25616 274
25616 275
25616 276
25616 277
25616 278
25616 280
25616 281
25616 283
25616 284
25616 286
25616 287
25616 288
25616 289
25616 290
25616 291
25616 293
25616 294
25616 295
25616 296
25616 298
25616 299
25616 300
25616 301
25616 304
25616 306
25616 307
25616 308
25616 309
25616 310
25616 311
25616 312
25616 313
25616 314
25616 315
25616 316
25616 317
25616 318
25616 319
25616 320
25616 321
25616 322
25616 324
25616 325
25616 326
25616 328
25616 329
25616 330
25616 331
25616 332
25616 333
25616 334
25616 335
25616 336
25616 337
25618 0
25618 1
25618 2
25618 3
25618 4
25618 5
25618 6
25618 7
25618 8
25618 9
25618 10
25618 11
25618 12
25618 13
25618 14
25618 15
25621 15
25621 16
25621 18
25621 19
25621 20
25621 21
25621 22
25621 23
25621 24
25621 25
25621 26
25621 27
25621 28
25621 29
25621 30
25621 31
25621 32
25621 33
25621 34
25621 35
25621 36
25621 37
25621 38
25621 39
25621 40
25621 41
25622 0
25622 1
25622 2
25622 3
25622 4
25622 5
25622 6
25622 7
25622 8
25622 9
25622 10
25622 11
25622 12
25622 13
25622 14
25622 15
25622 16
25622 17
25622 18
25622 19
25622 20
25622 21
25622 22
25622 23
25622 24
25622 25
25622 26
25622 27
25622 28
25622 29
25622 30
25622 31
25622 32
25622 33
25622 34
25622 35
25622 36
25622 37
25622 38
25622 39
25622 40
25622 41
25622 42
25622 43
25622 44
25622 45
25622 46
25622 47
25622 54
25622 57
25622 58
25622 59
25622 60
25622 61
25622 62
25622 63
25622 64
25622 65
25622 66
25622 67
25622 68
25622 69
25622 70
25622 71
25623 27
25623 28
25623 29
25623 30
25623 31
25623 32
25623 33
25623 34
25623 35
25623 36
25623 37
25623 38
25623 39
25623 40
25623 41
25623 42
25623 43
25623 44
25623 45
25623 46
25623 47
25623 48
25623 49
25623 50
25623 51
25623 52
25623 53
25623 54
25623 55
25623 56
25623 57
25623 58
25623 59
25623 60
25623 61
25623 62
25623 63
25623 64
25623 65
25623 66
25623 67
25623 68
25623 69
25623 70
25623 71
25623 72
25623 73
25623 74
25623 75
25623 76
25623 77
25623 78
25623 79
25623 80
25623 81
25623 82
25623 83
25623 84
25623 85
25623 86
25623 87
25623 88
25623 89
25623 90
25623 91
25623 92
25623 93
25623 94
25623 95
25623 96
25623 97
25623 98
25623 99
25623 100
25623 101
25623 102
25623 103
25623 104
25623 105
25623 106
25623 107
25623 108
25623 109
25623 110
25623 111
25623 112
25623 113
25623 114
25623 115
25623 116
25623 117
25623 118
25623 119
25623 120
25623 121
25623 122
25623 123
25623 124
25623 125
25623 126
25623 127
25623 128
25623 129
25623 130
25623 131
25623 132
25623 133
25623 134
25623 135
25623 136
25623 137
25623 138
25623 139
25623 140
25623 141
25623 142
25623 143
25623 144
25623 145
25623 146
25623 147
25623 148
25623 149
25623 150
25623 151
25623 152
25623 153
25623 154
25623 155
25623 156
25623 157
25623 158
25623 159
25623 160
25623 161
25623 162
25623 163
25623 164
25623 165
25623 166
25623 167
25623 168
25623 169
25623 170
25623 171
25623 172
25623 173
25623 174
25623 175
25623 176
25623 177
25623 178
25623 179
25623 180
25623 181
25623 182
25623 183
25623 184
25623 185
25623 186
25623 187
25623 188
25623 189
25623 190
25623 191
25623 192
25623 193
25623 194
25623 195
25623 196
25623 197
25623 198
25623 199
25623 200
25623 201
25623 202
25623 203
25623 204
25623 205
25623 206
25623 207
25623 208
25623 209
25623 210
25623 211
25623 212
25623 213
25623 214
25623 215
25623 216
25623 217
25623 218
25623 219
25623 220
25623 221
25623 222
25623 223
25623 224
25623 225
25623 226
25623 227
25623 228
25623 229
25623 230
25623 231
25623 232
25623 233
25623 234
25623 235
25623 236
25623 237
25623 238
25624 0
25624 1
25624 2
25624 3
25624 4
25624 5
25624 6
25624 7
25624 8
25624 9
25624 10
25624 11
25624 12
25624 13
25624 14
25624 15
25624 16
25624 17
25624 18
25624 19
25624 20
25624 21
25624 22
25624 23
25624 24
25624 25
25624 26
25624 27
25624 28
25624 29
25624 30
25624 31
25624 32
25624 33
25624 34
25624 35
25624 36
25624 37
25624 38
25624 39
25624 40
25624 41
25624 42
25624 43
25624 44
25624 45
25624 46
25624 47
25624 48
25624 49
25624 50
25624 51
25624 52
25624 53
25624 54
25624 55
25624 56
25624 57
25624 58
25624 59
25624 60
25624 61
25624 62
25624 63
25624 64
25624 65
25624 66
25624 67
25624 68
25624 69
25624 70
25624 71
25624 72
25624 73
25624 74
25624 75
25624 77
25624 78
25624 79
25624 80
25624 81
25624 82
25624 83
25624 84
25624 85
25624 86
25624 87
25624 88
25624 89
25624 90
25624 91
25624 92
25624 93
25624 94
25624 95
25624 122
25624 123
25624 124
25624 125
25624 126
25624 127
25624 128
25624 129
25624 130
25624 131
25624 132
25624 133
25624 134
25624 135
25624 136
25624 137
25624 138
25624 139
25624 140
25624 141
25624 142
25624 143
25625 0
25625 1
25625 2
25625 3
25625 4
25625 5
25625 6
25625 7
25625 8
25625 9
25625 10
25625 11
25625 12
25625 13
25625 14
25625 15
25625 16
25625 17
25625 18
25625 19
25625 20
25625 21
25625 22
25625 23
25625 24
25625 25
25625 26
25625 27
25625 28
25625 29
25625 30
25625 31
25625 32
25625 33
25625 34
25625 35
25625 36
25625 37
25625 38
25625 39
25625 40
25625 41
25625 43
25625 44
25625 45
25625 46
25625 47
25625 48
25625 49
25625 50
25625 51
25625 52
25625 53
25625 54
25625 55
25625 56
25625 57
25625 58
25625 59
25625 60
25625 61
25625 62
25625 63
25625 64
25625 65
25625 66
25625 67
25625 68
25625 69
25625 70
25625 71
25625 72
25625 73
25625 74
25625 75
25625 77
25625 78
25625 80
25625 81
25625 82
25625 83
25625 84
25625 85
25625 86
25625 87
25625 88
25625 89
25625 90
25625 91
25625 92
25625 93
25625 94
25625 95
25625 96
25625 97
25625 98
25625 99
25625 100
25625 101
25625 102
25625 103
25625 104
25625 105
25625 106
25625 107
25625 108
25625 109
25625 110
25625 111
25625 112
25625 113
25625 114
25625 115
25625 116
25625 117
25625 118
25625 119
25625 120
25625 121
25625 122
25625 123
25625 124
25625 125
25625 126
25625 127
25625 128
25625 129
25625 130
25625 131
25625 132
25625 133
25625 134
25625 135
25625 136
25625 137
25625 138
25625 139
25625 140
25625 141
25625 142
25625 143
25625 144
25625 145
25625 146
25625 147
25625 148
25625 149
25625 151
25625 152
25625 153
25625 154
25625 155
25625 156
25625 157
25625 158
25625 159
25625 160
25625 161
25625 162
25625 163
25625 164
25625 165
25625 166
25625 167
25625 168
25625 169
25625 170
25625 171
25625 172
25625 173
25625 174
25625 175
25625 176
25625 177
25625 178
25625 179
25625 180
25625 181
25625 182
25625 183
25625 184
25625 185
25625 186
25625 190
25625 191
25625 192
25625 193
25625 195
25625 196
25625 197
25625 199
25625 200
25625 201
25625 202
25625 203
25625 207
25625 209
25625 210
25625 211
25625 212
25625 213
25625 214
25625 215
25625 216
25625 218
25625 219
25625 220
25625 222
25625 224
25625 226
25625 227
25625 228
25625 230
25625 231
25625 234
25625 236
25625 240
25625 241
25625 242
25625 244
25625 245
25625 247
25625 248
25625 249
25625 250
25625 252
25626 0
25626 1
25626 2
25626 3
25626 4
25626 5
25626 6
25626 7
25626 8
25626 9
25626 10
25626 11
25626 12
25626 13
25626 14
25626 15
25626 16
25626 17
25626 18
25626 19
25626 20
25626 21
25626 22
25626 23
25626 24
25626 25
25626 26
25626 27
25626 28
25626 29
25626 30
25626 31
25626 32
25626 33
25626 34
25626 35
25626 42
25626 43
25626 44
25626 45
25626 46
25626 47
25626 48
25626 49
25626 50
25626 51
25626 52
25626 53
25626 54
25626 55
25626 56
25626 57
25626 58
25626 59
25626 60
25626 61
25626 62
25626 63
25626 64
25626 65
25626 66
25626 67
25626 68
25626 69
25626 70
25626 71
25626 72
25626 73
25626 74
25626 75
25626 76
25626 77
25626 78
25626 79
25626 81
25626 82
25626 83
25626 84
25626 85
25626 86
25626 87
25626 88
25626 89
25626 90
25626 91
25626 92
25626 93
25626 94
25626 95
25626 96
25626 97
25626 98
25626 99
25626 100
25626 101
25626 102
25626 103
25626 104
25626 105
25626 106
25626 107
25626 108
25626 109
25626 110
25626 111
25626 112
25626 113
25626 114
25626 115
25626 116
25626 117
25626 118
25626 119
25626 120
25626 121
25626 122
25626 123
25626 124
25626 125
25626 126
25626 127
25626 128
25626 129
25626 130
25626 131
25626 132
25626 133
25626 134
25626 135
25626 136
25626 137
25626 138
25626 139
25626 140
25626 141
25626 142
25626 143
25626 144
25626 145
25626 146
25626 147
25626 148
25626 149
25626 150
25626 151
25626 152
25626 153
25626 154
25626 155
25626 156
25626 157
25626 158
25626 159
25626 160
25626 161
25626 162
25626 163
25626 164
25626 165
25626 166
25626 167
25626 168
25626 169
25626 170
25626 171
25626 172
25626 173
25626 174
25626 175
25626 176
25626 177
25626 178
25626 179
25626 180
25626 181
25626 182
25626 183
25626 184
25626 185
25626 186
25626 187
25626 188
25626 189
25626 190
25626 191
25626 192
25626 193
25626 194
25626 195
25626 196
25626 197
25626 198
25626 199
25626 200
25626 201
25626 202
25626 203
25626 204
25626 205
25626 206
25626 207
25626 208
25626 209
25626 210
25626 211
25626 212
25626 213
25626 214
25626 215
25626 216
25626 217
25626 218
25626 219
25626 220
25626 221
25626 222
25626 223
25626 224
25626 225
25626 226
25626 227
25626 228
25626 229
25626 230
25626 231
25626 232
25626 233
25626 234
25626 235
25626 236
25626 237
25626 238
25626 239
25626 240
25626 241
25626 242
25626 243
25626 244
25626 245
25626 246
25626 247
25626 248
25626 249
25626 250
25626 251
25626 252
25626 253
25626 254
25626 255
25626 256
25626 257
25626 258
25626 260
25626 261
25626 262
25626 263
25626 264
25626 265
25626 266
25626 267
25626 268
25626 269
25626 270
25626 271
25626 272
25626 273
25626 274
25626 275
25626 276
25626 277
25626 278
25626 279
25626 280
25626 281
25626 282
25626 283
25626 284
25626 285
25626 286
25626 287
25626 288
25626 289
25626 290
25626 291
25626 292
25626 293
25626 294
25626 295
25626 296
25626 297
25626 298
25626 299
25626 300
25626 301
25626 302
25626 303
25626 304
25626 305
25626 306
25626 307
25626 308
25626 309
25626 310
25626 311
25626 312
25626 313
25626 314
25626 315
25626 316
25626 317
25626 318
25626 319
25626 320
25626 321
25626 323
25626 324
25626 325
25626 326
25626 327
25626 328
25626 329
25626 330
25626 332
25626 333
25626 334
25626 335
25626 336
25626 337
25626 339
25626 340
25626 342
25626 343
25626 345
25626 346
25626 348
25626 350
25626 351
25626 352
25626 353
25626 354
25626 355
25626 356
25626 357
25626 358
25626 359
25626 360
25626 361
25626 362
25626 363
25626 364
25626 366
25626 367
25626 368
25626 369
25626 370
25626 372
25626 373
25626 374
25626 375
25626 376
25626 377
25626 380
25626 381
25626 382
25626 383
25626 384
25626 385
25626 386
25626 387
25626 388
25626 389
25626 390
25626 391
25626 392
25626 393
25626 394
25626 395
25626 396
25626 397
25626 398
25626 399
25626 400
25626 401
25626 402
25626 403
25626 404
25626 407
25626 408
25626 410
25626 411
25626 412
25626 413
25626 414
25626 416
25626 417
25626 418
25626 420
25626 422
25626 424
25626 425
25626 426
25626 427
25626 428
25626 429
25626 430
25626 431
25626 432
25626 433
25626 434
25626 435
25626 436
25626 438
25626 439
25626 440
25626 441
25626 442
25626 443
25626 444
25626 445
25626 446
25626 447
25626 448
25626 450
25626 451
25626 453
25626 454
25626 456
25626 457
25626 458
25626 459
25626 460
25626 461
25626 462
25626 463
25626 464
25626 465
25626 467
25626 469
25626 470
25626 471
25626 472
25626 473
25626 474
25626 475
25626 476
25626 478
25626 479
25626 482
25626 483
25626 484
25626 485
25626 486
25626 487
25626 489
25626 491
25626 492
25626 493
25626 494
25626 495
25626 496
25626 498
25626 499
25626 500
25626 501
25626 503
25626 504
25626 505
25626 506
25626 507
25626 508
25626 510
25626 512
25626 513
25626 514
25626 515
25626 516
25626 517
25626 518
25626 547
25626 548
25626 553
25626 554
25626 555
25626 557
25626 558
25626 559
25626 560
25626 561
25626 563
25626 564
25626 565
25626 566
25626 567
25626 568
25626 570
25626 571
25626 572
25626 573
25626 574
25626 575
25626 576
25626 577
25626 578
25626 579
25626 580
25626 581
25628 0
25628 1
25628 2
25628 3
25628 4
25628 5
25628 6
25628 7
25628 8
25628 9
25628 10
25628 11
25628 12
25628 13
25628 14
25628 15
25628 16
25628 17
25628 18
25628 19
25628 20
25628 21
25628 22
25628 23
25628 24
25628 25
25628 26
25628 27
25628 28
25628 29
25628 30
25628 31
25628 32
25629 0
25629 1
25629 4
25629 5
25629 6
25629 7
25629 73
25629 74
25629 75
25629 76
25629 77
25629 78
25629 79
25629 80
25629 81
25629 82
25629 83
25629 85
25629 86
25629 87
25629 88
25629 89
25629 90
25629 91
25629 92
25629 93
25629 94
25629 95
25630 211
25630 212
25630 214
25630 215
25630 217
25630 218
25630 220
25630 221
25630 223
25630 228
25630 229
25630 230
25630 233
25630 234
25630 236
25630 237
25630 241
25633 170
25633 171
25633 172
25633 173
25633 174
25633 175
25633 176
25633 177
25633 178
25633 179
25633 180
25633 181
25633 182
25633 183
25633 184
25633 185
25633 186
25633 187
25633 188
25633 189
25633 190
25633 191
25633 192
25633 193
25633 194
25633 195
25633 196
25633 197
25633 198
25633 199
25633 200
25633 201
25633 203
25633 204
25633 205
25633 206
25633 207
25633 208
25633 209
25633 210
25633 211
25633 212
25633 213
25633 216
25633 217
25633 218
25633 219
25633 220
25633 221
25633 222
25633 223
25633 224
25633 225
25633 226
25633 227
25633 228
25633 230
25633 231
25633 232
25633 233
25633 234
25634 0
25634 1
25634 2
25634 3
25634 4
25634 5
25634 6
25634 7
25634 8
25634 9
25634 18
25634 19
25634 20
25634 21
25634 22
25634 23
25634 24
25634 25
25634 26
25634 27
25634 28
25634 29
25634 30
25634 31
25634 32
25634 33
25634 34
25634 35
25634 36
25634 37
25635 444
25635 445
25635 446
25635 449
25635 450
25635 451
25635 452
25635 453
25635 454
25635 455
25635 456
25635 457
25635 458
25635 459
25635 460
25635 461
25635 462
25635 463
25635 464
25635 465
25635 466
25635 467
25635 468
25635 469
25635 470
25635 471
25635 472
25635 473
25635 474
25635 475
25635 476
25635 477
25635 478
25635 479
25635 480
25635 481
25635 482
25635 483
25635 484
25635 485
25635 486
25635 487
25635 488
25635 489
25635 492
25635 493
25635 494
25635 495
25635 496
25635 497
25635 498
25635 499
25635 500
25635 501
25635 502
25635 503
25635 504
25635 505
25635 506
25635 507
25635 509
25635 510
25635 511
25635 512
25635 513
25635 514
25635 515
25635 516
25635 517
25635 518
25635 519
25635 520
25635 521
25635 522
25635 523
25635 524
25635 525
25635 526
25635 527
25635 528
25635 529
25635 530
25635 531
25635 532
25635 533
25635 534
25635 535
25635 536
25635 537
25635 538
25635 539
25635 540
25635 541
25635 542
25635 543
25635 544
25635 545
25635 546
25635 547
25635 548
25635 549
25635 550
25635 551
25635 552
25635 553
25635 554
25635 556
25635 557
25635 558
25635 559
25635 560
25635 561
25635 563
25635 564
25635 565
25635 566
25635 567
25635 568
25635 569
25635 570
25635 571
25635 572
25635 573
25635 574
25635 575
25635 576
25635 577
25635 578
25635 579
25635 580
25635 581
25635 582
25635 583
25635 584
25635 585
25635 586
25635 587
25635 588
25635 589
25635 600
25635 601
25635 602
25635 603
25635 604
25635 605
25635 606
25635 607
25635 608
25635 609
25635 610
25635 612
25636 0
25636 1
25636 2
25636 3
25636 4
25636 5
25636 6
25636 7
25636 8
25636 9
25636 10
25636 11
25636 12
25636 15
25636 16
25636 18
25636 19
25636 20
25636 21
25636 22
25636 23
25636 24
25636 25
25636 26
25636 27
25636 28
25636 29
25636 30
25636 31
25636 32
25636 33
25636 34
25636 35
25636 36
25636 37
25636 38
25636 39
25636 40
25636 41
25636 42
25636 43
25636 44
25636 45
25636 46
25636 47
25636 48
25636 49
25636 50
25636 51
25636 52
25636 53
25636 54
25636 55
25636 56
25636 57
25636 58
25636 59
25636 60
25636 61
25636 62
25636 63
25636 64
25636 65
25636 66
25636 67
25636 68
25636 69
25636 70
25636 71
25636 72
25636 73
25636 74
25636 75
25636 76
25636 77
25636 79
25636 80
25636 81
25636 82
25636 83
25636 84
25636 85
25636 86
25636 87
25636 88
25636 89
25636 90
25636 91
25636 92
25636 94
25636 95
25636 96
25636 97
25636 98
25636 99
25636 100
25636 101
25636 102
25636 103
25636 104
25636 105
25636 106
25636 107
25636 108
25636 109
25636 110
25636 111
25636 112
25636 113
25636 114
25636 115
25636 116
25636 117
25636 118
25636 119
25636 120
25636 121
25636 122
25636 123
25636 124
25636 125
25636 126
25636 127
25636 128
25636 129
25636 130
25636 131
25636 132
25636 133
25636 134
25636 135
25636 136
25636 137
25636 138
25636 139
25636 140
25636 141
25636 142
25636 143
25636 144
25636 145
25636 146
25636 147
25636 148
25636 149
25636 150
25636 151
25636 152
25636 153
25636 154
25636 155
25636 156
25636 157
25636 158
25636 159
25636 160
25636 161
25636 162
25636 163
25636 164
25636 165
25636 166
25636 167
25636 168
25636 170
25636 171
25636 172
25636 173
25636 174
25636 175
25636 176
25636 177
25636 178
25636 179
25636 180
25636 181
25636 182
25636 183
25636 184
25636 185
25636 186
25636 188
25636 189
25636 192
25636 193
25636 194
25636 196
25636 197
25636 198
25636 199
25636 200
25636 201
25636 202
25636 205
25636 206
25636 207
25636 208
25636 209
25636 210
25636 212
25636 214
25636 215
25636 217
25636 218
25636 219
25636 220
25636 221
25636 222
25636 223
25636 224
25636 225
25636 226
25636 227
25636 229
25636 230
25636 231
25636 232
25636 233
25636 234
25636 235
25636 237
25636 238
25636 239
25636 240
25636 241
25636 242
25636 243
25636 244
25636 245
25636 246
25636 247
25636 248
25636 249
25636 250
25636 253
25636 257
25636 258
25636 259
25636 260
25636 261
25636 262
25636 263
25636 264
25636 266
25636 267
25636 268
25636 269
25636 270
25636 274
25636 276
25636 277
25636 278
25636 280
25636 281
25636 282
25636 283
25636 284
25636 285
25636 286
25636 287
25636 288
25636 289
25636 290
25636 291
25636 292
25636 293
25636 294
25636 295
25636 296
25636 297
25636 298
25636 299
25636 300
25636 301
25636 302
25636 303
25636 305
25636 306
25636 307
25636 309
25636 310
25636 312
25636 313
25638 0
25638 1
25638 2
25638 3
25638 4
25638 5
25638 6
25638 7
25638 8
25638 9
25638 10
25638 11
25638 12
25638 13
25638 14
25638 15
25638 16
25638 17
25638 18
25638 19
25638 20
25638 21
25638 22
25638 23
25638 24
25638 25
25638 26
25638 27
25638 28
25638 29
25638 30
25638 31
25638 32
25638 33
25638 34
25638 35
25638 36
25638 37
25638 38
25638 39
25638 40
25638 41
25638 42
25638 43
25638 44
25638 45
25638 46
25638 47
25638 48
25638 49
25638 50
25638 51
25638 52
25638 53
25638 54
25638 55
25638 56
25638 57
25638 58
25638 59
25638 60
25638 61
25638 62
25638 63
25638 64
25638 65
25638 66
25638 67
25638 68
25638 69
25638 70
25638 71
25638 72
25638 73
25638 74
25638 75
25638 76
25638 77
25638 78
25638 79
25638 80
25638 81
25638 82
25638 83
25638 84
25638 85
25638 86
25638 87
25638 88
25638 89
25638 90
25638 91
25638 92
25638 93
25638 94
25638 95
25638 96
25638 97
25638 98
25638 99
25638 100
25638 101
25638 102
25638 103
25638 104
25638 105
25638 106
25638 107
25638 108
25638 109
25638 110
25638 111
25638 112
25638 113
25638 114
25638 115
25638 116
25638 117
25638 118
25638 119
25638 120
25638 121
25638 122
25638 123
25638 125
25638 126
25638 127
25638 128
25638 129
25638 130
25638 131
25638 132
25638 133
25638 134
25638 135
25638 136
25638 137
25638 138
25638 139
25638 140
25638 154
25638 155
25638 156
25638 157
25638 158
25638 159
25638 160
25638 161
25638 162
25638 163
25638 164
25638 165
25638 166
25638 167
25638 168
25638 169
25638 170
25638 171
25638 172
25638 173
25638 174
25638 175
25638 176
25638 177
25638 178
25638 179
25638 180
25638 181
25638 182
25638 183
25638 184
25638 185
25638 186
25638 187
25638 188
25638 189
25638 190
25638 191
25638 192
25638 193
25638 194
25638 195
25638 196
25638 197
25638 198
25638 199
25638 200
25638 201
25638 202
25638 203
25638 204
25638 205
25638 206
25638 207
25638 208
25638 209
25638 210
25638 211
25638 212
25638 213
25638 214
25638 215
25638 216
25638 217
25638 218
25638 219
25638 220
25638 221
25638 222
25638 223
25638 224
25638 225
25638 226
25638 227
25638 228
25638 229
25638 231
25638 232
25638 233
25638 234
25638 235
25638 236
25638 237
25638 238
25638 239
25638 240
25638 241
25638 242
25638 243
25638 244
25638 245
25638 246
25638 247
25638 248
25638 249
25638 250
25638 251
25638 252
25638 253
25638 254
25638 255
25638 256
25638 257
25638 258
25638 259
25638 260
25638 261
25638 262
25638 263
25638 264
25638 265
25638 266
25638 267
25638 268
25638 269
25638 270
25638 271
25638 272
25638 273
25638 274
25638 275
25638 276
25638 277
25638 278
25638 279
25638 280
25638 281
25638 282
25638 283
25638 284
25638 285
25638 286
25638 287
25638 289
25638 290
25638 291
25638 292
25639 0
25639 1
25639 2
25639 3
25639 4
25639 5
25639 6
25639 7
25639 8
25639 9
25639 10
25639 11
25639 12
25639 13
25639 14
25639 15
25639 16
25639 17
25639 18
25639 19
25639 20
25639 21
25639 22
25639 23
25639 24
25639 25
25639 26
25639 27
25639 28
25639 29
25639 30
25639 31
25639 32
25639 33
25639 34
25639 35
25639 36
25639 37
25639 38
25639 39
25639 43
25639 48
25639 49
25639 50
25639 51
25639 52
25639 53
25639 54
25639 55
25639 56
25639 57
25639 58
25639 59
25639 60
25639 61
25639 62
25639 63
25639 64
25639 65
25639 66
25639 67
25639 68
25639 69
25639 70
25639 71
25639 72
25639 73
25639 74
25639 75
25639 76
25639 78
25639 79
25639 80
25639 81
25639 82
25639 83
25639 84
25639 85
25642 0
25642 1
25642 2
25642 3
25642 4
25642 5
25642 6
25642 7
25642 8
25642 9
25642 10
25642 11
25642 12
25642 13
25642 14
25642 15
25642 16
25642 17
25642 18
25642 19
25642 20
25642 21
25642 22
25642 23
25642 24
25642 25
25642 26
25642 27
25642 28
25642 29
25642 30
25642 31
25642 32
25642 33
25642 34
25642 35
25642 36
25642 37
25642 38
25642 39
25642 40
25642 41
25642 42
25642 43
25642 44
25642 45
25642 46
25642 47
25642 48
25642 49
25642 50
25642 51
25642 52
25642 53
25642 54
25642 55
25642 56
25642 57
25642 58
25642 59
25642 60
25642 61
25642 62
25642 63
25642 64
25642 65
25642 66
25642 67
25642 68
25642 69
25642 70
25642 71
25642 72
25642 73
25642 74
25642 75
25642 76
25642 77
25642 78
25642 79
25642 80
25642 81
25642 82
25642 83
25642 84
25642 85
25642 86
25642 87
25642 88
25642 89
25642 90
25642 91
25642 92
25642 94
25642 95
25642 96
25642 97
25642 98
25642 99
25642 100
25642 101
25642 102
25642 103
25642 104
25642 105
25642 111
25642 112
25642 113
25642 114
25642 115
25642 116
25642 117
25642 118
25642 119
25642 120
25642 121
25642 122
25642 123
25642 124
25642 126
25642 127
25642 128
25642 129
25642 130
25642 131
25642 132
25642 133
25642 134
25642 135
25642 136
25642 137
25642 138
25642 139
25642 140
25642 141
25642 142
25642 143
25642 144
25642 145
25642 146
25642 147
25642 148
25642 149
25642 150
25642 151
25642 152
25642 153
25642 154
25642 155
25642 156
25642 157
25642 158
25642 159
25642 160
25642 161
25642 162
25642 163
25642 164
25642 165
25642 166
25642 167
25642 168
25642 169
25642 170
25642 171
25642 172
25642 173
25642 174
25642 175
25642 176
25642 177
25642 178
25642 179
25642 180
25642 181
25642 182
25642 183
25642 184
25642 185
25642 186
25642 187
25642 188
25642 189
25642 190
25642 191
25642 206
25642 207
25642 208
25642 209
25642 210
25642 211
25642 212
25642 213
25642 214
25642 215
25642 216
25642 217
25642 218
25642 219
25642 220
25642 221
25642 222
25642 223
25642 224
25642 225
25642 226
25642 227
25642 228
25642 229
25642 230
25642 231
25642 232
25642 233
25642 234
25642 235
25642 236
25642 237
25642 238
25642 239
25642 240
25642 241
25642 242
25642 243
25642 244
25642 245
25642 246
25642 247
25642 248
25642 249
25642 250
25642 251
25642 252
25642 253
25642 254
25642 255
25642 256
25642 257
25642 258
25642 259
25642 260
25642 261
25642 262
25642 263
25642 264
25642 265
25642 266
25642 267
25642 268
25642 269
25642 270
25642 271
25642 272
25642 273
25642 274
25642 275
25642 276
25642 277
25642 279
25642 280
25642 281
25642 282
25642 283
25643 0
25643 1
25643 2
25643 3
25643 4
25643 5
25643 6
25643 7
25643 8
25643 9
25643 10
25643 11
25643 12
25643 13
25643 14
25643 15
25643 16
25643 17
25643 18
25643 19
25643 20
25643 21
25643 22
25643 23
25643 24
25643 25
25643 26
25643 28
25643 29
25643 30
25643 31
25643 32
25643 33
25643 34
25643 35
25643 36
25643 37
25643 38
25643 39
25643 40
25643 41
25643 42
25643 43
25643 44
25643 45
25643 46
25643 47
25643 48
25643 49
25643 50
25643 51
25643 52
25643 53
25643 54
25643 55
25643 56
25643 57
25643 58
25643 59
25643 60
25643 61
25643 62
25643 63
25643 64
25643 65
25643 66
25643 67
25643 68
25643 69
25643 70
25643 71
25643 72
25643 73
25643 74
25643 75
25643 76
25643 77
25643 78
25643 79
25643 80
25643 81
25643 82
25643 83
25643 84
25643 85
25643 86
25643 87
25643 88
25643 89
25643 91
25643 92
25643 93
25643 94
25643 95
25643 96
25643 97
25643 98
25643 99
25643 100
25643 101
25643 102
25643 103
25643 104
25643 105
25643 106
25643 107
25643 108
25643 109
25643 110
25643 111
25643 112
25643 113
25643 114
25643 115
25643 116
25644 0
25644 1
25644 2
25644 3
25644 4
25644 5
25644 6
25644 7
25644 8
25644 9
25644 10
25644 11
25644 12
25644 13
25644 14
25644 15
25644 16
25644 17
25644 18
25644 19
25644 20
25644 21
25644 22
25644 23
25644 24
25644 25
25644 26
25644 27
25644 28
25644 29
25644 30
25644 31
25644 32
25644 33
25644 34
25644 35
25644 38
25645 0
25645 1
25645 2
25645 3
25645 4
25645 5
25645 6
25645 7
25645 8
25645 9
25645 10
25645 11
25645 12
25645 13
25645 14
25645 37
25645 38
25645 39
25645 40
25645 41
25645 42
25645 43
25645 44
25645 45
25645 46
25645 47
25645 48
25645 49
25645 50
25645 51
25645 52
25645 53
25645 54
25645 55
25645 56
25645 57
25645 58
25645 59
25645 60
25645 61
25645 62
25645 63
25645 64
25645 65
25645 66
25645 67
25645 68
25645 69
25645 70
25645 71
25645 72
25645 73
25645 74
25645 75
25645 76
25645 77
25645 78
25645 79
25645 81
25645 82
25645 83
25645 84
25645 85
25645 86
25645 87
25645 88
25645 89
25645 90
25645 91
25645 92
25645 93
25645 94
25645 95
25645 96
25645 97
25645 98
25645 99
25645 100
25645 101
25645 102
25645 103
25645 104
25645 105
25645 106
25645 107
25645 108
25645 109
25645 110
25645 111
25645 112
25645 113
25645 114
25645 115
25645 116
25645 117
25645 118
25645 119
25645 120
25645 121
25645 122
25645 123
25645 124
25645 125
25645 126
25645 127
25645 128
25645 129
25645 130
25645 131
25645 132
25645 133
25645 134
25645 135
25645 136
25645 137
25645 138
25645 139
25645 140
25645 141
25645 142
25645 143
25645 144
25645 145
25645 146
25645 147
25645 148
25645 149
25645 150
25645 151
25645 152
25645 153
25645 154
25645 155
25645 156
25645 157
25645 158
25645 159
25645 160
25645 161
25645 162
25645 163
25645 164
25645 165
25645 166
25645 167
25645 168
25645 169
25645 170
25645 171
25645 172
25645 173
25645 174
25645 175
25645 176
25645 177
25645 178
25645 179
25645 180
25645 181
25645 182
25645 183
25645 184
25645 185
25645 186
25645 187
25645 188
25645 189
25645 190
25645 191
25645 192
25645 193
25645 194
25645 195
25645 196
25645 197
25645 198
25645 199
25645 200
25645 201
25645 202
25645 203
25645 204
25645 205
25645 206
25645 207
25645 208
25645 209
25645 210
25645 211
25645 212
25645 213
25645 214
25645 215
25645 216
25645 217
25645 218
25645 219
25645 220
25645 221
25645 222
25645 223
25645 224
25645 225
25645 226
25645 227
25645 228
25645 229
25645 230
25645 231
25645 232
25645 233
25645 234
25645 235
25645 236
25645 237
25645 238
25645 239
25645 240
25645 241
25645 242
25645 243
25645 244
25645 245
25645 246
25645 247
25645 248
25645 249
25645 250
25645 251
25645 252
25645 253
25645 254
25645 255
25645 256
25646 22
25646 23
25646 24
25646 25
25646 26
25646 27
25646 29
25646 30
25646 31
25646 32
25646 33
25646 34
25646 36
25646 37
25646 38
25646 39
25646 40
25646 41
25646 42
25646 43
25646 44
25646 45
25646 46
25646 47
25646 48
25646 49
25646 50
25646 51
25646 52
25646 53
25646 54
25646 55
25646 56
25646 57
25646 58
25646 59
25646 60
25646 61
25646 62
25646 63
25646 64
25646 65
25646 66
25646 67
25646 68
25646 69
25646 70
25646 71
25646 72
25646 73
25646 74
25646 75
25646 76
25646 77
25646 78
25646 79
25646 80
25646 81
25646 82
25646 83
25646 84
25646 85
25646 86
25646 87
25646 88
25646 89
25646 90
25646 91
25646 93
25646 94
25646 95
25646 96
25646 97
25646 98
25646 99
25646 100
25646 101
25646 102
25646 103
25646 104
25646 105
25646 106
25646 107
25646 108
25646 109
25646 110
25646 111
25646 112
25646 114
25646 115
25646 116
25646 117
25646 118
25646 119
25646 120
25646 121
25646 122
25646 124
25646 125
25646 126
25646 127
25646 128
25646 129
25646 130
25646 131
25646 132
25646 133
25646 134
25646 135
25646 136
25646 137
25646 138
25646 139
25646 140
25646 141
25646 142
25646 143
25646 144
25646 145
25646 146
25646 147
25646 148
25646 149
25646 150
25646 151
25646 152
25646 153
25646 154
25646 155
25646 156
25646 157
25646 158
25646 159
25646 160
25646 161
25646 162
25646 163
25646 164
25646 165
25646 166
25646 167
25646 168
25646 169
25646 170
25646 171
25646 172
25646 173
25646 174
25646 175
25646 176
25646 177
25646 178
25646 179
25646 180
25646 182
25646 183
25646 184
25646 185
25646 186
25646 187
25646 188
25646 189
25646 190
25646 191
25646 192
25646 193
25646 194
25646 195
25646 196
25646 197
25646 198
25646 199
25646 200
25646 201
25646 202
25646 203
25646 204
25646 205
25646 206
25646 207
25646 208
25646 209
25646 210
25646 211
25646 212
25646 213
25646 214
25646 215
25646 216
25646 217
25646 218
25646 219
25646 220
25646 221
25646 222
25646 223
25646 224
25646 225
25646 226
25646 227
25646 228
25646 229
25646 230
25646 231
25646 232
25646 233
25646 234
25646 235
25646 236
25646 237
25646 238
25646 239
25646 240
25646 241
25646 242
25646 243
25646 244
25646 245
25646 246
25646 247
25646 248
25646 249
25646 250
25646 251
25646 252
25646 253
25646 254
25646 255
25646 256
25647 0
25647 1
25647 2
25647 3
25647 4
25647 5
25647 6
25647 7
25647 8
25647 9
25647 10
25647 11
25647 12
25647 13
25647 14
25647 15
25647 16
25647 17
25647 18
25647 19
25647 20
25647 21
25647 22
25647 23
25647 24
25647 25
25647 26
25647 28
25647 29
25647 30
25647 31
25647 32
25647 33
25647 34
25647 35
25647 36
25647 37
25647 38
25647 39
25647 40
25647 41
25647 42
25647 43
25647 44
25647 45
25647 46
25647 47
25647 48
25647 49
25647 50
25647 51
25647 52
25647 53
25647 54
25647 55
25647 56
25647 57
25647 58
25647 59
25647 60
25647 61
25647 62
25647 63
25647 64
25647 65
25647 66
25647 67
25647 68
25647 69
25647 70
25647 71
25647 72
25647 73
25647 74
25647 75
25647 76
25647 77
25647 78
25647 79
25647 80
25647 81
25647 82
25647 83
25647 84
25647 85
25647 86
25647 87
25647 88
25647 89
25647 90
25647 91
25647 92
25647 93
25647 94
25647 95
25647 96
25647 97
25647 98
25647 99
25647 100
25647 101
25647 102
25647 103
25647 104
25647 105
25647 106
25647 107
25647 108
25647 109
25647 110
25647 111
25647 112
25647 113
25647 114
25647 115
25647 116
25647 117
25647 118
25647 119
25647 121
25647 122
25647 123
25647 124
25647 125
25647 126
25647 128
25647 129
25647 130
25647 131
25647 132
25647 133
25647 134
25647 135
25647 136
25647 137
25647 138
25647 139
25647 140
25647 141
25647 142
25647 143
25647 144
25647 145
25647 146
25647 147
25647 148
25647 149
25647 150
25647 151
25647 152
25647 153
25647 154
25647 155
25647 156
25647 157
25647 158
25647 159
25647 160
25647 161
25647 163
25647 164
25647 165
25647 166
25647 167
25647 168
25647 169
25647 170
25647 171
25647 172
25647 173
25647 176
25647 177
25647 178
25647 179
25647 180
25647 181
25647 182
25647 183
25647 184
25647 185
25647 186
25647 187
25647 188
25647 190
25647 191
25647 192
25647 194
25647 196
25648 0
25648 1
25648 2
25648 3
25648 4
25648 5
25648 6
25648 7
25648 8
25648 9
25648 10
25648 11
25648 12
25648 13
25648 14
25648 15
25648 16
25648 17
25648 18
25648 19
25648 20
25648 21
25648 22
25648 23
25648 24
25648 25
25648 26
25648 27
25648 28
25648 29
25648 30
25648 31
25648 32
25648 33
25648 34
25648 35
25648 36
25648 40
25648 42
25648 44
25648 47
25648 58
25651 0
25651 1
25651 2
25651 3
25651 4
25651 5
25651 6
25651 7
25651 8
25651 9
25651 10
25651 11
25651 12
25651 13
25651 14
25651 15
25651 16
25651 17
25651 18
25651 19
25651 20
25651 21
25651 22
25651 23
25651 24
25651 25
25651 26
25651 27
25651 28
25651 29
25651 30
25651 31
25651 32
25651 33
25651 34
25651 35
25651 36
25651 37
25651 38
25651 39
25651 40
25651 41
25651 42
25651 43
25651 44
25651 45
25651 46
25651 47
25651 48
25651 49
25651 50
25651 51
25651 52
25651 53
25651 54
25651 55
25651 56
25651 57
25651 58
25651 59
25651 60
25651 61
25651 62
25651 63
25651 64
25651 65
25651 67
25651 68
25651 69
25651 70
25651 71
25651 72
25651 73
25651 74
25651 75
25651 76
25651 77
25651 78
25651 79
25651 80
25651 81
25651 82
25651 83
25651 84
25651 85
25651 86
25651 87
25651 88
25651 89
25651 90
25651 91
25651 92
25651 93
25651 94
25651 95
25651 96
25651 97
25651 98
25651 99
25651 100
25651 101
25651 102
25651 103
25652 0
25652 1
25652 2
25652 3
25652 4
25652 5
25652 6
25652 7
25652 8
25652 9
25652 10
25652 11
25652 12
25652 13
25652 14
25652 15
25652 16
25652 17
25652 18
25652 19
25652 20
25652 21
25652 22
25652 23
25652 24
25652 25
25652 26
25652 27
25652 28
25652 29
25652 30
25652 31
25652 32
25652 33
25652 34
25652 35
25652 36
25652 37
25652 38
25652 39
25652 40
25652 41
25652 42
25652 43
25652 44
25652 45
25652 46
25652 47
25652 48
25652 49
25652 50
25652 51
25652 52
25652 53
25652 54
25652 55
25652 56
25652 57
25652 58
25652 59
25652 60
25652 61
25652 62
25652 63
25652 64
25652 65
25652 66
25652 67
25652 68
25652 69
25652 70
25652 71
25652 72
25652 73
25652 74
25652 75
25652 76
25652 77
25652 78
25652 79
25652 80
25652 81
25652 82
25652 83
25652 84
25652 85
25652 86
25652 87
25652 88
25652 89
25652 90
25652 91
25652 92
25652 93
25652 94
25652 95
25652 96
25652 97
25652 98
25652 99
25652 101
25652 102
25652 103
25652 104
25652 105
25652 106
25652 107
25652 108
25652 109
25652 110
25652 111
25652 112
25652 113
25652 114
25652 115
25652 116
25652 117
25652 118
25652 119
25652 120
25652 121
25652 122
25652 123
25652 124
25652 125
25652 126
25652 127
25652 128
25652 129
25652 130
25652 131
25652 132
25652 133
25652 135
25652 136
25652 137
25652 138
25652 139
25652 140
25652 141
25652 142
25652 143
25652 144
25652 145
25652 146
25653 0
25653 1
25653 2
25653 3
25653 4
25653 5
25653 6
25653 7
25653 8
25653 9
25653 10
25653 11
25653 12
25653 13
25653 14
25653 15
25653 16
25653 17
25653 18
25653 19
25653 20
25653 21
25653 22
25653 23
25653 24
25653 25
25653 26
25653 27
25653 28
25653 29
25653 30
25653 31
25653 32
25653 33
25653 34
25653 35
25653 36
25653 37
25653 38
25653 39
25653 40
25653 41
25653 42
25653 43
25653 44
25653 45
25653 46
25653 47
25653 48
25653 49
25653 50
25653 51
25653 52
25653 53
25653 54
25653 55
25653 56
25653 57
25653 59
25653 60
25653 61
25653 62
25653 64
25653 66
25653 67
25653 68
25653 69
25653 70
25653 71
25653 72
25653 73
25653 74
25653 75
25653 77
25653 78
25653 79
25653 80
25653 82
25653 84
25653 87
25653 88
25653 89
25653 90
25653 92
25653 93
25653 95
25653 96
25653 98
25653 100
25653 101
25653 102
25653 103
25653 104
25653 105
25653 106
25653 108
25653 110
25653 111
25653 112
25653 113
25653 114
25653 115
25653 117
25653 118
25653 119
25653 121
25653 122
25653 123
25653 124
25653 125
25653 126
25653 127
25653 128
25653 129
25653 130
25653 132
25653 133
25653 134
25653 135
25653 137
25653 138
25653 139
25653 141
25653 142
25653 143
25653 144
25653 145
25653 147
25653 149
25653 151
25653 152
25653 153
25653 155
25653 156
25653 157
25653 159
25653 160
25653 161
25653 162
25653 163
25653 165
25653 166
25653 167
25653 168
25653 169
25653 170
25653 171
25653 172
25653 173
25653 174
25653 175
25653 176
25653 177
25653 178
25653 179
25653 181
25653 182
25653 183
25653 185
25653 186
25653 187
25653 189
25653 190
25653 191
25653 192
25653 194
25653 195
25653 196
25653 197
25653 198
25653 199
25653 201
25653 202
25653 203
25653 204
25653 205
25653 206
25653 207
25653 208
25653 209
25653 210
25653 211
25653 212
25653 213
25653 214
25653 215
25653 216
25653 217
25653 219
25653 221
25653 222
25653 223
25653 224
25653 225
25653 226
25653 241
25653 242
25653 243
25653 244
25653 245
25653 246
25653 247
25653 248
25653 249
25653 250
25653 251
25653 252
25653 253
25653 255
25653 256
25653 257
25653 258
25653 259
25653 260
25653 261
25653 262
25653 264
25653 266
25653 269
25653 270
25653 272
25653 273
25653 274
25653 275
25653 276
25653 277
25653 278
25653 279
25653 280
25653 281
25653 282
25653 283
25653 284
25653 285
25653 286
25653 287
25653 288
25653 289
25653 291
25653 292
25653 293
25653 295
25653 296
25653 297
25653 298
25653 299
25653 300
25653 301
25653 302
25653 303
25653 304
25653 305
25653 308
25653 309
25653 310
25653 311
25653 313
25653 314
25653 315
25653 316
25653 317
25653 319
25653 320
25653 321
25653 322
25653 323
25653 324
25653 325
25653 327
25653 328
25653 329
25653 330
25653 331
25653 332
25653 333
25653 334
25653 335
25653 336
25653 337
25653 338
25653 339
25653 340
25653 341
25653 342
25653 343
25653 344
25653 345
25653 346
25653 347
25653 348
25653 349
25653 350
25653 351
25653 352
25653 353
25653 354
25653 356
25653 357
25653 358
25653 359
25653 360
25653 361
25653 362
25653 363
25653 364
25653 365
25653 366
25653 367
25653 369
25653 370
25653 371
25653 372
25653 373
25653 374
25653 375
25653 376
25653 377
25653 378
25653 379
25653 380
25653 381
25653 382
25653 383
25653 384
25653 385
25653 386
25653 387
25653 388
25653 389
25653 390
25653 393
25653 394
25653 395
25653 396
25653 397
25653 398
25653 399
25653 400
25653 401
25653 402
25653 403
25653 404
25653 405
25653 406
25653 408
25653 410
25653 411
25653 412
25653 414
25653 415
25653 416
25653 418
25653 419
25653 421
25653 544
25653 545
25653 546
25653 547
25653 548
25653 549
25653 550
25653 551
25653 552
25653 553
25653 554
25653 555
25653 556
25654 0
25654 1
25654 2
25654 3
25654 4
25654 5
25654 6
25654 7
25654 8
25654 9
25654 10
25654 11
25654 12
25654 13
25654 14
25654 15
25654 16
25654 17
25654 18
25654 19
25654 20
25654 21
25654 22
25654 23
25654 24
25654 25
25654 26
25654 27
25654 28
25654 29
25654 30
25654 31
25654 32
25654 33
25654 34
25654 35
25654 36
25654 37
25654 38
25654 39
25654 40
25654 41
25654 42
25654 43
25654 44
25654 45
25654 46
25654 47
25654 48
25654 49
25654 50
25654 51
25654 52
25654 53
25654 54
25654 55
25654 56
25654 57
25654 60
25654 61
25654 62
25654 63
25654 64
25654 65
25654 66
25654 67
25654 68
25654 69
25654 70
25654 71
25654 72
25654 73
25654 74
25654 75
25654 76
25654 77
25654 78
25654 79
25654 80
25654 81
25654 82
25654 83
25654 84
25654 85
25654 86
25654 87
25654 88
25654 89
25654 90
25654 91
25654 92
25654 93
25654 94
25654 95
25654 96
25654 97
25654 98
25654 99
25654 100
25654 101
25654 102
25654 103
25654 104
25654 105
25654 107
25654 108
25654 109
25654 110
25654 111
25654 112
25654 113
25654 114
25654 115
25654 116
25654 117
25654 118
25654 119
25654 120
25654 121
25654 122
25654 123
25654 124
25654 125
25654 126
25654 127
25654 128
25654 129
25654 130
25654 131
25654 132
25654 133
25654 134
25654 135
25654 136
25654 137
25654 138
25654 139
25654 140
25654 141
25654 142
25654 143
25654 144
25654 145
25654 146
25654 147
25654 148
25654 149
25654 150
25654 151
25654 152
25654 153
25654 154
25654 155
25654 156
25654 157
25654 158
25654 159
25654 160
25654 161
25654 162
25654 163
25654 164
25654 165
25654 166
25654 167
25654 168
25654 169
25654 170
25654 171
25654 172
25654 173
25654 174
25654 175
25654 176
25654 177
25654 178
25654 179
25654 180
25654 181
25654 182
25654 183
25654 184
25654 185
25654 186
25654 187
25654 188
25654 189
25654 190
25654 191
25654 192
25654 193
25654 194
25654 195
25654 196
25654 197
25654 198
25654 199
25654 200
25654 201
25654 202
25654 203
25654 205
25654 206
25654 207
25654 208
25654 209
25654 210
25654 211
25654 212
25654 213
25654 214
25654 215
25654 216
25654 217
25654 218
25654 219
25654 220
25654 221
25654 222
25654 223
25654 224
25654 225
25654 226
25654 227
25654 228
25654 229
25654 230
25654 231
25654 232
25654 233
25654 234
25654 235
25654 236
25654 237
25654 238
25654 239
25654 240
25654 241
25654 242
25654 243
25654 244
25654 245
25654 246
25654 247
25654 248
25654 249
25654 250
25654 251
25654 252
25654 253
25654 254
25654 255
25654 256
25654 257
25654 258
25654 259
25654 260
25654 261
25654 262
25654 263
25654 264
25654 265
25654 266
25654 267
25654 268
25654 269
25654 270
25654 271
25654 272
25654 273
25654 274
25654 275
25654 277
25654 278
25654 279
25654 280
25654 281
25654 282
25654 283
25654 284
25654 285
25654 286
25654 287
25654 288
25654 289
25654 290
25654 291
25654 292
25654 293
25654 294
25654 295
25654 296
25654 297
25654 298
25654 299
25654 300
25654 301
25654 302
25654 303
25654 304
25654 305
25654 306
25654 307
25654 308
25654 309
25654 310
25654 311
25654 312
25654 313
25654 314
25654 315
25654 316
25654 317
25654 318
25654 319
25654 320
25654 321
25654 322
25654 323
25654 324
25654 325
25654 326
25654 327
25654 328
25654 329
25654 330
25654 331
25654 332
25654 333
25654 334
25654 335
25654 336
25654 337
25654 338
25654 339
25654 340
25654 341
25654 342
25654 343
25654 344
25654 345
25654 346
25654 347
25654 348
25654 349
25654 350
25654 351
25654 352
25654 353
25654 354
25654 355
25654 356
25654 357
25654 358
25654 359
25654 360
25654 361
25654 362
25654 363
25654 364
25654 365
25654 366
25654 367
25654 368
25654 369
25654 370
25654 371
25654 372
25654 373
25654 374
25654 375
25654 376
25654 377
25654 378
25654 379
25654 382
25654 383
25654 384
25654 385
25654 386
25654 387
25654 388
25654 389
25654 390
25654 391
25654 392
25654 394
25654 395
25654 396
25654 397
25654 398
25654 399
25654 400
25654 401
25654 402
25654 403
25654 404
25654 405
25654 406
25654 407
25654 408
25654 409
25654 410
25654 411
25654 413
25654 414
25654 415
25654 416
25654 417
25654 418
25654 419
25654 420
25654 421
25654 422
25654 423
25654 424
25654 425
25654 427
25654 428
25654 429
25654 432
25654 433
25654 434
25654 435
25654 439
25654 441
25654 444
25654 445
25654 446
25654 447
25654 448
25654 449
25654 450
25654 451
25654 452
25654 454
25654 455
25654 456
25654 457
25654 459
25654 460
25654 461
25654 462
25654 464
25654 465
25654 466
25654 467
25654 468
25654 469
25654 470
25654 471
25654 473
25655 0
25655 1
25655 2
25655 4
25655 5
25655 6
25655 7
25655 8
25655 9
25655 10
25655 11
25655 12
25655 13
25655 14
25655 15
25655 16
25655 17
25655 18
25655 19
25655 20
25655 21
25655 22
25655 23
25655 24
25655 25
25655 26
25655 27
25655 28
25655 29
25655 30
25655 31
25655 32
25655 33
25655 34
25655 35
25655 36
25655 37
25655 38
25655 39
25655 40
25655 41
25655 42
25655 43
25655 44
25655 45
25655 46
25655 47
25655 48
25655 49
25655 50
25655 51
25655 52
25655 53
25655 54
25655 55
25655 56
25655 57
25655 58
25655 59
25655 60
25655 61
25655 62
25655 63
25655 64
25655 65
25655 66
25655 67
25655 68
25655 69
25655 70
25655 71
25655 72
25655 73
25655 74
25655 75
25655 76
25655 77
25655 78
25655 79
25655 80
25655 81
25655 82
25655 83
25655 84
25655 85
25655 86
25655 87
25655 88
25655 89
25655 90
25655 91
25655 92
25655 93
25655 94
25655 95
25655 96
25655 97
25655 98
25655 99
25655 100
25655 101
25655 102
25655 103
25655 104
25655 105
25655 106
25655 107
25655 108
25655 109
25655 110
25655 111
25655 112
25655 113
25655 114
25655 115
25655 116
25655 117
25655 119
25655 120
25655 121
25655 122
25655 123
25655 124
25655 125
25655 126
25655 127
25655 128
25655 129
25655 130
25655 131
25655 132
25655 133
25655 134
25655 135
25655 136
25655 137
25655 138
25655 139
25655 140
25655 141
25655 142
25655 143
25655 144
25655 145
25655 146
25655 147
25655 148
25655 149
25655 150
25655 151
25655 154
25655 155
25655 156
25655 157
25655 158
25655 159
25655 160
25655 161
25655 162
25655 163
25655 164
25655 165
25655 166
25655 167
25655 168
25655 171
25655 172
25655 174
25655 175
25655 176
25655 177
25655 178
25655 179
25655 180
25655 181
25655 182
25655 183
25655 184
25655 185
25655 186
25655 187
25655 188
25655 189
25655 190
25655 191
25655 192
25655 193
25655 194
25655 195
25655 196
25655 197
25655 198
25655 199
25655 200
25655 201
25655 202
25655 203
25655 204
25655 205
25655 206
25655 207
25655 208
25655 209
25655 210
25655 211
25655 212
25655 213
25655 214
25655 215
25655 216
25655 217
25655 218
25655 219
25655 220
25655 221
25655 222
25655 223
25655 224
25655 225
25655 226
25655 227
25655 228
25655 229
25655 230
25655 231
25655 232
25655 233
25655 234
25655 235
25655 236
25655 237
25655 238
25655 239
25655 240
25655 241
25655 242
25655 243
25655 244
25655 245
25655 246
25655 247
25655 248
25655 249
25655 250
25655 252
25655 253
25655 254
25655 255
25655 256
25655 257
25655 258
25655 259
25655 260
25655 261
25655 262
25655 263
25655 264
25655 265
25655 266
25655 267
25655 268
25655 269
25655 270
25655 271
25655 272
25655 273
25655 274
25655 275
25655 276
25655 277
25655 278
25655 279
25655 280
25655 281
25655 282
25655 283
25655 284
25655 285
25655 286
25655 287
25655 288
25655 289
25655 290
25655 291
25655 292
25655 293
25655 294
25655 295
25655 296
25655 297
25655 298
25655 299
25655 300
25655 301
25655 302
25655 303
25655 304
25655 305
25655 306
25655 307
25655 308
25655 309
25655 310
25655 311
25655 312
25655 313
25655 314
25655 315
25655 316
25655 317
25655 318
25655 319
25655 320
25655 321
25655 322
25655 323
25655 324
25655 325
25655 326
25655 327
25655 328
25655 329
25655 330
25655 331
25655 332
25655 333
25655 334
25655 335
25655 336
25655 337
25655 338
25655 339
25655 340
25655 341
25655 342
25655 343
25655 344
25655 345
25655 346
25655 347
25655 348
25655 349
25655 350
25655 351
25655 352
25655 353
25655 354
25655 355
25655 356
25655 357
25655 358
25655 359
25655 360
25655 361
25655 362
25655 363
25655 364
25655 365
25655 366
25655 367
25655 368
25655 369
25655 370
25655 371
25655 372
25655 373
25655 374
25655 375
25655 377
25655 378
25655 379
25655 380
25655 382
25655 383
25655 384
25655 385
25655 386
25655 387
25655 388
25655 389
25655 390
25655 391
25655 392
25655 393
25655 394
25655 395
25655 396
25655 397
25655 398
25655 399
25655 400
25655 401
25655 402
25655 403
25655 404
25655 405
25655 407
25655 408
25655 409
25655 410
25655 413
25655 415
25655 416
25655 418
25655 419
25655 423
25655 424
25655 425
25655 426
25655 427
25655 428
25655 429
25655 430
25655 431
25655 432
25655 433
25655 434
25655 435
25655 436
25655 437
25655 438
25655 439
25655 440
25655 441
25655 442
25655 443
25655 444
25655 445
25655 446
25655 447
25655 448
25655 449
25655 451
25655 453
25655 454
25655 455
25655 456
25655 457
25655 459
25655 460
25655 461
25655 462
25655 464
25655 465
25655 466
25655 467
25655 468
25655 469
25655 470
25655 472
25655 473
25655 474
25655 475
25655 476
25655 477
25655 478
25655 479
25655 480
25655 481
25655 482
25655 483
25655 484
25655 485
25655 488
25655 490
25655 491
25655 492
25655 493
25655 495
25655 496
25655 499
25655 500
25655 501
25655 502
25655 503
25655 504
25655 505
25655 506
25655 507
25655 508
25655 509
25655 510
25655 511
25655 512
25655 513
25655 514
25655 515
25655 517
25656 0
25656 1
25656 2
25656 3
25656 4
25656 5
25656 6
25656 7
25656 8
25656 9
25656 10
25656 11
25656 12
25656 13
25656 14
25656 15
25656 16
25656 17
25656 18
25656 19
25656 20
25656 21
25656 23
25656 24
25656 25
25656 26
25656 27
25656 28
25656 29
25656 30
25656 31
25656 32
25656 33
25656 34
25656 35
25656 36
25656 37
25656 38
25656 39
25656 40
25656 41
25656 42
25656 43
25656 44
25656 45
25656 46
25656 47
25656 48
25656 49
25656 50
25656 51
25656 52
25656 53
25656 54
25656 55
25657 0
25657 1
25657 2
25657 3
25657 4
25657 5
25657 6
25658 0
25658 1
25658 3
25658 4
25658 5
25658 6
25658 7
25658 8
25658 9
25658 10
25658 11
25658 12
25658 13
25658 14
25658 15
25658 16
25658 17
25658 18
25658 19
25658 20
25658 21
25658 22
25658 23
25658 24
25658 25
25658 26
25658 27
25658 28
25658 29
25658 30
25658 31
25658 32
25658 33
25658 34
25658 35
25658 36
25658 37
25658 38
25658 39
25658 40
25658 41
25658 42
25658 43
25658 44
25658 45
25658 46
25658 47
25658 48
25658 49
25658 50
25658 51
25658 52
25658 53
25658 54
25658 55
25658 56
25658 57
25658 58
25658 59
25658 60
25658 61
25658 62
25658 63
25658 64
25658 65
25658 66
25658 67
25658 68
25658 69
25658 70
25658 71
25658 72
25658 73
25658 74
25658 75
25658 76
25658 77
25658 78
25658 79
25658 80
25658 81
25658 82
25658 83
25658 84
25658 85
25658 86
25658 87
25658 88
25658 89
25658 90
25658 91
25658 92
25658 93
25658 94
25658 95
25658 96
25658 97
25658 98
25658 99
25658 100
25658 101
25658 102
25658 103
25658 104
25658 105
25658 106
25658 107
25658 108
25658 109
25658 110
25658 111
25658 112
25658 113
25658 114
25658 115
25658 116
25658 117
25658 118
25658 119
25658 120
25658 121
25658 122
25658 124
25658 125
25658 127
25658 128
25658 132
25658 133
25658 134
25658 136
25658 137
25658 138
25658 139
25658 140
25658 142
25658 144
25658 145
25659 0
25659 1
25659 2
25659 3
25659 4
25659 5
25659 6
25659 7
25659 8
25659 9
25659 10
25659 11
25659 12
25659 13
25659 14
25659 15
25659 17
25659 18
25659 19
25659 20
25659 21
25659 22
25659 23
25659 24
25659 25
25659 26
25659 27
25659 28
25659 29
25659 30
25659 31
25659 32
25659 33
25659 34
25659 35
25659 36
25659 37
25659 39
25659 40
25659 41
25659 42
25659 43
25659 44
25659 45
25659 46
25659 47
25659 48
25659 49
25659 50
25659 51
25659 52
25659 53
25659 54
25659 55
25659 56
25659 57
25659 58
25659 59
25659 60
25659 61
25659 62
25659 63
25659 64
25659 65
25659 66
25659 67
25659 68
25659 69
25659 70
25659 71
25659 72
25659 73
25659 74
25659 75
25659 76
25659 77
25659 78
25659 79
25659 80
25659 81
25659 82
25659 83
25659 84
25659 85
25659 86
25659 87
25659 88
25659 89
25659 90
25659 91
25659 92
25659 93
25659 94
25659 95
25659 96
25659 97
25659 98
25659 99
25659 100
25659 101
25659 102
25659 103
25659 104
25659 105
25659 106
25659 107
25659 108
25659 109
25659 110
25659 111
25659 112
25659 113
25659 114
25659 115
25659 116
25659 117
25659 118
25659 119
25659 120
25659 121
25659 122
25659 123
25659 124
25659 125
25659 126
25659 127
25659 128
25659 129
25659 130
25659 131
25659 132
25659 133
25659 134
25659 135
25659 136
25659 137
25659 138
25659 139
25659 140
25659 141
25659 142
25659 143
25659 145
25659 146
25659 147
25659 148
25659 149
25659 150
25659 151
25659 152
25659 153
25659 154
25659 155
25659 156
25659 157
25659 158
25659 159
25659 160
25659 161
25659 162
25659 163
25659 164
25659 165
25659 166
25659 167
25659 168
25659 169
25659 170
25659 171
25659 172
25659 173
25659 174
25659 175
25659 176
25659 177
25659 178
25659 179
25659 181
25659 182
25659 183
25659 184
25659 185
25659 186
25659 187
25659 188
25659 189
25659 190
25659 191
25659 192
25659 193
25659 194
25659 195
25659 196
25659 197
25659 198
25659 199
25659 200
25659 201
25659 202
25659 204
25659 205
25659 206
25659 207
25659 208
25659 209
25659 210
25659 211
25659 212
25659 213
25659 214
25659 215
25659 216
25659 217
25659 218
25659 219
25659 220
25659 221
25659 222
25659 223
25659 224
25659 225
25659 226
25659 227
25659 228
25659 229
25659 230
25659 231
25659 232
25659 234
25659 235
25659 236
25659 237
25659 238
25659 239
25659 240
25659 241
25659 242
25659 243
25659 244
25659 245
25659 246
25659 248
25659 249
25659 250
25659 251
25659 252
25659 253
25659 254
25659 256
25659 257
25659 258
25659 259
25659 260
25659 261
25659 262
25659 263
25659 264
25659 266
25659 267
25659 269
25659 270
25659 271
25659 276
25659 277
25659 281
25659 282
25659 288
25659 289
25659 291
25659 292
25659 295
25659 296
25659 297
25659 298
25659 299
25659 300
25659 301
25659 302
25659 303
25659 305
25659 306
25659 308
25659 310
25660 0
25660 1
25660 2
25660 3
25660 4
25660 5
25660 6
25660 7
25660 8
25660 9
25660 10
25660 11
25660 12
25660 13
25660 14
25660 15
25660 17
25660 18
25660 19
25660 20
25660 21
25660 22
25660 23
25660 24
25660 25
25660 26
25660 27
25660 28
25660 29
25660 31
25660 32
25660 33
25660 34
25660 35
25660 36
25660 37
25660 38
25660 39
25660 40
25660 41
25660 42
25660 43
25660 44
25660 45
25660 46
25660 47
25660 48
25660 49
25660 50
25660 51
25660 52
25660 53
25660 54
25660 55
25660 56
25660 57
25660 58
25660 59
25660 60
25660 61
25660 62
25660 63
25660 64
25661 0
25661 2
25661 3
25661 4
25661 5
25661 6
25661 8
25661 9
25661 10
25661 11
25661 12
25661 13
25661 14
25661 15
25661 16
25661 17
25661 18
25661 19
25661 20
25661 21
25661 22
25661 23
25661 24
25661 26
25661 27
25661 28
25661 29
25661 30
25661 31
25661 33
25661 34
25661 36
25661 37
25661 38
25661 39
25661 40
25661 41
25661 42
25661 43
25661 44
25661 47
25661 48
25661 49
25661 50
25661 51
25661 52
25661 53
25661 54
25661 55
25661 56
25661 57
25661 58
25661 59
25661 60
25661 61
25661 62
25661 63
25661 64
25661 65
25661 66
25661 67
25661 68
25661 69
25661 70
25661 71
25661 72
25661 73
25661 75
25661 76
25661 78
25661 79
25661 80
25661 81
25661 84
25661 86
25661 89
25661 90
25661 91
25661 92
25661 93
25661 94
25661 95
25661 96
25661 97
25661 98
25661 99
25661 102
25661 103
25661 104
25661 105
25661 106
25661 107
25661 108
25661 109
25661 110
25661 114
25661 116
25661 119
25661 120
25661 121
25661 122
25661 123
25661 124
25661 125
25661 126
25661 127
25661 129
25661 130
25661 131
25661 132
25661 133
25661 134
25661 135
25661 136
25661 138
25661 139
25661 140
25661 142
25661 143
25661 144
25661 145
25661 147
25661 148
25661 149
25661 151
25661 152
25661 153
25661 154
25661 155
25661 156
25661 157
25661 158
25661 159
25661 161
25661 163
25661 164
25661 165
25661 166
25661 168
25661 169
25661 170
25661 171
25661 172
25661 174
25661 175
25661 176
25661 177
25661 178
25661 179
25661 180
25661 181
25661 182
25661 183
25661 186
25661 188
25661 189
25661 190
25661 191
25661 193
25661 194
25661 195
25661 196
25661 197
25661 198
25661 199
25661 200
25661 201
25661 202
25661 203
25661 204
25661 205
25661 207
25661 208
25661 209
25661 210
25661 211
25661 212
25661 213
25661 214
25661 215
25661 216
25661 217
25661 219
25661 220
25661 221
25661 222
25661 224
25661 226
25661 228
25661 229
25661 231
25661 232
25661 233
25661 234
25661 235
25661 237
25661 238
25661 239
25661 240
25661 241
25661 242
25661 244
25661 245
25661 246
25661 247
25661 248
25661 250
25661 252
25661 253
25661 254
25661 255
25661 256
25661 257
25661 259
25661 260
25661 261
25661 262
25661 263
25661 265
25661 266
25661 267
25661 268
25661 269
25661 271
25661 274
25661 275
25661 276
25661 277
25661 278
25661 280
25661 281
25661 283
25661 284
25661 285
25661 286
25661 287
25661 288
25661 290
25661 291
25661 292
25661 293
25661 294
25661 295
25661 296
25661 297
25661 298
25661 300
25661 301
25661 302
25661 303
25661 305
25661 306
25661 307
25661 308
25661 310
25661 311
25661 312
25661 313
25661 314
25661 315
25661 316
25661 318
25661 319
25661 320
25661 321
25661 323
25661 324
25661 325
25661 327
25661 328
25661 329
25661 330
25661 331
25661 332
25661 334
25661 335
25661 336
25661 337
25661 339
25661 342
25661 343
25661 344
25661 345
25661 346
25661 347
25661 348
25661 349
25661 350
25661 351
25661 352
25661 353
25661 354
25661 356
25661 357
25661 359
25661 361
25661 362
25661 365
25661 367
25661 368
25661 369
25661 370
25661 371
25661 372
25661 373
25661 374
25661 375
25661 378
25661 379
25661 381
25661 382
25661 383
25661 384
25661 385
25661 386
25661 387
25661 389
25662 0
25662 1
25662 2
25662 3
25662 4
25662 5
25662 6
25662 7
25662 8
25662 9
25662 10
25662 12
25662 13
25662 14
25662 16
25662 17
25662 18
25662 19
25662 20
25662 21
25662 22
25662 23
25662 24
25662 25
25662 26
25662 27
25662 28
25662 29
25662 30
25662 31
25662 32
25662 33
25662 34
25662 35
25662 36
25662 37
25662 38
25662 39
25662 40
25662 41
25662 42
25662 44
25662 45
25662 46
25662 47
25662 48
25662 49
25662 50
25662 51
25662 52
25662 53
25662 54
25662 55
25662 56
25662 57
25662 58
25662 59
25662 60
25662 61
25662 63
25662 64
25662 65
25662 66
25662 67
25662 68
25662 69
25662 70
25662 71
25662 72
25662 73
25662 74
25662 87
25662 88
25662 89
25662 90
25662 91
25662 92
25662 93
25662 94
25662 95
25662 96
25662 97
25662 98
25662 99
25662 100
25662 101
25662 110
25662 111
25662 112
25662 113
25662 114
25662 115
25662 116
25662 117
25662 118
25662 119
25662 120
25662 121
25662 122
25662 123
25662 124
25662 125
25662 126
25662 127
25662 128
25662 129
25662 130
25662 131
25662 132
25662 133
25662 134
25662 135
25662 136
25662 137
25662 138
25662 139
25662 140
25662 141
25662 142
25662 143
25662 144
25662 145
25662 146
25662 147
25662 148
25662 149
25662 150
25662 151
25662 152
25662 153
25662 154
25662 155
25662 156
25662 157
25662 158
25662 159
25662 160
25662 161
25662 162
25662 163
25662 164
25662 165
25662 166
25662 167
25662 168
25662 169
25662 170
25662 171
25662 172
25662 173
25662 174
25662 175
25662 176
25662 177
25662 178
25662 179
25662 180
25662 181
25662 182
25662 183
25662 184
25662 185
25662 186
25662 187
25662 188
25662 189
25662 190
25662 191
25662 192
25662 193
25662 194
25662 195
25662 196
25662 197
25662 198
25662 199
25662 200
25662 201
25662 202
25662 203
25662 204
25662 205
25662 206
25662 207
25662 208
25662 209
25662 210
25662 211
25662 212
25662 213
25662 214
25662 215
25662 216
25662 217
25662 219
25662 220
25662 221
25662 222
25662 223
25662 224
25662 225
25662 226
25662 227
25662 228
25662 229
25662 230
25662 231
25662 232
25662 233
25662 234
25662 235
25662 236
25662 237
25662 238
25662 239
25662 241
25662 242
25662 243
25662 244
25662 245
25662 246
25662 247
25662 248
25662 249
25662 250
25662 251
25662 252
25662 253
25662 255
25662 256
25662 257
25662 258
25662 259
25662 260
25662 263
25662 264
25662 265
25662 266
25662 267
25662 268
25662 269
25662 270
25662 271
25662 272
25662 273
25662 274
25662 275
25662 276
25662 277
25662 278
25662 279
25662 280
25662 281
25662 282
25662 283
25662 284
25662 285
25662 286
25662 288
25662 289
25662 291
25662 292
25662 293
25662 294
25662 295
25662 296
25662 297
25662 298
25662 299
25662 300
25662 302
25662 305
25662 306
25662 307
25662 308
25662 309
25662 310
25662 312
25662 314
25662 315
25662 316
25662 317
25662 318
25662 319
25671 74
25671 75
25671 76
25671 77
25671 78
25671 79
25671 80
25671 81
25671 82
25671 83
25671 84
25671 85
25671 86
25671 87
25671 88
25671 89
25671 90
25671 91
25671 92
25671 93
25671 94
25671 95
25671 96
25671 97
25671 98
25671 99
25671 100
25671 101
25671 102
25671 103
25671 104
25671 105
25671 106
25671 107
25671 108
25671 109
25671 110
25671 111
25671 112
25671 113
25671 114
25671 120
25671 121
25671 122
25671 123
25671 124
25671 125
25671 126
25671 127
25671 128
25671 130
25671 131
25671 132
25671 133
25671 134
25671 135
25671 137
25671 138
25671 139
25671 142
25671 146
25671 147
25671 148
25671 149
25671 152
25671 153
25671 155
25671 156
25671 158
25671 159
25671 160
25671 161
25671 162
25671 164
25671 165
25671 167
25671 169
25671 170
25671 171
25671 172
25671 173
25671 175
25671 176
25671 178
25671 179
25671 182
25671 184
25671 185
25671 186
25671 187
25671 189
25671 190
25671 192
25671 193
25671 194
25671 195
25671 198
25671 200
25671 201
25671 202
25671 203
25671 206
25671 208
25671 209
25671 210
25671 211
25671 212
25671 214
25671 215
25671 216
25671 217
25671 218
25671 219
25671 220
25671 221
25671 222
25671 223
25671 224
25671 225
25671 226
25671 227
25671 228
25671 229
25671 230
25671 231
25671 236
25671 237
25671 240
25671 241
25671 242
25671 244
25671 245
25671 246
25671 247
25671 248
25671 249
25671 250
25671 251
25671 252
25671 254
25671 255
25671 259
25671 260
25671 261
25671 264
25671 265
25671 266
25672 0
25672 1
25672 2
25672 3
25672 4
25672 5
25672 6
25672 7
25672 31
25672 32
25672 33
25672 34
25672 35
25672 36
25672 37
25672 38
25672 39
25672 40
25672 41
25672 42
25672 43
25672 44
25672 45
25672 46
25672 47
25672 48
25672 50
25672 51
25672 52
25672 53
25672 54
25672 55
25672 56
25672 57
25672 58
25672 59
25672 60
25672 61
25672 62
25672 63
25672 64
25672 65
25672 66
25672 67
25672 68
25672 69
25672 70
25672 71
25672 72
25672 73
25672 74
25672 76
25672 77
25672 78
25672 79
25672 80
25672 81
25672 82
25672 83
25672 84
25672 85
25672 86
25672 87
25672 88
25672 89
25672 90
25672 91
25672 92
25672 93
25672 94
25672 96
25672 97
25672 98
25672 99
25672 100
25672 101
25672 102
25672 103
25672 104
25672 105
25672 106
25673 0
25673 1
25673 2
25673 3
25673 4
25673 5
25673 6
25673 7
25673 8
25673 9
25673 10
25673 11
25673 12
25673 13
25673 14
25673 15
25673 16
25673 17
25673 18
25673 19
25673 20
25673 21
25673 22
25673 23
25673 24
25673 25
25673 26
25673 27
25673 28
25673 29
25673 30
25673 31
25673 32
25673 33
25673 34
25673 35
25673 36
25673 37
25673 38
25673 39
25673 40
25673 41
25673 42
25673 43
25673 44
25673 45
25673 46
25673 47
25673 48
25673 49
25673 50
25673 51
25673 52
25673 53
25673 54
25673 55
25673 56
25673 57
25673 58
25673 59
25673 60
25673 61
25673 62
25673 63
25673 64
25673 65
25673 66
25673 67
25673 68
25673 69
25673 70
25673 71
25673 72
25673 73
25673 74
25674 0
25674 1
25674 2
25674 3
25674 4
25674 5
25674 6
25674 7
25674 8
25674 9
25674 10
25674 11
25674 12
25674 13
25674 14
25674 15
25674 17
25674 19
25674 20
25674 21
25674 22
25674 23
25674 24
25674 25
25674 26
25674 27
25674 28
25674 29
25674 30
25674 31
25674 32
25674 33
25674 34
25674 35
25674 36
25674 37
25674 38
25674 39
25674 40
25674 41
25674 42
25674 43
25674 44
25674 45
25674 46
25674 47
25674 48
25674 49
25674 50
25674 51
25674 52
25674 53
25674 54
25674 55
25674 56
25674 57
25674 58
25674 59
25674 60
25674 61
25674 62
25674 63
25674 64
25674 65
25674 66
25674 67
25674 68
25674 69
25674 70
25674 71
25674 72
25674 73
25674 74
25674 75
25674 76
25674 77
25674 78
25674 79
25674 80
25674 81
25674 82
25674 83
25674 84
25674 85
25674 86
25674 87
25674 88
25674 89
25674 90
25674 91
25674 92
25674 93
25674 94
25674 95
25674 96
25674 97
25674 98
25674 99
25674 100
25674 101
25674 102
25674 103
25674 104
25674 105
25674 106
25674 107
25674 108
25674 109
25674 111
25674 112
25674 113
25674 114
25674 115
25674 116
25674 117
25674 118
25674 119
25674 120
25674 121
25674 122
25674 123
25674 125
25674 126
25674 127
25674 128
25674 129
25674 130
25674 131
25674 132
25674 133
25674 134
25674 135
25674 136
25674 137
25674 138
25674 139
25674 140
25674 141
25674 142
25674 143
25674 144
25674 145
25674 146
25674 147
25674 148
25674 149
25674 150
25674 151
25674 152
25674 153
25674 154
25674 155
25674 156
25674 157
25674 158
25674 159
25674 160
25674 161
25674 162
25674 163
25674 164
25674 165
25674 166
25674 167
25674 168
25674 169
25674 170
25674 171
25674 172
25674 173
25674 174
25674 175
25674 176
25674 177
25674 178
25674 179
25674 180
25674 181
25674 182
25674 183
25674 184
25674 185
25675 0
25675 1
25675 2
25675 3
25675 4
25675 5
25675 6
25675 7
25675 8
25675 9
25675 10
25675 11
25675 12
25675 13
25675 14
25675 15
25675 16
25675 17
25675 18
25675 19
25675 20
25675 21
25675 22
25675 24
25675 25
25675 26
25675 27
25675 28
25675 29
25675 30
25675 31
25675 32
25675 33
25675 34
25675 35
25675 36
25675 37
25675 38
25675 39
25675 40
25675 41
25675 42
25675 43
25675 44
25675 45
25675 46
25675 47
25675 48
25675 49
25675 50
25675 51
25675 52
25675 53
25675 54
25675 55
25675 56
25675 57
25675 58
25675 59
25675 60
25675 61
25675 62
25675 63
25675 64
25675 65
25675 66
25675 67
25675 68
25675 69
25675 70
25675 71
25675 74
25675 75
25675 76
25675 77
25675 78
25675 79
25675 80
25675 81
25675 82
25675 83
25675 84
25675 85
25675 86
25675 87
25675 88
25675 89
25675 90
25675 91
25675 92
25675 93
25675 94
25675 95
25675 96
25675 97
25675 98
25675 99
25675 100
25675 101
25675 102
25675 103
25675 104
25675 105
25675 106
25675 107
25675 108
25675 109
25675 110
25675 111
25675 112
25675 113
25675 114
25675 115
25675 116
25675 117
25675 118
25675 119
25675 120
25675 121
25675 122
25675 123
25675 124
25675 125
25675 126
25675 127
25675 128
25675 129
25675 131
25675 132
25675 133
25675 134
25675 135
25675 136
25675 137
25675 138
25675 139
25675 140
25675 141
25675 142
25675 143
25677 3
25677 5
25677 6
25677 7
25677 9
25677 13
25677 14
25677 18
25677 19
25677 24
25677 26
25677 28
25677 29
25677 30
25677 31
25677 32
25677 33
25677 34
25677 35
25677 36
25677 37
25677 39
25677 40
25677 41
25677 42
25677 43
25677 44
25677 46
25677 48
25677 49
25677 50
25677 51
25677 52
25677 53
25677 55
25677 56
25677 58
25677 59
25677 60
25677 62
25677 63
25677 64
25677 65
25677 67
25677 68
25677 69
25677 70
25677 71
25677 72
25677 74
25677 75
25677 77
25677 78
25677 80
25677 82
25677 84
25677 85
25677 86
25677 87
25677 89
25677 90
25677 91
25677 92
25677 93
25677 94
25677 95
25677 96
25677 97
25677 98
25677 100
25677 102
25677 103
25677 105
25677 106
25677 108
25677 109
25677 110
25677 112
25677 114
25677 115
25677 116
25677 117
25677 120
25677 121
25677 122
25677 123
25677 124
25677 128
25677 129
25677 130
25677 131
25677 132
25677 136
25677 137
25677 139
25677 140
25677 141
25677 142
25677 143
25677 144
25677 145
25677 146
25677 148
25677 149
25677 150
25677 151
25677 152
25677 154
25677 155
25677 157
25677 160
25677 162
25677 164
25677 165
25677 166
25677 167
25677 168
25677 169
25677 170
25677 174
25677 175
25677 176
25677 177
25677 178
25677 179
25677 180
25677 181
25677 182
25677 185
25677 186
25677 187
25677 189
25677 193
25677 195
25677 196
25678 0
25678 1
25678 2
25678 3
25678 4
25678 5
25678 6
25678 7
25678 8
25678 9
25678 10
25678 11
25678 12
25678 13
25678 14
25678 15
25678 16
25678 17
25678 18
25678 19
25678 20
25678 21
25678 22
25678 23
25678 24
25678 25
25678 26
25678 27
25678 28
25678 29
25678 30
25678 31
25678 33
25678 34
25678 35
25678 36
25678 38
25678 39
25678 40
25678 41
25678 42
25678 43
25678 44
25678 45
25678 46
25678 47
25678 48
25678 49
25678 50
25678 51
25678 52
25678 53
25678 54
25678 55
25678 56
25678 57
25678 58
25678 59
25678 60
25678 61
25678 62
25678 63
25678 64
25678 65
25678 66
25678 67
25678 68
25678 69
25678 70
25678 85
25678 86
25678 87
25678 88
25678 89
25678 90
25678 91
25678 92
25678 93
25678 94
25678 95
25678 96
25678 97
25678 98
25678 99
25678 100
25678 101
25678 102
25678 103
25678 104
25678 105
25678 106
25678 107
25678 108
25678 109
25678 111
25678 112
25678 113
25678 114
25678 115
25678 116
25678 117
25678 118
25678 119
25678 120
25678 121
25678 122
25678 123
25678 124
25678 125
25678 126
25678 127
25678 128
25678 129
25678 130
25678 131
25678 132
25678 133
25678 134
25678 135
25678 136
25678 137
25678 138
25678 139
25678 140
25678 141
25678 142
25678 143
25678 144
25678 145
25678 146
25678 147
25678 148
25678 149
25678 152
25678 154
25678 155
25678 156
25678 157
25678 158
25678 159
25678 160
25678 161
25678 162
25678 163
25678 164
25678 165
25678 166
25679 0
25679 1
25679 2
25679 3
25679 4
25679 5
25679 6
25679 7
25679 8
25679 9
25679 10
25679 11
25679 12
25679 13
25679 14
25679 15
25679 16
25679 17
25679 18
25679 19
25679 20
25679 21
25679 22
25679 23
25679 24
25679 27
25679 28
25679 29
25679 30
25679 31
25679 32
25679 33
25679 34
25679 35
25679 36
25679 37
25679 38
25679 39
25679 40
25679 41
25679 42
25679 43
25679 44
25679 45
25679 47
25679 48
25679 49
25679 50
25679 51
25679 52
25679 53
25679 54
25679 55
25679 56
25679 57
25679 58
25679 59
25679 60
25679 61
25679 62
25679 63
25679 64
25679 65
25679 66
25679 67
25679 68
25679 69
25679 70
25679 71
25679 72
25679 73
25679 74
25679 75
25679 76
25679 77
25679 78
25679 79
25679 80
25679 81
25679 82
25679 83
25679 84
25679 85
25679 86
25679 87
25679 88
25679 89
25679 90
25679 91
25679 92
25679 93
25679 94
25679 95
25679 96
25679 97
25679 98
25679 99
25679 100
25679 101
25679 102
25679 103
25679 104
25679 105
25679 106
25679 107
25679 108
25679 109
25679 110
25679 111
25679 112
25679 113
25679 114
25679 115
25679 116
25679 117
25679 118
25679 119
25679 120
25679 121
25679 122
25679 123
25679 124
25679 125
25679 127
25679 128
25679 129
25679 130
25679 131
25679 132
25680 0
25680 1
25680 2
25680 3
25680 4
25680 5
25680 6
25680 7
25680 8
25680 9
25680 10
25680 11
25680 12
25680 13
25680 14
25680 15
25680 16
25680 17
25680 18
25680 20
25680 21
25680 22
25680 23
25680 24
25680 25
25680 26
25680 27
25680 28
25680 29
25680 30
25680 31
25680 32
25680 33
25680 34
25680 36
25680 37
25680 38
25680 39
25680 40
25680 41
25680 42
25680 43
25680 44
25680 45
25680 46
25680 47
25680 48
25680 49
25680 50
25680 51
25680 52
25680 53
25680 54
25680 55
25680 56
25680 57
25680 58
25680 59
25680 60
25680 61
25680 62
25680 63
25680 64
25680 65
25680 66
25680 67
25680 68
25680 69
25680 70
25680 71
25680 72
25680 74
25680 75
25680 76
25680 77
25680 78
25680 79
25680 80
25680 81
25680 82
25680 83
25680 84
25680 85
25680 86
25680 87
25680 88
25680 89
25680 90
25680 91
25680 92
25680 93
25680 94
25680 95
25680 96
25680 97
25680 98
25680 99
25680 100
25680 101
25680 102
25680 103
25680 104
25680 105
25680 106
25680 107
25680 108
25680 109
25680 110
25680 111
25680 112
25680 113
25680 114
25680 115
25680 116
25680 117
25680 118
25680 119
25680 120
25680 121
25680 122
25680 123
25680 124
25680 125
25680 126
25680 127
25680 128
25680 129
25680 130
25680 131
25680 132
25680 133
25680 134
25680 135
25680 136
25680 137
25680 139
25680 140
25680 145
25680 146
25680 147
25680 148
25680 149
25680 150
25680 151
25680 152
25680 153
25680 154
25680 155
25680 156
25680 157
25680 158
25680 159
25680 160
25680 161
25680 162
25680 163
25680 164
25680 165
25680 166
25680 167
25680 168
25680 169
25680 170
25680 171
25680 172
25680 173
25680 174
25680 175
25680 176
25680 177
25680 178
25680 180
25680 181
25680 182
25680 183
25680 184
25680 186
25680 187
25680 188
25680 189
25680 191
25680 192
25680 193
25680 194
25680 195
25680 197
25680 198
25680 199
25680 200
25680 201
25680 202
25680 203
25680 204
25680 205
25680 206
25680 207
25680 208
25680 209
25680 210
25680 211
25680 212
25680 213
25680 214
25680 215
25680 216
25680 217
25680 218
25680 219
25680 220
25680 221
25680 223
25680 224
25680 225
25680 226
25680 227
25680 228
25680 229
25680 230
25680 232
25680 234
25680 235
25680 236
25680 237
25680 238
25680 239
25680 240
25680 241
25680 243
25680 244
25680 245
25680 246
25680 247
25680 248
25680 249
25680 250
25680 251
25680 252
25680 254
25680 256
25680 257
25680 258
25680 259
25680 260
25680 261
25680 262
25680 263
25680 264
25680 265
25680 266
25680 267
25680 268
25680 269
25680 270
25680 271
25680 272
25680 273
25680 274
25680 277
25680 278
25680 279
25680 280
25680 281
25680 282
25680 283
25680 284
25680 285
25680 286
25680 287
25680 288
25680 289
25680 290
25680 291
25680 292
25680 293
25680 294
25680 295
25680 296
25680 297
25680 298
25680 300
25680 302
25680 303
25680 304
25680 305
25680 306
25680 307
25680 308
25680 309
25680 310
25680 312
25680 314
25680 315
25680 316
25680 318
25680 319
25680 320
25680 321
25680 322
25680 323
25680 324
25680 325
25680 326
25680 327
25680 328
25680 329
25680 330
25680 331
25680 332
25680 333
25680 334
25680 335
25680 336
25680 337
25680 338
25680 339
25680 340
25680 341
25680 342
25680 343
25680 346
25680 347
25680 350
25680 351
25680 354
25680 355
25680 356
25680 357
25680 358
25680 359
25680 360
25680 361
25680 363
25680 364
25680 366
25680 367
25680 368
25680 370
25680 371
25680 372
25680 373
25680 374
25680 375
25680 376
25680 377
25680 378
25680 379
25680 380
25680 381
25680 382
25680 383
25680 384
25680 385
25680 386
25680 387
25680 388
25680 389
25680 390
25680 391
25680 393
25680 394
25680 395
25680 396
25680 397
25680 400
25680 401
25680 403
25680 404
25680 405
25680 406
25680 407
25680 408
25680 409
25680 411
25680 412
25680 413
25680 414
25680 415
25680 416
25680 417
25680 418
25680 419
25680 420
25680 421
25680 422
25680 423
25680 424
25680 426
25680 427
25680 428
25680 429
25680 430
25680 431
25680 432
25680 433
25680 434
25680 435
25680 436
25680 437
25680 438
25680 439
25680 440
25680 442
25680 443
25680 444
25680 445
25680 446
25680 447
25680 448
25680 449
25680 450
25680 451
25680 452
25680 453
25680 454
25680 455
25680 456
25680 457
25680 458
25680 459
25680 460
25680 462
25680 463
25680 464
25680 465
25680 466
25680 467
25680 468
25680 469
25680 470
25680 471
25680 472
25680 473
25680 474
25680 475
25680 476
25680 477
25680 479
25680 480
25680 481
25680 484
25680 485
25680 486
25680 487
25680 488
25680 490
25680 491
25680 492
25680 493
25680 494
25680 496
25680 497
25680 498
25680 500
25680 501
25680 503
25680 504
25680 506
25680 507
25680 508
25680 510
25680 511
25680 512
25680 513
25680 514
25680 515
25680 517
25680 518
25680 519
25680 520
25680 521
25680 522
25680 523
25680 524
25680 525
25680 526
25680 528
25680 529
25680 530
25680 531
25680 532
25680 533
25680 534
25680 535
25680 536
25680 537
25680 538
25680 539
25680 540
25680 541
25680 542
25680 543
25680 544
25680 545
25680 546
25680 547
25680 548
25680 549
25680 550
25680 551
25680 552
25680 553
25680 554
25680 555
25680 556
25680 557
25680 558
25680 559
25680 560
25680 561
25680 562
25680 563
25680 564
25680 565
25680 566
25680 568
25680 569
25680 570
25680 571
25680 572
25680 573
25680 574
25680 575
25680 576
25680 577
25680 578
25680 579
25680 580
25680 581
25680 582
25680 583
25680 584
25680 585
25680 586
25680 587
25680 588
25680 589
25680 590
25680 591
25680 592
25680 593
25680 595
25680 596
25680 597
25680 598
25680 599
25680 600
25680 601
25681 0
25681 2
25681 3
25681 4
25681 5
25681 6
25681 7
25681 9
25681 10
25681 13
25681 14
25681 15
25681 16
25681 17
25681 18
25681 19
25681 20
25681 21
25681 22
25681 23
25681 24
25681 25
25681 27
25681 28
25681 29
25681 30
25681 32
25681 33
25681 34
25681 35
25681 36
25681 37
25681 38
25681 39
25681 40
25681 41
25681 42
25681 43
25681 46
25681 48
25681 49
25681 50
25681 51
25681 52
25681 54
25681 55
25681 56
25681 57
25681 58
25681 59
25681 60
25681 62
25681 63
25681 65
25681 66
25681 67
25681 68
25681 69
25681 70
25681 71
25681 72
25681 73
25681 74
25681 75
25681 77
25681 80
25681 81
25681 83
25681 85
25681 86
25681 87
25681 88
25681 89
25681 90
25681 91
25681 92
25681 93
25681 94
25681 95
25681 96
25681 97
25681 98
25681 99
25681 100
25681 102
25681 103
25681 105
25681 106
25681 107
25681 108
25681 110
25681 112
25681 115
25681 117
25681 118
25681 120
25681 121
25681 122
25681 123
25681 124
25681 125
25681 127
25681 128
25681 129
25681 130
25681 131
25681 132
25681 133
25681 134
25681 136
25681 137
25681 139
25681 141
25681 143
25681 144
25681 145
25681 146
25681 148
25681 149
25681 150
25681 152
25681 154
25681 155
25681 156
25681 157
25681 158
25681 162
25681 163
25681 165
25681 166
25681 167
25681 168
25681 169
25681 170
25681 171
25681 172
25681 173
25681 174
25681 175
25681 179
25681 180
25681 181
25681 183
25681 184
25681 185
25681 186
25681 188
25681 189
25681 190
25681 193
25681 194
25681 195
25681 196
25681 197
25681 198
25681 199
25681 201
25681 202
25681 203
25681 205
25681 206
25681 207
25681 209
25681 210
25681 211
25681 212
25681 213
25681 216
25681 217
25681 219
25681 220
25681 223
25681 224
25681 225
25681 226
25681 228
25681 229
25681 230
25681 231
25681 232
25681 233
25681 234
25681 235
25681 237
25681 238
25681 240
25681 241
25681 242
25682 0
25682 1
25682 2
25682 3
25682 4
25682 5
25682 6
25682 7
25682 8
25682 9
25682 10
25682 11
25682 12
25682 13
25682 14
25682 15
25682 16
25682 17
25682 18
25682 19
25682 20
25682 21
25682 22
25682 23
25682 24
25682 25
25682 26
25682 27
25682 28
25682 29
25682 30
25682 31
25682 32
25682 33
25682 34
25682 35
25682 36
25682 38
25682 39
25682 40
25682 41
25682 42
25682 43
25682 44
25682 45
25682 46
25682 47
25682 48
25682 49
25682 50
25682 51
25682 52
25682 53
25682 54
25682 55
25682 56
25682 57
25682 58
25682 59
25682 60
25682 61
25682 62
25682 63
25682 64
25682 65
25682 66
25682 67
25682 68
25682 69
25682 70
25682 71
25682 72
25682 73
25682 74
25682 75
25682 76
25682 77
25682 78
25682 79
25682 80
25682 81
25682 82
25682 83
25682 84
25682 85
25682 86
25682 87
25682 88
25682 89
25682 90
25682 91
25682 92
25682 93
25682 94
25682 95
25682 96
25682 97
25682 98
25682 99
25682 100
25682 101
25682 102
25683 0
25683 1
25683 2
25683 3
25683 4
25683 5
25683 6
25683 7
25683 8
25683 9
25683 10
25683 11
25683 12
25683 13
25683 14
25683 15
25683 16
25683 17
25683 18
25683 19
25683 20
25683 21
25683 22
25683 23
25683 24
25683 25
25683 26
25683 27
25683 28
25683 29
25683 30
25683 31
25683 32
25683 33
25683 34
25683 35
25683 36
25683 37
25683 39
25683 40
25683 41
25683 42
25683 43
25683 46
25683 47
25683 48
25683 49
25683 50
25683 51
25683 52
25683 53
25683 54
25683 55
25683 56
25683 57
25683 58
25683 59
25683 60
25683 61
25683 62
25683 63
25683 64
25683 65
25683 66
25683 67
25683 68
25683 69
25683 70
25683 71
25683 72
25683 73
25683 74
25683 75
25683 76
25683 77
25683 78
25683 79
25683 80
25683 81
25683 82
25683 83
25683 84
25683 85
25683 86
25683 87
25683 88
25683 89
25683 90
25683 91
25683 92
25683 93
25683 94
25683 95
25683 96
25683 97
25683 98
25683 99
25683 100
25683 101
25683 102
25683 103
25683 104
25683 105
25683 106
25683 107
25683 108
25683 109
25683 110
25683 111
25683 112
25683 113
25683 114
25683 115
25683 128
25683 129
25683 130
25684 0
25684 1
25684 2
25684 3
25684 4
25684 5
25684 6
25684 7
25684 8
25684 9
25684 10
25684 11
25684 12
25684 13
25684 14
25684 15
25684 16
25684 17
25684 18
25684 19
25684 20
25684 21
25684 22
25684 23
25684 24
25684 25
25684 26
25684 27
25684 28
25684 29
25684 30
25684 31
25684 32
25684 33
25684 34
25684 35
25684 36
25684 37
25684 38
25684 39
25684 40
25684 41
25684 42
25684 43
25684 44
25684 46
25684 47
25684 48
25684 49
25684 50
25684 51
25684 52
25684 53
25684 54
25684 55
25684 56
25684 57
25684 58
25684 59
25684 60
25684 61
25684 62
25684 63
25684 64
25684 65
25684 66
25684 67
25684 68
25684 69
25684 70
25684 71
25684 72
25684 73
25684 74
25684 75
25684 76
25684 77
25684 78
25684 79
25684 80
25684 81
25684 82
25684 84
25684 85
25684 86
25684 87
25684 88
25684 89
25684 90
25684 91
25684 92
25684 93
25684 94
25684 95
25684 96
25684 97
25684 98
25684 99
25684 100
25684 101
25684 102
25684 103
25684 104
25684 105
25684 106
25684 107
25684 108
25684 109
25684 110
25684 111
25684 112
25684 113
25684 114
25684 115
25684 116
25684 117
25684 118
25684 120
25684 121
25684 122
25684 123
25684 126
25684 127
25684 129
25684 130
25684 131
25684 132
25684 133
25684 134
25684 136
25684 137
25684 138
25684 139
25684 140
25684 141
25684 143
25684 146
25684 147
25684 148
25684 151
25684 152
25684 153
25684 154
25684 155
25684 156
25684 157
25684 159
25684 161
25684 163
25684 164
25684 165
25684 168
25684 170
25684 172
25684 173
25684 174
25684 175
25684 177
25686 0
25686 1
25686 2
25686 3
25686 4
25686 5
25686 6
25686 7
25686 8
25686 9
25686 10
25686 11
25686 12
25686 13
25686 14
25686 15
25686 16
25686 17
25686 18
25686 19
25686 20
25686 21
25686 22
25686 23
25686 24
25686 25
25686 26
25686 27
25686 28
25686 29
25686 30
25686 31
25686 32
25686 33
25686 34
25686 35
25686 36
25686 37
25686 38
25686 39
25686 40
25686 41
25686 42
25686 43
25687 0
25687 1
25687 2
25687 4
25687 5
25687 6
25687 7
25687 8
25687 9
25687 10
25687 11
25687 12
25687 13
25687 14
25687 15
25687 16
25687 17
25687 18
25687 19
25687 20
25687 21
25687 22
25687 23
25687 24
25687 25
25687 26
25687 27
25687 28
25687 41
25687 42
25687 43
25687 44
25687 45
25687 46
25687 47
25687 48
25687 49
25687 50
25687 51
25687 52
25687 53
25687 54
25687 55
25687 56
25687 57
25687 58
25687 59
25687 60
25687 61
25687 62
25687 63
25687 64
25687 65
25687 66
25687 67
25687 68
25687 69
25687 70
25687 71
25687 72
25687 73
25687 74
25687 75
25687 76
25687 77
25687 78
25687 79
25687 80
25687 81
25687 82
25687 83
25687 84
25687 85
25687 86
25687 87
25687 88
25687 89
25687 90
25687 91
25687 92
25687 93
25687 94
25687 95
25687 96
25687 97
25687 98
25687 99
25687 100
25687 101
25687 102
25687 103
25687 104
25687 105
25687 106
25687 107
25687 108
25687 109
25687 110
25687 111
25687 112
25687 113
25687 114
25687 115
25687 116
25687 117
25687 118
25687 120
25687 121
25687 122
25687 123
25687 124
25687 125
25687 127
25687 128
25687 129
25687 130
25687 131
25687 133
25687 134
25687 135
25687 136
25687 137
25687 138
25687 139
25687 140
25687 141
25687 142
25687 143
25687 144
25687 145
25687 147
25687 148
25687 149
25687 150
25687 151
25687 152
25687 153
25687 154
25687 155
25687 156
25687 157
25687 158
25687 159
25687 160
25687 161
25687 162
25687 163
25687 164
25687 165
25687 166
25687 167
25687 168
25687 169
25687 170
25687 182
25687 183
25687 184
25687 185
25687 186
25687 187
25687 188
25687 189
25687 190
25687 191
25687 192
25687 193
25687 194
25687 195
25687 196
25687 197
25687 198
25687 199
25687 200
25687 201
25687 202
25687 203
25687 204
25687 205
25687 206
25687 207
25687 208
25687 209
25687 211
25687 212
25687 213
25687 214
25687 215
25687 216
25687 217
25687 218
25687 219
25687 220
25687 221
25687 222
25687 223
25687 224
25687 225
25687 226
25687 227
25687 228
25687 229
25687 230
25687 231
25687 232
25687 233
25687 234
25687 235
25687 236
25687 237
25687 238
25687 239
25687 240
25687 241
25687 255
25687 256
25687 257
25687 258
25687 259
25687 260
25687 261
25687 262
25687 263
25687 264
25687 265
25687 266
25687 267
25687 268
25687 269
25687 270
25687 271
25687 272
25687 273
25687 274
25687 275
25687 276
25687 277
25687 278
25687 279
25687 280
25687 281
25687 282
25687 283
25687 284
25687 285
25687 286
25687 287
25687 288
25687 289
25687 290
25687 291
25687 292
25687 293
25687 294
25687 295
25687 296
25687 297
25687 298
25687 299
25687 300
25687 301
25687 302
25687 303
25687 304
25687 305
25687 306
25687 307
25687 308
25687 309
25687 310
25687 311
25687 312
25687 313
25687 314
25687 315
25687 316
25687 334
25687 335
25687 336
25687 337
25687 338
25687 339
25687 340
25687 342
25687 343
25687 344
25687 345
25687 346
25687 347
25687 348
25687 349
25687 350
25687 351
25687 352
25687 353
25687 354
25687 355
25687 356
25687 357
25687 358
25687 359
25688 0
25688 1
25688 2
25688 3
25688 4
25688 5
25688 6
25688 7
25688 8
25688 9
25688 10
25688 11
25688 12
25688 13
25688 14
25688 15
25688 16
25688 17
25688 18
25688 19
25688 20
25688 21
25688 22
25688 23
25688 24
25688 25
25688 26
25688 27
25688 28
25688 29
25688 30
25688 31
25688 32
25688 33
25688 34
25688 35
25688 36
25688 37
25688 38
25688 39
25688 40
25688 41
25688 42
25688 43
25688 44
25688 45
25688 46
25688 47
25688 48
25688 49
25688 50
25688 51
25688 56
25689 97
25689 99
25689 100
25689 103
25689 105
25689 106
25689 107
25689 108
25689 109
25689 110
25689 111
25689 112
25689 113
25689 114
25689 115
25689 116
25689 117
25689 118
25689 119
25689 121
25689 122
25689 123
25689 124
25689 125
25689 126
25689 127
25689 130
25689 131
25689 133
25689 135
25689 136
25689 137
25689 138
25689 139
25689 140
25689 141
25689 142
25689 143
25689 144
25689 145
25689 146
25689 147
25689 148
25689 149
25689 150
25689 151
25689 152
25689 153
25689 154
25689 155
25689 156
25689 157
25689 158
25689 159
25689 160
25689 161
25689 162
25689 163
25689 164
25689 166
25689 167
25689 168
25689 169
25689 170
25689 171
25689 172
25689 173
25689 175
25689 176
25689 177
25689 178
25689 179
25689 180
25689 181
25689 182
25689 183
25689 184
25689 185
25689 186
25689 187
25689 188
25689 189
25689 190
25689 191
25689 192
25689 193
25689 194
25689 195
25689 196
25689 197
25689 199
25689 201
25689 202
25689 203
25689 204
25689 205
25689 206
25689 207
25689 208
25689 209
25689 211
25689 212
25689 213
25689 214
25689 215
25689 216
25689 217
25689 218
25689 219
25689 220
25689 221
25689 222
25689 224
25689 225
25689 226
25689 227
25689 228
25689 231
25689 232
25689 233
25689 234
25689 235
25689 236
25689 237
25689 238
25689 239
25689 240
25689 241
25689 243
25689 244
25689 245
25689 246
25689 247
25689 248
25689 249
25689 250
25689 251
25689 252
25689 253
25689 254
25689 255
25689 256
25689 257
25689 258
25689 259
25689 260
25689 261
25689 262
25689 263
25689 264
25689 265
25689 266
25689 267
25689 268
25689 269
25689 270
25689 271
25689 272
25689 273
25689 274
25689 275
25689 276
25689 277
25689 278
25689 279
25689 280
25689 281
25689 282
25689 283
25689 284
25689 285
25689 286
25689 287
25689 288
25689 289
25689 290
25689 291
25689 292
25689 293
25689 294
25689 295
25689 296
25689 297
25689 298
25689 299
25689 300
25689 301
25689 302
25689 303
25689 304
25689 305
25689 306
25689 307
25689 308
25689 309
25689 310
25689 311
25689 313
25689 314
25689 315
25689 316
25689 317
25689 318
25689 319
25689 320
25689 321
25689 322
25689 323
25689 324
25689 325
25689 326
25689 329
25689 330
25689 331
25689 332
25689 333
25689 334
25689 335
25689 336
25689 337
25689 338
25689 339
25689 340
25689 341
25689 342
25689 343
25689 344
25689 345
25689 346
25689 347
25689 348
25689 349
25689 350
25689 351
25689 352
25689 353
25689 354
25689 355
25689 356
25689 357
25689 358
25689 359
25689 361
25689 362
25689 363
25689 364
25689 365
25689 366
25689 367
25689 369
25689 370
25689 371
25689 372
25689 373
25689 374
25689 375
25689 376
25689 377
25689 378
25689 379
25689 380
25689 381
25689 382
25689 383
25689 384
25689 385
25689 386
25689 387
25689 389
25689 390
25689 391
25689 392
25689 393
25689 394
25689 395
25689 396
25689 397
25689 398
25689 399
25689 400
25689 401
25689 402
25689 403
25689 404
25689 405
25689 406
25689 407
25689 408
25689 409
25689 410
25689 411
25689 412
25689 413
25689 414
25689 416
25689 417
25689 418
25689 419
25689 420
25689 421
25689 422
25689 423
25689 424
25689 425
25689 426
25689 427
25689 428
25689 429
25689 430
25689 431
25689 432
25689 433
25689 434
25689 436
25689 437
25689 438
25689 439
25689 440
25689 441
25689 442
25689 443
25689 444
25690 0
25690 1
25690 2
25690 3
25690 4
25690 5
25690 6
25690 7
25690 8
25690 9
25690 10
25690 11
25690 12
25690 13
25690 14
25690 15
25690 16
25690 17
25690 18
25690 19
25690 20
25690 21
25690 22
25690 23
25690 24
25690 26
25690 27
25690 28
25690 29
25690 30
25690 31
25690 32
25690 33
25690 34
25690 35
25690 36
25690 37
25690 38
25690 39
25690 40
25690 41
25690 42
25690 43
25690 44
25690 45
25690 46
25690 47
25690 48
25690 49
25690 50
25690 51
25690 52
25690 53
25690 54
25690 55
25690 56
25690 57
25690 58
25690 59
25690 60
25690 61
25690 62
25690 63
25690 64
25690 65
25690 66
25690 67
25690 68
25690 69
25690 70
25690 71
25690 72
25690 73
25690 74
25690 75
25690 76
25690 77
25690 78
25690 79
25690 80
25691 0
25691 1
25691 2
25691 3
25691 4
25691 5
25691 6
25691 7
25691 8
25691 9
25691 10
25691 11
25691 12
25691 13
25691 14
25691 15
25691 16
25691 17
25691 18
25691 19
25691 20
25691 21
25691 22
25691 23
25691 24
25691 25
25691 26
25691 27
25691 28
25691 29
25691 30
25691 31
25691 32
25691 33
25691 34
25691 35
25691 36
25691 37
25691 38
25691 39
25691 40
25691 41
25691 42
25691 43
25691 44
25691 45
25691 46
25691 47
25691 48
25691 49
25691 50
25691 51
25691 52
25691 53
25691 54
25691 55
25691 56
25691 57
25691 58
25691 59
25691 60
25691 61
25691 62
25691 63
25692 0
25692 1
25692 2
25692 3
25692 4
25692 5
25692 7
25692 8
25692 10
25692 11
25692 12
25692 13
25692 14
25692 15
25692 16
25692 17
25692 21
25692 22
25692 23
25692 24
25692 25
25692 26
25692 27
25692 28
25692 29
25692 30
25692 31
25692 32
25692 36
25692 37
25692 39
25692 40
25692 42
25692 43
25692 44
25692 45
25692 46
25692 47
25692 48
25692 49
25692 51
25692 52
25692 54
25692 58
25692 59
25692 60
25692 61
25692 62
25692 63
25692 64
25692 67
25692 68
25692 70
25692 72
25692 73
25692 75
25692 76
25692 77
25692 79
25692 80
25692 81
25692 82
25692 83
25692 84
25692 85
25692 86
25692 87
25692 88
25692 89
25692 90
25692 91
25692 92
25692 94
25692 95
25692 96
25692 97
25692 99
25692 101
25692 104
25692 105
25692 106
25692 107
25692 108
25692 109
25692 111
25692 112
25692 114
25692 115
25692 116
25692 117
25692 118
25692 120
25692 121
25692 122
25692 123
25692 125
25692 127
25692 128
25692 129
25692 130
25692 131
25692 132
25692 133
25692 134
25692 135
25692 136
25692 137
25692 138
25692 139
25692 143
25692 145
25692 146
25692 147
25692 148
25692 150
25692 151
25692 152
25692 153
25692 154
25692 155
25692 156
25692 157
25692 158
25692 159
25692 161
25692 162
25692 163
25692 164
25692 166
25692 169
25692 171
25692 173
25692 175
25692 178
25692 179
25692 180
25692 181
25692 182
25692 183
25692 184
25692 185
25692 186
25692 188
25692 189
25692 192
25692 193
25692 194
25692 195
25692 198
25692 200
25692 201
25692 202
25692 203
25692 205
25692 207
25692 208
25692 210
25692 211
25692 212
25692 215
25692 216
25692 217
25692 218
25692 219
25692 220
25692 221
25692 222
25692 223
25692 224
25692 226
25692 227
25692 228
25692 229
25692 230
25692 231
25692 233
25692 234
25692 235
25692 236
25692 242
25692 243
25692 244
25692 245
25692 247
25692 250
25692 251
25692 252
25692 253
25692 254
25692 255
25692 257
25692 258
25692 261
25692 262
25692 263
25692 265
25692 268
25692 269
25692 270
25692 272
25692 273
25692 275
25692 276
25692 277
25692 278
25692 279
25692 282
25692 283
25692 284
25692 285
25692 288
25692 289
25692 290
25692 291
25692 292
25692 294
25692 297
25692 299
25692 300
25692 301
25692 302
25692 304
25692 305
25692 306
25692 307
25692 308
25692 310
25692 312
25692 313
25692 314
25692 316
25692 317
25692 318
25692 319
25692 320
25692 321
25692 322
25692 325
25692 326
25692 327
25692 329
25692 330
25692 331
25692 333
25692 334
25692 335
25692 336
25692 339
25692 340
25692 344
25692 346
25692 349
25692 350
25692 352
25692 354
25692 355
25692 356
25692 357
25692 360
25692 362
25692 363
25692 364
25692 365
25692 366
25692 368
25692 369
25692 371
25692 372
25692 373
25692 374
25692 375
25692 376
25692 377
25692 378
25692 379
25692 380
25692 381
25692 382
25692 384
25692 385
25692 386
25692 387
25692 389
25692 390
25692 391
25692 392
25692 393
25692 395
25692 396
25692 399
25692 400
25692 401
25692 402
25692 404
25692 405
25692 406
25692 407
25692 408
25692 409
25692 410
25692 413
25692 414
25692 415
25692 416
25692 417
25692 418
25692 419
25692 420
25692 421
25692 422
25692 426
25692 427
25692 428
25692 430
25692 431
25692 434
25692 435
25692 436
25692 437
25692 438
25692 439
25692 440
25692 441
25692 442
25692 443
25692 444
25692 446
25692 447
25692 448
25692 449
25692 452
25692 453
25692 454
25692 455
25692 461
25692 462
25692 463
25692 464
25692 465
25692 466
25692 467
25692 468
25692 469
25692 470
25692 471
25692 472
25692 473
25692 474
25692 476
25692 477
25692 478
25692 479
25692 480
25692 482
25692 485
25692 488
25692 491
25692 492
25692 493
25692 494
25692 496
25692 497
25692 498
25692 499
25692 501
25692 503
25692 505
25692 506
25692 508
25692 510
25692 511
25692 513
25692 514
25692 516
25692 517
25692 518
25692 519
25692 521
25692 522
25692 523
25692 524
25692 525
25692 526
25692 527
25692 529
25692 530
25692 536
25692 537
25692 539
25692 541
25692 543
25692 544
25692 546
25692 547
25692 548
25692 550
25692 551
25692 552
25692 554
25692 555
25692 558
25692 559
25692 560
25692 561
25692 562
25692 564
25692 567
25692 568
25692 569
25692 571
25692 573
25692 575
25692 576
25692 578
25692 579
25692 580
25692 581
25692 582
25692 583
25692 584
25693 0
25693 1
25693 2
25693 3
25693 4
25693 5
25693 6
25693 7
25693 8
25693 9
25693 10
25693 11
25693 12
25693 13
25693 14
25693 15
25693 16
25693 17
25693 18
25693 19
25693 20
25693 21
25693 22
25693 23
25693 24
25693 25
25693 26
25693 27
25693 28
25693 29
25693 30
25693 31
25693 32
25693 33
25693 34
25693 35
25693 36
25693 37
25693 38
25693 39
25693 40
25693 42
25693 43
25693 44
25693 45
25693 46
25693 47
25693 48
25693 49
25693 50
25693 51
25693 52
25693 53
25693 54
25693 55
25693 56
25693 57
25693 58
25693 59
25693 60
25693 61
25693 62
25693 63
25693 64
25693 65
25693 66
25693 67
25693 68
25693 69
25693 70
25693 71
25693 72
25693 73
25693 74
25693 75
25693 76
25693 77
25693 78
25693 79
25693 80
25693 81
25693 82
25693 83
25693 84
25693 85
25693 86
25693 87
25693 88
25693 89
25693 90
25693 91
25693 92
25693 93
25693 94
25693 95
25693 96
25693 97
25693 98
25693 99
25693 100
25693 101
25693 102
25693 104
25693 105
25693 106
25693 107
25693 108
25693 109
25693 110
25693 111
25693 112
25693 113
25693 114
25693 115
25693 116
25693 117
25693 118
25693 119
25693 120
25693 121
25693 122
25693 123
25693 124
25693 125
25693 126
25693 127
25693 128
25693 129
25693 130
25693 131
25693 132
25693 133
25693 134
25693 135
25693 136
25693 137
25693 138
25693 139
25693 140
25694 0
25694 1
25694 2
25694 4
25694 5
25694 6
25694 7
25694 8
25694 9
25694 10
25694 11
25694 13
25694 14
25694 15
25694 17
25694 18
25694 19
25694 20
25694 22
25694 23
25694 24
25694 25
25694 26
25694 27
25694 28
25694 30
25694 31
25694 32
25694 33
25694 34
25694 35
25694 36
25694 37
25694 39
25694 40
25694 41
25694 42
25694 43
25694 44
25694 45
25694 46
25694 47
25694 49
25694 50
25694 51
25694 52
25694 53
25694 54
25694 55
25694 56
25694 57
25694 61
25694 62
25694 63
25694 64
25694 65
25694 66
25694 67
25694 68
25694 69
25694 70
25694 71
25694 72
25694 74
25694 75
25694 76
25694 77
25694 78
25694 79
25694 80
25694 81
25694 82
25694 83
25694 84
25694 85
25694 86
25694 87
25694 88
25694 89
25694 90
25694 91
25694 92
25694 93
25694 94
25694 95
25694 96
25694 97
25694 98
25694 99
25694 100
25694 101
25694 103
25694 104
25694 105
25694 106
25694 107
25694 108
25694 109
25694 110
25694 111
25694 113
25694 114
25694 115
25694 117
25694 118
25694 119
25694 120
25694 122
25694 123
25694 124
25694 126
25694 130
25694 132
25694 133
25694 134
25694 135
25694 136
25694 137
25694 138
25694 140
25694 141
25694 142
25694 143
25694 144
25694 145
25694 146
25694 147
25694 148
25694 149
25694 150
25694 151
25694 153
25694 155
25694 156
25694 158
25694 159
25694 160
25694 161
25694 163
25694 164
25694 165
25694 167
25694 168
25694 169
25694 172
25694 173
25694 174
25694 175
25694 176
25694 177
25694 178
25694 179
25694 180
25694 181
25694 182
25694 183
25694 184
25694 185
25694 186
25694 188
25694 191
25694 192
25694 193
25694 194
25694 195
25694 196
25694 197
25694 198
25694 199
25694 200
25694 202
25694 203
25694 204
25694 205
25694 207
25694 208
25694 209
25694 210
25694 211
25694 212
25694 213
25694 215
25694 216
25694 217
25694 221
25694 224
25694 225
25694 226
25694 228
25694 229
25694 230
25694 231
25694 232
25694 234
25694 238
25694 239
25694 240
25694 241
25694 242
25694 243
25694 244
25694 245
25694 246
25694 247
25694 248
25694 249
25694 250
25694 251
25694 252
25694 253
25694 254
25694 255
25694 256
25694 257
25694 258
25694 259
25694 260
25694 261
25694 262
25694 263
25694 265
25694 266
25694 267
25694 268
25694 269
25694 270
25694 271
25694 272
25694 273
25694 274
25694 275
25694 276
25694 277
25694 278
25694 279
25694 280
25694 281
25694 282
25694 283
25694 284
25694 285
25694 286
25694 287
25694 288
25694 289
25694 291
25694 292
25694 293
25694 294
25694 295
25694 296
25694 297
25694 298
25694 300
25694 301
25694 302
25694 303
25694 304
25694 305
25694 306
25694 307
25694 308
25694 309
25694 310
25694 311
25694 312
25694 314
25694 315
25694 317
25694 319
25694 320
25694 321
25694 322
25694 325
25694 326
25694 327
25694 328
25694 329
25694 330
25694 333
25694 334
25694 335
25694 336
25694 338
25694 339
25694 340
25694 341
25694 342
25694 343
25694 344
25694 345
25694 346
25694 347
25694 348
25694 349
25694 350
25694 351
25694 352
25694 353
25694 355
25694 356
25694 357
25694 358
25694 359
25694 360
25694 361
25694 362
25694 363
25694 364
25694 365
25694 366
25694 367
25694 368
25694 369
25694 370
25694 371
25694 372
25694 373
25694 374
25694 375
25694 376
25694 377
25694 378
25694 379
25694 380
25694 381
25694 382
25694 383
25694 384
25694 386
25694 387
25694 388
25694 389
25694 390
25694 391
25694 392
25694 393
25694 394
25694 395
25694 396
25694 397
25694 398
25694 399
25694 401
25694 402
25694 403
25694 404
25694 405
25694 406
25694 407
25694 408
25694 409
25694 410
25694 411
25694 412
25694 413
25694 414
25694 415
25694 416
25694 417
25694 418
25694 419
25694 420
25694 421
25694 422
25694 423
25694 424
25694 425
25694 426
25694 427
25694 428
25694 429
25694 430
25694 431
25694 432
25694 433
25694 434
25694 435
25694 436
25694 437
25694 438
25694 439
25694 440
25694 441
25694 442
25694 443
25694 446
25694 447
25694 448
25694 449
25694 450
25694 451
25694 452
25694 453
25694 454
25694 455
25694 456
25694 457
25694 460
25694 461
25694 462
25694 463
25694 464
25694 465
25694 466
25694 467
25694 468
25694 469
25694 470
25694 471
25694 472
25694 473
25694 474
25694 475
25694 476
25694 477
25694 478
25694 479
25694 481
25694 482
25694 484
25694 485
25694 487
25694 488
25694 490
25694 491
25694 492
25694 493
25694 494
25694 495
25694 497
25694 498
25694 499
25694 500
25694 501
25694 502
25694 503
25694 504
25694 505
25694 507
25694 508
25694 509
25694 510
25694 511
25694 512
25694 513
25694 514
25694 516
25694 517
25694 518
25694 519
25694 521
25694 522
25694 523
25694 526
25694 528
25694 529
25694 531
25694 532
25694 533
25694 534
25694 535
25694 536
25694 537
25694 538
25694 539
25694 540
25694 541
25694 545
25694 546
25694 547
25694 548
25694 549
25694 550
25694 551
25694 553
25694 554
25694 555
25694 557
25694 558
25694 559
25694 560
25694 561
25694 562
25694 563
25694 564
25694 565
25694 566
25694 568
25694 569
25694 570
25694 571
25694 572
25694 573
25694 574
25694 575
25695 0
25695 1
25695 2
25695 3
25695 4
25695 5
25695 6
25695 7
25695 8
25695 9
25695 10
25695 11
25695 12
25695 13
25695 14
25695 15
25695 16
25695 17
25695 18
25695 19
25695 20
25695 21
25695 22
25695 23
25695 24
25695 25
25695 26
25695 27
25695 28
25695 29
25695 30
25695 31
25695 32
25695 33
25695 34
25695 35
25695 36
25695 37
25695 38
25695 39
25695 40
25695 41
25695 42
25695 43
25695 44
25695 45
25695 46
25695 47
25695 48
25695 49
25695 50
25695 51
25695 52
25695 53
25695 54
25695 55
25695 57
25695 58
25695 59
25695 60
25695 61
25695 62
25695 63
25695 64
25695 65
25695 66
25695 67
25695 68
25695 69
25695 70
25695 71
25695 72
25695 73
25695 74
25695 75
25695 76
25695 77
25695 78
25695 79
25695 80
25695 81
25695 82
25695 83
25695 84
25695 85
25695 86
25695 87
25695 88
25695 89
25695 90
25695 91
25695 92
25695 93
25695 94
25695 95
25695 96
25695 97
25695 98
25695 99
25695 100
25695 101
25695 102
25695 103
25695 104
25695 105
25695 106
25695 107
25695 108
25695 109
25695 110
25695 111
25695 112
25695 113
25695 114
25695 115
25695 116
25695 117
25695 118
25695 119
25695 120
25695 121
25695 122
25695 123
25695 124
25695 125
25695 126
25695 127
25695 128
25695 129
25695 130
25695 131
25695 132
25695 133
25695 134
25695 135
25695 136
25695 137
25695 138
25695 139
25695 140
25695 141
25695 142
25695 143
25695 144
25695 145
25695 146
25695 147
25695 148
25695 149
25695 150
25695 151
25695 152
25695 153
25695 154
25695 155
25695 156
25695 157
25695 158
25695 159
25695 160
25695 161
25695 162
25695 163
25695 164
25695 165
25695 166
25695 167
25695 168
25695 169
25695 170
25695 171
25695 172
25695 173
25695 174
25695 175
25695 176
25695 177
25695 178
25695 179
25695 180
25695 181
25695 182
25695 183
25695 184
25695 185
25695 186
25695 187
25695 188
25695 189
25695 190
25695 191
25695 192
25695 193
25695 194
25695 195
25695 196
25695 197
25695 198
25695 199
25695 200
25695 201
25695 202
25695 203
25695 204
25695 205
25695 206
25695 207
25695 208
25695 209
25695 210
25696 0
25696 1
25696 2
25696 3
25696 4
25696 5
25696 6
25696 7
25696 8
25696 9
25696 10
25696 11
25696 12
25696 13
25696 14
25696 15
25696 16
25696 17
25696 18
25696 19
25696 20
25696 21
25696 23
25696 24
25696 25
25696 26
25696 27
25696 28
25696 29
25696 30
25696 31
25696 32
25696 33
25696 34
25696 35
25696 36
25696 37
25696 38
25696 39
25696 40
25696 41
25696 42
25696 43
25696 44
25696 45
25696 46
25696 47
25696 48
25696 49
25696 50
25696 51
25696 52
25696 53
25696 54
25696 55
25696 56
25696 57
25696 58
25696 59
25696 60
25696 61
25696 62
25696 63
25696 64
25696 65
25696 66
25696 67
25696 68
25696 69
25696 70
25696 71
25696 72
25696 73
25696 74
25696 75
25696 76
25696 77
25696 78
25696 79
25696 80
25696 81
25696 83
25696 84
25696 85
25696 86
25696 87
25696 88
25696 89
25696 90
25696 91
25696 92
25696 93
25696 94
25696 95
25696 96
25696 97
25696 98
25696 99
25696 100
25696 101
25696 102
25696 103
25696 104
25696 105
25696 106
25696 107
25696 108
25696 109
25696 110
25696 111
25696 112
25696 113
25696 114
25696 115
25696 116
25696 117
25696 118
25696 119
25696 120
25696 121
25696 122
25696 123
25696 124
25696 125
25696 126
25696 127
25696 128
25696 129
25696 130
25696 131
25696 132
25696 133
25696 134
25696 135
25696 136
25696 137
25696 138
25696 139
25696 140
25696 141
25696 142
25696 143
25696 144
25696 145
25696 146
25696 147
25696 148
25696 149
25696 150
25696 151
25696 152
25696 153
25696 154
25696 155
25696 156
25696 157
25696 158
25696 159
25696 160
25696 161
25696 162
25696 163
25696 164
25696 165
25696 166
25696 167
25696 168
25696 169
25696 170
25696 171
25696 172
25696 173
25696 174
25696 175
25696 176
25696 177
25696 178
25696 179
25696 180
25696 181
25696 182
25696 183
25696 184
25696 185
25696 186
25696 187
25696 188
25696 189
25696 190
25696 191
25696 192
25696 193
25696 194
25696 195
25696 196
25696 197
25696 198
25696 199
25696 200
25696 201
25696 202
25696 203
25696 204
25696 205
25696 206
25696 207
25696 208
25696 209
25696 210
25696 211
25696 212
25696 213
25696 214
25696 215
25696 216
25696 217
25696 218
25696 219
25696 220
25696 221
25696 222
25696 223
25696 224
25696 225
25696 226
25696 227
25696 228
25696 229
25696 230
25696 231
25696 232
25696 233
25696 234
25696 235
25696 236
25696 237
25696 238
25696 239
25696 240
25696 241
25696 242
25696 243
25696 244
25696 245
25696 246
25696 247
25696 248
25696 249
25696 250
25696 251
25696 252
25696 253
25696 254
25696 255
25696 256
25696 257
25696 258
25696 259
25696 260
25696 261
25696 262
25696 263
25696 264
25696 265
25696 266
25696 267
25696 268
25696 269
25696 270
25696 271
25696 272
25696 273
25696 274
25696 275
25696 276
25697 0
25697 2
25697 3
25697 4
25697 5
25697 6
25697 7
25697 8
25697 9
25697 10
25697 11
25697 14
25697 15
25697 16
25697 17
25697 18
25697 20
25697 21
25697 22
25697 23
25697 25
25697 26
25697 28
25697 29
25697 31
25697 32
25697 33
25697 34
25697 35
25697 36
25697 37
25697 39
25697 40
25697 41
25697 42
25697 44
25697 45
25697 46
25697 48
25697 49
25697 53
25697 54
25697 56
25697 57
25697 61
25697 62
25697 63
25697 65
25697 68
25697 69
25697 70
25697 71
25697 73
25697 75
25697 76
25697 80
25697 82
25697 83
25697 84
25697 85
25697 88
25697 89
25697 90
25697 92
25697 93
25697 94
25697 95
25697 96
25697 97
25697 99
25697 100
25697 102
25697 103
25697 104
25697 105
25697 106
25697 107
25697 108
25697 109
25697 111
25697 112
25697 113
25697 114
25697 116
25697 117
25697 118
25697 119
25697 120
25697 121
25697 122
25697 123
25697 124
25697 126
25697 127
25697 128
25697 129
25697 130
25697 131
25697 132
25697 133
25697 134
25697 137
25697 139
25697 140
25697 141
25697 143
25697 144
25697 145
25697 147
25697 148
25697 150
25697 151
25697 154
25697 156
25697 157
25697 160
25697 164
25697 165
25697 166
25697 167
25697 170
25697 172
25697 173
25697 174
25697 175
25697 176
25697 180
25697 181
25697 182
25697 183
25697 184
25697 185
25697 186
25697 188
25697 189
25697 191
25697 192
25697 196
25697 201
25697 203
25697 205
25697 206
25697 207
25697 208
25697 210
25697 211
25697 213
25697 214
25697 215
25697 216
25697 219
25697 222
25697 223
25697 224
25697 225
25697 226
25697 228
25697 229
25697 230
25697 234
25697 235
25697 236
25697 237
25697 239
25697 240
25697 241
25697 242
25697 243
25697 250
25697 251
25697 252
25697 253
25697 254
25697 255
25697 258
25697 259
25697 260
25697 262
25697 263
25697 264
25697 265
25697 266
25697 268
25697 271
25697 273
25697 274
25697 277
25697 278
25697 284
25697 285
25697 288
25697 289
25697 290
25697 291
25697 293
25697 295
25697 298
25697 300
25697 301
25697 302
25697 305
25697 306
25697 307
25697 308
25697 309
25697 311
25697 313
25697 315
25697 318
25697 319
25697 320
25697 321
25697 322
25697 323
25697 324
25697 326
25697 329
25697 330
25697 331
25697 332
25697 333
25697 336
25697 337
25697 338
25697 340
25697 341
25697 342
25697 343
25697 344
25697 345
25697 346
25697 347
25697 348
25697 349
25697 350
25697 355
25697 356
25697 357
25697 358
25701 1
25701 2
25701 3
25701 4
25701 5
25701 6
25701 7
25701 8
25701 9
25701 10
25701 11
25701 12
25701 13
25701 14
25701 15
25701 16
25701 17
25701 18
25701 20
25701 21
25701 22
25701 23
25701 24
25701 25
25701 26
25701 27
25701 28
25701 29
25701 30
25701 31
25701 32
25701 33
25701 34
25701 35
25701 36
25701 37
25701 38
25701 39
25701 40
25701 41
25701 43
25701 44
25701 45
25701 46
25701 47
25701 48
25701 50
25701 51
25701 52
25701 54
25701 56
25701 58
25701 60
25701 61
25701 62
25701 67
25701 69
25701 71
25702 0
25702 1
25702 2
25702 3
25702 4
25702 5
25702 6
25702 7
25702 8
25702 9
25702 10
25702 11
25702 12
25702 13
25702 14
25702 15
25702 16
25702 17
25702 18
25702 19
25702 20
25702 21
25702 22
25702 23
25702 24
25702 25
25702 26
25702 27
25702 28
25702 29
25702 30
25702 31
25702 32
25702 33
25702 34
25702 35
25702 36
25702 37
25702 38
25702 39
25702 40
25702 41
25702 42
25702 43
25702 44
25702 45
25702 46
25702 47
25702 48
25702 49
25702 50
25702 51
25702 52
25702 53
25702 54
25702 55
25702 56
25702 57
25702 58
25702 59
25702 60
25702 61
25702 62
25702 63
25702 64
25702 65
25702 66
25702 67
25702 68
25702 69
25702 70
25702 71
25702 72
25702 73
25702 74
25702 75
25702 76
25702 77
25702 78
25702 79
25703 0
25703 1
25703 2
25703 3
25703 4
25703 5
25703 6
25703 7
25703 8
25703 9
25703 10
25703 11
25703 12
25703 13
25703 14
25703 15
25703 16
25703 17
25703 18
25703 19
25703 20
25703 21
25703 22
25703 23
25703 24
25703 25
25703 26
25703 27
25703 28
25703 29
25703 30
25703 31
25703 32
25703 33
25703 34
25703 35
25703 36
25703 37
25703 38
25703 39
25703 40
25703 41
25703 42
25703 43
25703 44
25703 45
25703 46
25703 47
25703 48
25703 49
25703 50
25703 51
25703 52
25703 53
25703 54
25703 55
25703 56
25703 57
25703 58
25703 59
25703 60
25703 61
25703 62
25703 63
25703 64
25703 65
25703 66
25703 67
25703 69
25703 70
25703 71
25703 72
25703 73
25703 74
25703 75
25703 76
25703 77
25703 79
25703 80
25703 81
25703 82
25703 83
25703 84
25703 85
25703 86
25703 87
25703 88
25703 89
25703 90
25703 91
25703 92
25703 93
25703 94
25703 95
25703 96
25703 97
25703 98
25703 99
25703 100
25703 101
25703 102
25703 103
25703 104
25703 105
25703 106
25703 107
25703 108
25703 109
25703 110
25703 111
25703 112
25703 113
25703 114
25703 116
25703 117
25703 118
25703 119
25703 120
25703 121
25703 122
25703 123
25703 124
25703 125
25703 126
25703 127
25703 128
25703 129
25703 130
25703 131
25703 132
25703 133
25703 134
25703 135
25703 136
25703 137
25703 138
25703 139
25703 140
25703 141
25703 142
25703 143
25703 144
25703 145
25703 146
25703 147
25703 148
25703 149
25703 150
25703 151
25703 152
25703 153
25703 154
25703 155
25703 156
25703 157
25703 158
25703 159
25703 160
25703 161
25703 162
25703 163
25703 164
25703 165
25703 166
25703 167
25703 168
25703 169
25703 170
25703 171
25703 172
25703 173
25703 174
25703 175
25703 176
25703 177
25703 178
25703 179
25704 0
25704 1
25704 2
25704 3
25704 4
25704 5
25704 6
25704 7
25704 8
25704 9
25704 10
25704 11
25704 12
25704 13
25704 14
25704 15
25704 16
25704 17
25704 18
25704 19
25704 20
25704 21
25704 22
25704 23
25704 24
25704 25
25704 26
25704 27
25704 28
25704 29
25704 30
25704 31
25704 32
25704 33
25704 34
25704 35
25704 36
25704 37
25704 38
25704 39
25704 40
25704 41
25704 42
25704 43
25704 44
25704 45
25704 46
25704 47
25704 48
25704 49
25704 50
25704 51
25704 52
25704 53
25704 54
25704 55
25704 56
25704 57
25704 58
25704 59
25704 60
25704 61
25704 62
25704 63
25704 64
25704 65
25704 66
25704 67
25704 68
25704 69
25704 70
25704 71
25704 72
25704 73
25704 74
25704 75
25704 76
25704 77
25704 78
25704 79
25704 80
25704 81
25704 82
25704 83
25704 84
25704 85
25704 86
25704 87
25704 89
25704 90
25704 91
25704 92
25704 93
25704 94
25704 95
25704 96
25704 97
25704 98
25704 99
25704 100
25704 101
25704 102
25704 103
25704 104
25704 105
25704 106
25704 107
25704 108
25704 109
25704 110
25704 111
25704 112
25704 113
25704 114
25704 115
25705 0
25705 1
25705 2
25705 3
25705 5
25705 6
25705 7
25705 8
25705 9
25705 10
25705 11
25705 12
25705 13
25705 14
25705 15
25705 16
25705 17
25705 18
25705 19
25705 20
25705 21
25705 22
25705 23
25705 24
25705 25
25705 26
25705 27
25705 28
25705 29
25705 30
25705 31
25705 32
25705 33
25705 34
25705 35
25705 36
25705 37
25705 38
25705 39
25705 40
25705 42
25705 43
25705 44
25705 45
25705 46
25705 47
25705 48
25705 49
25705 50
25705 51
25705 52
25705 53
25705 54
25705 55
25705 56
25705 57
25705 58
25705 59
25705 60
25705 61
25705 62
25705 63
25705 64
25705 65
25705 66
25705 67
25705 68
25705 69
25705 70
25705 71
25705 72
25705 73
25705 74
25705 75
25705 76
25705 78
25705 79
25705 80
25705 81
25705 82
25705 83
25705 84
25705 85
25705 86
25705 87
25705 88
25705 89
25705 90
25705 92
25705 93
25705 94
25705 95
25705 97
25705 98
25705 99
25705 100
25705 101
25705 103
25705 104
25705 105
25705 106
25705 107
25705 108
25705 109
25705 110
25705 111
25705 112
25705 113
25705 114
25705 115
25705 116
25705 118
25705 120
25705 123
25705 125
25705 126
25705 127
25705 129
25705 130
25705 131
25705 132
25705 133
25705 134
25705 135
25705 136
25705 138
25705 139
25705 140
25705 141
25705 142
25705 143
25705 144
25705 145
25705 147
25705 148
25705 149
25705 150
25705 151
25705 152
25705 153
25705 154
25705 155
25705 156
25705 157
25705 158
25705 159
25705 161
25705 162
25705 164
25705 165
25705 166
25705 167
25705 168
25705 169
25705 170
25705 171
25705 173
25705 174
25705 175
25705 176
25705 177
25705 178
25705 179
25705 180
25705 181
25705 183
25705 184
25705 185
25705 186
25705 187
25705 188
25705 190
25705 191
25705 192
25705 194
25705 195
25705 196
25705 197
25705 198
25705 199
25705 200
25705 201
25705 202
25705 204
25705 205
25705 206
25705 208
25705 209
25705 210
25705 211
25705 212
25705 213
25705 214
25705 216
25705 217
25705 218
25705 219
25705 220
25705 221
25705 222
25705 223
25705 224
25705 225
25705 226
25705 227
25705 229
25705 230
25705 231
25705 232
25705 233
25705 234
25705 235
25705 236
25705 237
25705 240
25705 241
25705 242
25705 243
25705 244
25705 245
25705 246
25705 247
25705 248
25705 249
25705 250
25705 251
25705 252
25705 253
25705 254
25705 255
25705 256
25705 257
25705 258
25705 260
25705 261
25705 263
25705 264
25705 265
25705 267
25705 269
25705 270
25705 271
25705 272
25705 273
25705 275
25705 276
25705 278
25705 279
25705 280
25705 281
25705 282
25705 283
25705 284
25705 286
25705 289
25705 290
25705 291
25705 292
25705 293
25705 295
25705 296
25705 297
25705 300
25705 303
25705 304
25705 305
25705 306
25705 307
25705 308
25705 309
25705 311
25705 312
25705 313
25705 314
25705 316
25705 317
25705 318
25705 319
25705 320
25705 321
25705 322
25705 323
25705 324
25705 326
25705 327
25705 328
25705 329
25705 330
25705 332
25705 334
25705 335
25705 336
25705 337
25705 338
25705 339
25705 341
25705 343
25705 344
25705 346
25705 350
25705 352
25705 353
25705 355
25705 356
25705 357
25705 358
25705 359
25705 361
25705 363
25705 364
25705 367
25705 368
25705 370
25705 371
25705 372
25705 373
25705 374
25705 375
25705 376
25705 377
25705 378
25705 379
25705 380
25705 381
25705 382
25705 383
25705 385
25705 386
25705 387
25705 388
25705 389
25705 390
25705 391
25705 392
25705 393
25705 394
25705 395
25705 396
25705 397
25705 398
25705 399
25705 400
25705 401
25705 402
25705 403
25705 404
25705 406
25705 407
25705 408
25705 409
25705 410
25705 411
25705 414
25705 416
25705 418
25705 419
25705 420
25705 421
25705 422
25705 423
25705 424
25705 425
25705 426
25705 427
25705 428
25705 429
25705 430
25705 431
25705 433
25705 434
25705 435
25705 437
25705 438
25705 439
25705 441
25705 442
25705 443
25705 444
25705 445
25705 446
25705 447
25705 448
25705 449
25705 450
25705 452
25705 453
25705 454
25705 455
25705 456
25705 457
25705 458
25705 459
25705 460
25705 461
25705 462
25705 463
25705 464
25705 465
25705 466
25705 467
25705 470
25705 471
25705 472
25705 473
25705 475
25705 477
25705 479
25705 480
25705 481
25705 482
25705 483
25705 484
25705 485
25705 486
25705 487
25705 488
25705 489
25705 490
25705 491
25705 493
25705 494
25705 495
25705 496
25705 500
25705 501
25705 502
25705 503
25705 506
25705 507
25705 512
25705 513
25705 515
25705 516
25705 519
25705 520
25705 521
25705 522
25705 524
25705 528
25705 530
25705 531
25705 533
25705 534
25705 536
25705 537
25705 539
25705 541
25705 543
25705 544
25705 545
25705 546
25705 548
25705 550
25705 551
25705 552
25705 554
25705 556
25705 557
25705 558
25705 559
25705 560
25705 562
25705 565
25705 567
25705 568
25705 569
25705 570
25705 571
25705 572
25705 573
25706 0
25706 1
25706 2
25706 3
25706 5
25706 6
25706 7
25706 8
25706 9
25706 10
25706 11
25706 12
25706 13
25706 14
25706 15
25706 16
25706 17
25706 18
25706 19
25706 20
25706 21
25706 22
25706 23
25706 24
25706 25
25706 26
25706 27
25706 28
25706 29
25706 30
25706 31
25706 32
25706 33
25706 34
25706 35
25706 36
25706 37
25706 38
25706 39
25706 40
25706 41
25706 42
25706 43
25706 44
25706 45
25706 46
25706 47
25706 48
25706 49
25706 50
25706 51
25706 52
25706 53
25706 54
25706 55
25706 56
25706 57
25706 58
25706 59
25706 60
25706 61
25706 62
25706 63
25706 64
25706 65
25706 66
25706 67
25706 68
25706 69
25706 70
25706 71
25706 72
25706 73
25706 74
25706 75
25706 76
25706 77
25706 78
25706 79
25706 80
25706 81
25706 82
25706 83
25706 84
25706 85
25706 86
25706 87
25706 88
25706 89
25706 90
25708 0
25708 1
25708 2
25708 3
25708 4
25708 5
25708 6
25708 7
25708 8
25708 9
25708 10
25708 11
25708 12
25708 13
25708 14
25708 15
25708 16
25708 17
25708 18
25708 19
25708 21
25708 22
25708 23
25708 24
25708 25
25708 26
25708 27
25708 28
25708 29
25708 30
25708 31
25708 32
25708 33
25708 34
25708 35
25708 36
25708 37
25708 38
25708 39
25708 40
25708 41
25708 42
25708 43
25708 44
25708 45
25708 46
25708 47
25708 48
25708 49
25708 50
25708 51
25708 52
25708 54
25708 55
25708 56
25708 57
25708 58
25708 59
25708 60
25708 61
25708 62
25708 63
25708 64
25708 65
25708 66
25708 67
25708 68
25708 69
25708 70
25708 71
25708 72
25708 73
25708 74
25708 75
25708 76
25708 77
25708 78
25708 79
25708 80
25708 81
25708 82
25708 83
25708 84
25708 85
25708 86
25708 87
25708 88
25708 89
25708 90
25708 91
25708 92
25708 93
25708 94
25708 95
25708 96
25708 97
25708 98
25708 99
25708 100
25708 101
25708 102
25709 0
25709 1
25709 2
25709 3
25709 4
25709 5
25709 6
25709 7
25709 8
25709 9
25709 10
25709 11
25709 12
25709 13
25709 14
25709 15
25709 16
25709 17
25709 18
25709 19
25709 20
25709 22
25709 23
25709 24
25709 25
25709 26
25709 27
25709 28
25709 29
25709 30
25709 31
25709 32
25709 33
25709 34
25709 35
25709 36
25709 37
25709 38
25709 39
25709 40
25709 41
25709 42
25709 43
25709 44
25709 45
25709 46
25709 47
25709 48
25709 49
25709 50
25709 51
25709 52
25709 53
25709 54
25709 55
25709 56
25709 57
25709 58
25709 59
25709 60
25709 61
25709 62
25709 63
25709 64
25709 65
25709 66
25709 67
25709 68
25709 69
25709 70
25709 71
25709 72
25709 73
25709 74
25709 75
25709 76
25709 77
25709 78
25709 79
25709 80
25709 81
25709 82
25709 83
25709 84
25709 87
25709 88
25709 89
25709 90
25709 91
25709 92
25709 93
25709 95
25709 96
25709 97
25709 98
25709 99
25709 101
25709 103
25709 105
25709 106
25709 107
25709 109
25709 110
25709 111
25709 114
25709 115
25709 116
25709 117
25709 118
25709 119
25709 122
25709 123
25709 124
25709 125
25709 128
25709 129
25709 130
25709 131
25709 132
25709 133
25709 134
25709 135
25709 136
25709 137
25709 138
25709 139
25709 140
25709 142
25709 143
25709 146
25709 147
25709 148
25709 149
25709 150
25709 152
25709 153
25709 154
25709 155
25709 158
25709 159
25709 161
25709 162
25709 163
25709 164
25709 165
25709 166
25709 167
25709 168
25709 170
25709 171
25709 172
25709 173
25709 174
25709 175
25709 176
25709 177
25709 178
25709 179
25709 180
25709 181
25709 183
25709 185
25709 187
25709 188
25709 191
25709 192
25709 193
25709 194
25709 195
25709 196
25709 197
25709 199
25709 200
25709 203
25709 204
25709 205
25709 206
25709 207
25709 209
25709 210
25709 211
25709 212
25709 213
25709 214
25709 215
25710 0
25710 1
25710 2
25710 3
25710 4
25710 5
25710 6
25710 7
25710 8
25710 9
25710 10
25710 11
25710 12
25710 13
25710 14
25710 15
25710 16
25710 17
25710 18
25710 19
25710 20
25710 21
25710 22
25710 23
25710 24
25710 25
25710 26
25710 27
25710 28
25710 29
25710 30
25710 31
25710 32
25710 33
25710 34
25710 35
25710 36
25710 37
25710 38
25710 39
25710 40
25710 41
25710 42
25710 43
25710 44
25710 45
25710 46
25710 47
25710 48
25710 49
25710 50
25710 51
25710 52
25710 53
25710 54
25710 55
25710 56
25710 57
25710 58
25710 59
25710 60
25710 61
25710 62
25710 63
25710 64
25710 65
25710 66
25710 67
25710 68
25710 69
25710 70
25710 71
25710 72
25710 73
25710 74
25710 75
25710 76
25710 77
25710 78
25710 79
25710 80
25710 81
25710 82
25710 83
25710 84
25710 85
25710 86
25710 87
25710 88
25710 89
25710 90
25710 91
25710 92
25710 93
25710 95
25710 96
25710 97
25710 98
25710 99
25710 100
25710 101
25710 102
25710 103
25710 104
25710 105
25710 106
25710 107
25710 108
25710 109
25710 110
25710 111
25710 112
25710 113
25710 114
25710 115
25710 116
25710 117
25710 118
25710 119
25710 120
25710 121
25710 122
25710 123
25710 124
25710 125
25710 126
25710 127
25710 129
25710 130
25710 131
25710 132
25710 133
25710 134
25710 135
25710 136
25710 137
25710 138
25710 139
25710 140
25710 141
25710 142
25710 143
25710 144
25710 146
25710 147
25710 148
25710 149
25710 150
25710 151
25710 152
25710 153
25710 154
25710 155
25710 156
25710 157
25710 158
25710 159
25710 160
25710 161
25710 162
25710 163
25710 164
25710 165
25710 166
25710 167
25710 168
25710 169
25710 170
25710 171
25710 172
25710 173
25710 174
25710 175
25710 176
25710 177
25710 178
25710 179
25710 180
25710 181
25710 182
25710 183
25710 184
25710 185
25710 186
25710 187
25710 188
25710 189
25710 190
25710 191
25710 192
25710 193
25710 194
25710 195
25710 196
25710 197
25710 198
25710 199
25710 200
25710 201
25710 202
25710 203
25710 204
25710 205
25710 206
25710 207
25710 208
25710 209
25710 210
25710 211
25710 212
25710 213
25710 214
25710 215
25710 216
25710 217
25710 218
25710 219
25710 220
25710 221
25710 222
25710 223
25710 224
25710 225
25710 226
25710 227
25710 228
25710 229
25710 230
25710 231
25710 232
25710 233
25710 234
25710 235
25710 236
25710 237
25710 238
25710 239
25710 240
25710 241
25710 242
25710 243
25710 244
25710 245
25710 246
25710 248
25710 249
25710 250
25710 251
25710 252
25710 253
25710 254
25710 255
25710 256
25710 257
25710 258
25710 259
25710 260
25711 0
25711 1
25711 2
25711 3
25711 4
25711 5
25711 6
25711 7
25711 8
25711 9
25711 10
25711 11
25711 12
25711 13
25711 14
25711 15
25711 16
25711 17
25711 18
25711 19
25711 20
25711 21
25711 22
25711 23
25711 24
25711 25
25711 26
25711 27
25711 28
25711 29
25711 30
25711 31
25711 32
25711 33
25711 34
25711 35
25711 36
25711 37
25711 38
25711 39
25711 40
25711 41
25711 42
25711 43
25711 44
25711 45
25711 46
25711 47
25711 48
25711 49
25711 50
25711 51
25711 52
25711 53
25711 54
25711 55
25711 56
25711 57
25711 58
25711 59
25711 60
25711 61
25711 62
25711 63
25711 64
25711 65
25711 66
25711 67
25711 68
25711 69
25711 70
25711 71
25711 72
25711 73
25711 74
25711 75
25711 76
25711 77
25711 78
25711 79
25711 80
25711 81
25711 82
25711 83
25711 84
25711 85
25711 86
25711 87
25711 88
25711 89
25711 90
25711 91
25711 92
25711 93
25711 94
25711 95
25711 96
25711 97
25711 98
25711 99
25711 100
25711 101
25711 102
25711 103
25711 104
25711 105
25711 106
25711 107
25711 108
25711 109
25711 110
25711 111
25711 112
25711 113
25711 115
25711 116
25711 117
25711 118
25711 119
25711 120
25711 121
25711 122
25711 123
25711 124
25711 125
25711 126
25711 127
25711 128
25711 129
25711 130
25711 131
25711 132
25711 133
25711 134
25711 135
25711 136
25711 137
25711 138
25711 139
25711 140
25711 141
25711 142
25711 143
25711 144
25711 145
25711 146
25711 147
25711 148
25711 149
25711 150
25711 151
25711 152
25711 153
25711 154
25711 155
25711 156
25711 157
25711 158
25711 159
25711 160
25711 161
25711 162
25711 163
25711 164
25711 165
25711 166
25711 167
25711 168
25711 169
25711 170
25711 171
25711 172
25711 173
25711 174
25711 175
25711 176
25711 177
25711 178
25711 179
25711 180
25711 181
25711 182
25711 183
25711 184
25711 185
25711 186
25711 187
25711 188
25711 189
25711 190
25711 191
25711 192
25711 193
25711 194
25711 195
25711 196
25711 197
25711 198
25711 199
25711 200
25711 201
25711 202
25711 203
25711 204
25711 205
25711 206
25711 207
25711 208
25711 209
25711 210
25711 211
25711 212
25711 213
25711 214
25711 215
25711 216
25711 217
25711 218
25711 219
25711 220
25711 221
25711 222
25711 223
25711 224
25711 225
25711 226
25711 227
25711 228
25711 229
25711 230
25711 231
25711 232
25711 234
25711 235
25711 236
25711 237
25711 238
25711 239
25712 0
25712 1
25712 2
25712 3
25712 4
25712 5
25712 6
25712 7
25712 8
25712 9
25712 10
25712 11
25712 12
25712 13
25712 14
25712 15
25712 16
25712 17
25712 18
25712 19
25712 20
25712 21
25712 22
25712 23
25712 24
25712 25
25712 26
25712 27
25712 28
25712 29
25712 30
25712 31
25712 32
25712 33
25712 34
25712 35
25712 36
25712 37
25712 38
25712 39
25712 40
25712 41
25712 42
25712 43
25712 44
25712 45
25712 46
25712 47
25712 48
25712 49
25712 50
25712 51
25712 52
25712 53
25712 54
25712 55
25712 56
25712 57
25712 58
25712 59
25712 60
25712 61
25712 62
25712 63
25712 64
25712 65
25712 66
25712 67
25712 68
25712 69
25712 70
25712 71
25712 72
25712 73
25712 74
25712 75
25712 76
25712 77
25712 78
25712 79
25712 80
25712 81
25712 82
25712 83
25712 84
25712 85
25712 86
25712 87
25712 88
25712 89
25712 90
25712 91
25712 92
25712 93
25712 97
25712 98
25712 99
25712 100
25712 101
25712 102
25712 103
25712 104
25712 105
25712 106
25712 108
25712 109
25712 110
25712 111
25712 112
25712 113
25712 114
25712 115
25712 116
25712 117
25712 118
25712 119
25712 120
25712 121
25712 122
25712 123
25712 124
25712 125
25712 126
25712 127
25712 128
25712 129
25712 130
25712 131
25712 132
25712 133
25712 134
25712 135
25712 136
25712 137
25712 138
25712 139
25712 140
25712 141
25712 142
25712 143
25712 144
25712 145
25712 146
25712 147
25712 148
25712 149
25712 150
25712 151
25712 152
25712 153
25712 154
25712 155
25712 156
25712 157
25712 158
25712 159
25712 160
25712 161
25712 162
25712 163
25712 164
25712 165
25712 166
25712 167
25712 168
25712 169
25712 170
25712 171
25712 172
25712 173
25712 174
25712 175
25712 176
25712 177
25712 178
25712 179
25712 180
25712 181
25712 182
25712 183
25712 184
25712 185
25712 186
25712 187
25712 188
25712 189
25712 190
25712 191
25712 192
25712 193
25712 194
25712 195
25712 196
25712 197
25712 198
25712 199
25712 200
25712 201
25712 202
25712 203
25712 204
25712 205
25712 206
25712 207
25712 208
25712 209
25712 210
25712 211
25712 212
25712 213
25712 214
25712 215
25712 216
25712 217
25712 218
25712 219
25712 220
25712 221
25712 222
25712 223
25712 224
25712 225
25712 226
25712 227
25712 228
25712 229
25712 230
25712 231
25712 232
25712 233
25712 234
25712 235
25712 236
25712 237
25712 238
25712 239
25712 240
25712 241
25712 242
25712 243
25712 244
25712 245
25712 246
25712 247
25712 248
25712 249
25712 250
25712 251
25712 252
25712 253
25712 254
25712 255
25712 256
25712 257
25712 258
25712 259
25712 260
25712 261
25712 262
25712 263
25712 264
25712 265
25712 266
25712 267
25712 268
25712 269
25712 270
25712 271
25712 272
25712 273
25712 274
25712 275
25712 276
25712 277
25712 278
25712 279
25712 280
25712 281
25712 282
25712 283
25712 284
25712 285
25712 286
25712 287
25712 288
25712 289
25712 290
25712 291
25712 292
25712 293
25712 294
25712 295
25712 296
25712 297
25712 298
25712 299
25712 300
25712 301
25712 302
25712 303
25712 304
25712 305
25712 306
25712 307
25712 308
25712 309
25712 310
25712 311
25712 312
25712 313
25712 314
25712 315
25712 316
25712 317
25712 318
25712 319
25712 320
25712 321
25712 322
25712 323
25712 324
25712 325
25712 326
25712 327
25712 328
25712 329
25712 330
25712 331
25712 332
25712 333
25712 334
25712 336
25713 0
25713 1
25713 2
25713 3
25713 4
25713 5
25713 6
25713 7
25713 8
25713 9
25713 10
25713 11
25713 12
25713 13
25713 14
25713 16
25713 17
25713 18
25713 19
25713 20
25713 21
25713 22
25713 23
25713 24
25713 25
25713 26
25713 27
25713 28
25713 29
25713 31
25713 32
25713 33
25713 34
25713 35
25713 36
25713 37
25713 38
25713 39
25713 40
25713 41
25713 42
25713 43
25713 44
25713 45
25713 46
25713 47
25713 48
25713 49
25713 50
25713 51
25713 52
25713 54
25713 55
25713 56
25713 57
25713 58
25713 59
25713 60
25713 61
25713 62
25713 63
25713 64
25713 65
25713 66
25713 67
25713 68
25713 69
25713 70
25713 71
25713 72
25713 73
25713 75
25713 76
25713 78
25713 79
25713 80
25713 81
25713 82
25713 83
25713 84
25713 85
25713 86
25713 87
25713 88
25713 89
25713 90
25713 91
25713 92
25713 93
25713 94
25713 95
25713 96
25713 97
25713 98
25713 99
25713 100
25713 101
25713 102
25713 103
25713 104
25713 105
25713 106
25713 107
25713 108
25713 109
25713 111
25713 112
25713 113
25713 114
25713 115
25713 116
25713 117
25713 118
25713 119
25713 120
25713 121
25713 122
25713 124
25713 125
25713 126
25713 127
25713 128
25713 129
25713 130
25713 131
25713 132
25713 133
25713 134
25713 135
25713 136
25713 137
25713 138
25713 139
25713 140
25713 141
25713 142
25713 143
25713 144
25713 145
25713 146
25713 147
25713 148
25713 149
25713 150
25713 151
25713 152
25713 153
25713 154
25713 155
25713 156
25713 157
25713 158
25713 159
25713 160
25713 161
25713 162
25713 163
25713 164
25713 165
25713 166
25713 167
25713 168
25713 169
25713 170
25713 171
25713 172
25713 173
25713 174
25713 175
25713 176
25713 177
25713 178
25713 179
25713 180
25713 181
25713 182
25713 183
25713 184
25713 185
25713 186
25713 187
25713 188
25713 189
25713 190
25713 191
25713 193
25713 194
25713 195
25713 196
25713 198
25713 199
25713 200
25713 201
25713 202
25713 203
25713 204
25713 205
25713 206
25713 207
25713 208
25713 209
25713 210
25713 211
25713 212
25713 213
25713 214
25713 215
25713 216
25713 217
25713 218
25713 219
25713 220
25713 221
25713 222
25713 223
25713 224
25713 225
25713 226
25713 227
25713 228
25713 229
25713 230
25713 231
25713 232
25713 233
25713 234
25713 235
25713 236
25713 237
25713 238
25713 239
25713 240
25713 241
25713 242
25713 243
25713 244
25713 245
25713 246
25713 247
25713 248
25713 249
25713 250
25713 251
25713 252
25713 253
25713 254
25713 255
25713 256
25713 257
25713 258
25713 259
25713 260
25713 261
25713 262
25713 263
25713 264
25713 265
25713 266
25713 267
25713 268
25713 269
25713 270
25713 271
25713 272
25713 273
25713 274
25713 275
25713 276
25713 277
25713 278
25713 279
25713 280
25713 281
25713 282
25713 283
25713 284
25713 285
25713 286
25713 287
25713 288
25713 289
25713 290
25713 291
25713 292
25713 293
25713 294
25713 295
25713 296
25713 297
25713 298
25713 299
25713 300
25713 301
25713 302
25713 304
25713 306
25713 307
25713 308
25713 309
25713 310
25713 311
25713 312
25713 313
25713 314
25713 315
25713 316
25713 317
25713 318
25713 319
25713 320
25713 321
25713 322
25713 323
25713 324
25713 325
25713 326
25713 327
25713 328
25713 329
25713 331
25713 332
25713 333
25713 334
25713 335
25713 336
25713 337
25713 340
25713 344
25713 345
25713 346
25713 348
25713 349
25713 350
25713 351
25713 352
25713 353
25713 354
25713 355
25713 356
25713 359
25713 360
25713 362
25713 363
25713 364
25713 365
25713 366
25713 367
25713 368
25713 369
25713 370
25713 371
25713 372
25713 373
25713 374
25713 375
25713 376
25713 379
25713 380
25713 381
25713 382
25713 384
25713 385
25713 386
25713 387
25713 388
25713 389
25713 390
25713 391
25713 392
25713 393
25713 394
25713 395
25713 396
25713 397
25713 398
25713 399
25713 400
25713 402
25713 403
25713 404
25713 406
25713 407
25713 408
25713 409
25713 410
25713 411
25713 412
25713 413
25713 414
25713 415
25713 416
25713 417
25713 418
25713 419
25713 421
25713 422
25713 423
25713 424
25713 425
25713 426
25713 427
25713 428
25713 430
25713 434
25713 435
25713 436
25713 437
25713 438
25713 439
25713 440
25713 441
25713 442
25713 443
25713 444
25713 445
25713 446
25713 447
25713 448
25713 450
25713 451
25713 452
25713 454
25713 456
25713 457
25713 458
25713 459
25713 460
25713 465
25713 471
25713 472
25713 473
25713 474
25713 475
25713 476
25713 477
25713 478
25713 479
25713 480
25713 481
25713 482
25713 483
25713 484
25713 485
25713 486
25713 487
25713 488
25713 489
25713 490
25713 491
25713 492
25713 493
25713 494
25713 495
25713 496
25713 497
25713 498
25713 499
25713 500
25713 501
25713 502
25713 503
25713 504
25713 506
25713 507
25713 510
25713 512
25713 513
25713 514
25713 515
25713 517
25713 518
25713 519
25713 520
25713 521
25713 524
25713 526
25713 528
25713 530
25713 531
25713 532
25713 534
25713 535
25713 536
25713 539
25713 541
25713 542
25713 543
25713 544
25713 546
25713 547
25713 548
25713 549
25713 550
25713 551
25713 553
25713 554
25713 555
25713 557
25713 558
25713 561
25713 562
25713 563
25713 564
25713 565
25713 566
25713 568
25713 569
25713 571
25713 572
25713 573
25713 574
25713 577
25713 578
25714 0
25714 1
25714 2
25714 3
25714 4
25714 5
25714 6
25714 7
25714 8
25714 9
25714 10
25714 11
25714 12
25714 13
25714 14
25714 15
25714 16
25714 17
25714 18
25714 19
25714 20
25714 21
25714 22
25714 23
25714 24
25714 25
25714 26
25714 27
25714 28
25714 29
25714 30
25714 32
25714 33
25714 34
25714 57
25714 58
25714 59
25714 60
25714 61
25714 62
25714 63
25714 64
25714 65
25714 66
25714 67
25714 68
25714 69
25714 70
25714 71
25714 72
25714 73
25714 74
25714 75
25714 76
25714 77
25714 78
25714 79
25714 80
25714 81
25714 82
25714 83
25714 84
25714 85
25714 86
25714 87
25714 88
25714 89
25716 0
25716 2
25716 4
25716 5
25716 6
25716 7
25716 8
25716 9
25716 10
25716 11
25716 13
25716 15
25716 16
25716 17
25716 18
25716 19
25716 20
25716 22
25716 23
25716 24
25716 25
25716 26
25716 28
25716 29
25716 30
25716 31
25716 32
25716 33
25716 34
25716 35
25716 36
25716 37
25716 38
25716 39
25716 40
25716 41
25716 42
25716 43
25716 44
25716 45
25716 46
25716 47
25716 48
25716 49
25716 50
25716 51
25716 52
25716 53
25716 54
25716 55
25716 57
25716 58
25716 60
25716 61
25716 62
25716 64
25716 65
25716 66
25716 67
25716 68
25716 69
25716 70
25716 71
25716 72
25716 73
25716 74
25716 75
25716 76
25716 77
25716 78
25716 79
25716 80
25716 81
25716 82
25716 83
25716 84
25716 85
25716 86
25716 87
25716 88
25716 90
25716 91
25716 92
25716 93
25716 94
25716 95
25716 96
25716 97
25716 100
25716 101
25716 102
25716 103
25716 105
25716 106
25716 107
25716 109
25716 110
25716 111
25716 112
25716 114
25716 115
25716 117
25716 118
25716 120
25716 121
25716 122
25716 123
25716 124
25716 126
25716 127
25716 128
25716 129
25716 130
25716 131
25716 132
25716 133
25716 134
25716 135
25716 136
25716 138
25716 139
25716 141
25716 142
25716 143
25716 144
25716 145
25716 146
25716 147
25716 148
25716 149
25716 150
25716 151
25716 152
25716 153
25716 154
25716 155
25716 156
25716 157
25716 158
25716 159
25716 160
25716 161
25716 162
25716 166
25716 167
25716 169
25716 170
25716 171
25716 172
25716 173
25716 174
25716 176
25716 177
25716 179
25716 180
25716 181
25716 182
25716 183
25716 185
25716 186
25716 187
25716 188
25716 189
25716 191
25716 192
25716 193
25716 194
25716 195
25716 196
25716 197
25716 198
25716 199
25716 200
25716 201
25716 203
25716 204
25716 205
25716 206
25716 207
25716 208
25716 209
25716 210
25716 212
25716 213
25716 214
25716 215
25716 216
25716 217
25716 218
25716 219
25716 220
25716 221
25716 222
25716 223
25716 224
25716 225
25716 227
25716 228
25716 229
25716 230
25716 231
25716 232
25716 233
25716 234
25716 235
25716 236
25716 238
25716 239
25716 241
25716 242
25716 244
25716 245
25716 246
25716 248
25716 249
25716 250
25716 251
25716 252
25716 253
25716 254
25716 255
25716 256
25716 257
25716 258
25716 259
25716 260
25716 261
25716 262
25716 263
25716 264
25716 265
25716 266
25716 267
25716 268
25716 269
25716 270
25716 271
25716 272
25716 273
25716 274
25716 275
25716 276
25716 278
25716 279
25716 280
25716 281
25716 282
25716 283
25716 284
25716 286
25716 287
25716 288
25716 289
25716 290
25716 291
25716 292
25716 294
25716 295
25716 296
25716 297
25716 298
25716 303
25716 304
25716 305
25716 306
25716 307
25716 308
25716 309
25716 310
25716 311
25716 312
25716 313
25716 314
25716 315
25716 318
25716 319
25716 320
25716 321
25717 0
25717 1
25717 2
25717 3
25717 4
25717 5
25717 6
25717 7
25717 8
25717 9
25717 10
25717 11
25717 12
25717 13
25717 14
25717 15
25717 16
25717 17
25717 18
25717 19
25717 20
25717 21
25717 22
25717 23
25717 24
25717 25
25717 26
25717 27
25717 28
25717 29
25717 30
25717 31
25717 32
25717 35
25717 36
25717 38
25717 40
25717 41
25717 42
25717 43
25717 44
25717 45
25717 46
25717 47
25717 48
25717 49
25717 50
25717 51
25717 52
25717 53
25717 54
25717 55
25717 56
25717 57
25717 58
25717 59
25717 60
25717 61
25717 62
25717 63
25717 64
25717 65
25717 66
25717 67
25717 68
25717 69
25717 70
25717 71
25717 72
25717 73
25717 74
25717 75
25717 76
25717 77
25717 78
25717 79
25717 80
25717 81
25717 82
25717 83
25717 84
25717 85
25717 86
25717 87
25717 88
25717 89
25717 90
25717 91
25717 92
25717 93
25717 94
25717 95
25717 96
25717 97
25717 98
25717 99
25717 100
25717 101
25717 102
25717 103
25717 104
25717 105
25717 106
25717 107
25717 108
25717 109
25717 110
25717 111
25717 112
25717 113
25717 114
25717 115
25717 116
25717 117
25717 118
25717 119
25717 120
25717 121
25717 122
25717 123
25717 124
25717 155
25717 156
25717 157
25717 158
25717 159
25717 160
25717 161
25717 162
25717 163
25717 164
25717 165
25717 166
25717 167
25717 168
25717 169
25717 170
25717 171
25717 172
25717 173
25717 174
25717 175
25717 176
25717 177
25717 178
25717 179
25717 181
25717 182
25717 183
25717 184
25717 185
25717 186
25717 187
25717 188
25717 189
25717 190
25717 191
25717 192
25717 193
25717 194
25717 195
25717 196
25717 197
25717 198
25717 199
25717 200
25717 201
25717 202
25717 203
25717 204
25717 205
25717 206
25717 207
25718 0
25718 1
25718 2
25718 6
25718 7
25718 8
25718 9
25718 13
25718 15
25718 17
25718 18
25718 19
25718 21
25718 23
25718 24
25718 25
25718 27
25718 28
25718 29
25718 30
25718 31
25718 33
25718 36
25718 39
25718 40
25718 41
25718 42
25718 43
25718 44
25718 45
25718 47
25718 48
25718 49
25718 50
25718 51
25718 52
25718 57
25718 58
25718 59
25718 60
25718 61
25718 62
25718 64
25718 65
25718 66
25718 67
25718 68
25718 69
25718 70
25718 72
25718 73
25718 76
25718 77
25718 78
25718 79
25718 81
25718 84
25718 87
25718 94
25718 95
25718 97
25718 98
25718 99
25718 100
25718 101
25718 102
25718 103
25718 104
25718 105
25718 106
25718 107
25718 109
25718 113
25718 114
25718 116
25718 117
25718 118
25718 121
25718 124
25718 125
25718 127
25718 128
25718 130
25718 131
25719 0
25719 1
25719 2
25719 3
25719 4
25719 5
25719 6
25719 7
25719 8
25719 9
25719 10
25719 11
25719 12
25719 13
25719 14
25719 15
25719 16
25719 17
25719 18
25719 19
25719 20
25719 21
25719 22
25719 23
25719 24
25719 25
25719 26
25719 27
25719 28
25719 29
25719 30
25719 31
25719 32
25719 33
25719 34
25719 35
25719 36
25719 37
25719 38
25719 39
25719 40
25719 41
25719 42
25719 43
25719 44
25719 45
25719 46
25719 47
25719 48
25719 49
25719 50
25719 51
25719 52
25719 53
25719 54
25719 55
25719 56
25719 60
25719 61
25719 66
25719 70
25719 73
25719 75
25719 76
25719 78
25719 79
25719 80
25719 81
25719 82
25719 83
25719 86
25719 87
25719 89
25719 91
25719 93
25720 64
25720 65
25721 2
25721 3
25721 4
25721 5
25721 6
25721 7
25721 8
25721 9
25721 10
25721 11
25721 12
25721 13
25721 14
25721 15
25721 16
25721 17
25721 18
25721 19
25721 20
25721 21
25721 22
25721 23
25721 24
25721 25
25721 26
25721 27
25721 28
25721 29
25721 30
25721 31
25721 32
25721 33
25721 34
25721 35
25721 36
25721 37
25721 38
25721 39
25721 40
25721 41
25721 42
25721 43
25721 44
25721 45
25721 46
25721 47
25721 49
25721 50
25721 51
25721 52
25721 53
25721 54
25721 55
25721 56
25721 57
25721 58
25721 59
25721 60
25721 61
25721 62
25721 63
25721 64
25721 65
25721 66
25721 67
25721 68
25721 69
25721 70
25721 71
25721 72
25721 73
25721 74
25721 75
25721 76
25721 77
25721 78
25721 79
25721 80
25721 81
25721 82
25721 83
25721 84
25721 85
25721 86
25721 87
25721 88
25721 89
25721 90
25721 91
25721 92
25721 93
25721 94
25721 95
25721 96
25721 97
25721 98
25721 99
25721 100
25721 101
25721 102
25721 103
25721 104
25721 105
25721 106
25721 107
25721 108
25721 109
25721 110
25721 111
25721 112
25721 113
25721 114
25721 115
25721 116
25721 117
25721 118
25721 119
25721 120
25721 121
25721 122
25721 123
25721 124
25721 125
25721 126
25721 127
25721 128
25721 129
25721 130
25721 131
25721 132
25721 133
25721 134
25721 135
25721 136
25721 137
25721 138
25721 139
25721 140
25721 141
25721 142
25721 143
25721 144
25721 145
25721 147
25721 148
25721 149
25721 150
25721 151
25721 152
25721 153
25721 154
25721 155
25721 156
25721 157
25721 158
25721 159
25721 160
25721 161
25721 162
25721 163
25721 164
25721 165
25721 166
25721 167
25721 168
25721 169
25721 170
25721 171
25721 172
25721 173
25721 174
25721 175
25721 176
25721 178
25721 179
25721 180
25721 181
25721 182
25721 183
25723 0
25723 1
25723 2
25723 3
25723 4
25723 5
25723 6
25723 7
25723 8
25723 9
25723 10
25723 12
25723 13
25723 14
25723 15
25723 16
25723 17
25723 18
25723 19
25723 20
25723 21
25723 22
25723 23
25723 24
25723 25
25723 26
25723 27
25723 28
25723 29
25723 30
25723 31
25723 32
25723 33
25723 34
25723 35
25723 36
25723 37
25723 38
25723 39
25723 40
25723 41
25723 42
25723 43
25723 44
25723 45
25723 46
25723 47
25723 48
25723 49
25723 50
25723 51
25723 52
25723 53
25723 54
25723 55
25723 56
25723 57
25723 58
25723 59
25723 60
25723 61
25723 62
25723 63
25723 64
25723 65
25723 66
25723 67
25723 68
25723 69
25723 70
25723 71
25723 73
25723 74
25723 75
25723 76
25723 77
25723 78
25723 79
25723 80
25723 81
25723 82
25723 84
25723 85
25723 86
25723 87
25723 88
25723 89
25723 90
25723 91
25723 92
25723 93
25723 94
25723 95
25723 96
25723 97
25723 98
25723 99
25723 100
25723 101
25723 102
25723 103
25723 105
25723 106
25723 107
25723 108
25723 109
25723 111
25723 112
25723 113
25723 114
25723 115
25723 116
25723 117
25723 118
25723 119
25723 120
25723 121
25723 122
25723 123
25723 124
25723 125
25723 126
25723 127
25723 128
25723 129
25723 130
25723 131
25723 132
25723 133
25723 134
25723 135
25723 136
25723 137
25723 138
25723 140
25723 141
25723 142
25723 143
25723 144
25723 145
25723 146
25723 147
25723 148
25723 149
25723 150
25723 151
25723 152
25723 153
25723 154
25723 155
25723 156
25723 157
25723 158
25723 159
25723 160
25723 161
25723 162
25723 163
25723 164
25723 165
25723 166
25723 167
25723 168
25723 169
25723 172
25723 173
25723 174
25723 175
25723 176
25723 177
25723 178
25723 179
25723 180
25723 181
25723 182
25723 183
25723 184
25723 185
25723 186
25723 187
25723 188
25723 189
25723 191
25723 192
25723 193
25723 194
25723 195
25723 196
25723 197
25723 198
25723 199
25723 200
25723 201
25723 202
25723 203
25723 204
25723 205
25723 206
25723 207
25723 208
25723 209
25723 210
25723 211
25723 212
25723 213
25723 214
25723 215
25723 217
25723 218
25723 219
25723 220
25723 221
25723 222
25723 223
25723 224
25723 225
25723 226
25723 227
25723 228
25723 229
25723 230
25723 231
25723 232
25723 233
25723 234
25723 235
25723 236
25723 237
25723 238
25723 239
25723 240
25723 241
25723 242
25723 243
25723 244
25723 246
25723 247
25723 249
25723 250
25723 251
25723 252
25723 253
25723 254
25723 255
25723 256
25723 257
25723 258
25723 259
25723 260
25723 261
25723 262
25723 263
25723 264
25723 265
25723 266
25723 267
25723 268
25723 269
25723 270
25723 271
25723 272
25723 273
25723 274
25723 275
25723 276
25723 277
25723 278
25723 279
25723 280
25725 0
25725 1
25725 2
25725 3
25725 4
25725 5
25725 6
25725 7
25725 8
25725 9
25725 11
25725 12
25725 13
25725 14
25725 15
25725 16
25725 17
25725 18
25725 19
25725 20
25725 21
25725 22
25725 23
25725 24
25725 25
25725 26
25725 27
25725 28
25725 29
25725 30
25725 31
25725 32
25725 33
25725 34
25725 35
25725 36
25725 37
25725 38
25725 39
25725 40
25725 41
25725 42
25725 43
25725 44
25725 45
25725 46
25725 47
25725 48
25725 49
25725 50
25725 51
25725 52
25725 53
25725 54
25725 55
25725 56
25725 57
25725 58
25725 59
25725 60
25725 61
25725 62
25725 63
25725 64
25725 65
25725 66
25725 67
25725 68
25725 69
25725 70
25725 71
25725 72
25725 73
25725 74
25725 75
25725 76
25725 77
25725 78
25725 79
25725 80
25725 81
25725 82
25725 83
25725 84
25725 85
25725 86
25725 87
25725 88
25725 89
25725 90
25725 91
25725 92
25725 93
25725 94
25725 95
25725 96
25725 97
25725 98
25725 99
25725 100
25725 101
25725 102
25725 103
25725 104
25725 105
25725 106
25725 107
25725 108
25725 109
25725 110
25725 111
25725 112
25725 113
25725 114
25725 115
25725 116
25725 117
25725 118
25725 119
25725 120
25725 121
25725 122
25725 123
25725 124
25725 125
25725 126
25725 127
25725 128
25725 129
25725 130
25725 131
25725 132
25725 133
25725 134
25725 135
25725 136
25725 137
25725 138
25725 139
25725 140
25725 141
25725 142
25725 143
25725 144
25725 145
25725 147
25725 148
25725 149
25725 150
25725 151
25725 152
25725 153
25725 154
25725 155
25725 156
25725 157
25725 158
25725 159
25725 160
25725 161
25725 162
25725 163
25725 164
25725 165
25725 166
25725 167
25725 168
25725 169
25725 170
25725 171
25725 172
25725 173
25725 174
25725 175
25725 176
25725 177
25725 178
25725 186
25725 187
25725 189
25725 190
25725 191
25725 192
25725 193
25725 194
25725 195
25725 196
25725 197
25725 198
25725 199
25725 200
25725 202
25725 203
25725 204
25725 205
25725 206
25725 208
25725 209
25725 210
25725 211
25725 212
25725 214
25725 215
25725 216
25725 220
25725 221
25725 222
25725 223
25725 224
25725 226
25725 227
25725 229
25725 230
25725 231
25725 232
25725 233
25725 234
25725 235
25725 236
25725 240
25725 241
25725 245
25725 246
25725 247
25725 248
25725 250
25725 251
25725 252
25725 254
25725 255
25725 256
25725 257
25725 258
25725 259
25725 260
25725 262
25725 264
25725 265
25725 266
25725 267
25725 268
25725 269
25725 271
25725 272
25725 273
25725 274
25725 276
25725 280
25725 281
25725 282
25725 285
25725 286
25725 287
25725 288
25725 292
25725 293
25725 294
25725 295
25725 296
25725 297
25725 299
25725 300
25725 301
25725 302
25725 303
25725 304
25725 305
25725 306
25725 309
25725 310
25725 312
25725 314
25725 315
25725 320
25725 322
25725 323
25725 324
25725 325
25725 327
25725 329
25725 332
25725 333
25725 335
25725 336
25725 338
25725 339
25725 342
25725 343
25725 345
25725 348
25725 350
25725 351
25725 353
25725 354
25725 355
25725 356
25725 357
25725 358
25725 359
25725 360
25725 361
25725 363
25725 364
25725 365
25725 366
25725 368
25725 370
25725 371
25725 373
25725 374
25725 376
25725 377
25725 379
25725 382
25725 383
25725 384
25725 385
25725 386
25725 387
25725 388
25725 390
25725 391
25725 392
25725 394
25725 395
25725 396
25725 399
25725 400
25725 401
25725 402
25725 403
25725 404
25725 405
25725 407
25725 408
25726 0
25726 1
25726 2
25726 3
25726 4
25726 5
25726 6
25726 7
25726 8
25726 9
25726 10
25726 11
25726 12
25726 13
25726 14
25726 15
25726 16
25726 17
25726 18
25726 19
25726 20
25726 21
25726 22
25726 23
25726 24
25726 25
25726 26
25726 27
25726 28
25726 29
25726 30
25726 31
25726 32
25726 33
25726 34
25726 35
25726 36
25726 37
25726 39
25726 40
25726 41
25726 42
25726 43
25726 44
25726 45
25726 46
25726 47
25726 48
25726 49
25726 50
25726 51
25726 52
25726 53
25726 54
25726 55
25726 56
25726 57
25726 59
25726 60
25726 61
25726 62
25726 63
25726 64
25726 65
25726 66
25726 67
25726 68
25726 70
25726 71
25726 72
25726 73
25726 74
25726 75
25726 76
25726 77
25726 78
25726 79
25726 80
25726 81
25726 82
25726 83
25726 84
25726 85
25726 86
25726 87
25726 88
25726 89
25726 90
25726 91
25726 92
25726 93
25726 94
25726 95
25726 96
25726 97
25726 98
25726 99
25726 100
25726 101
25726 102
25726 103
25726 104
25726 105
25726 106
25726 107
25726 108
25726 109
25726 110
25726 111
25726 112
25726 114
25726 115
25726 116
25726 117
25726 118
25726 119
25726 120
25726 121
25726 122
25726 123
25726 124
25726 125
25726 126
25726 127
25726 128
25726 129
25726 130
25726 131
25726 132
25726 133
25726 134
25726 135
25726 136
25726 137
25726 138
25726 139
25726 140
25726 141
25726 142
25726 143
25726 144
25726 145
25726 146
25726 147
25726 148
25726 149
25726 150
25726 151
25726 152
25726 153
25726 154
25726 155
25726 156
25726 157
25726 158
25726 159
25726 160
25726 161
25726 162
25726 163
25726 164
25726 165
25726 166
25726 167
25726 168
25726 169
25726 170
25726 171
25726 172
25726 173
25726 176
25726 177
25726 178
25726 179
25726 180
25726 181
25726 182
25726 183
25726 184
25726 185
25726 186
25726 187
25726 188
25726 189
25726 190
25726 191
25726 192
25726 193
25726 194
25726 195
25726 196
25726 197
25726 198
25726 199
25726 200
25726 201
25726 202
25726 203
25726 204
25726 205
25726 206
25727 0
25727 1
25727 2
25727 3
25727 4
25727 5
25727 6
25727 7
25727 8
25727 9
25727 10
25727 11
25727 12
25727 13
25727 14
25727 15
25727 16
25727 17
25727 18
25727 19
25727 20
25727 21
25727 22
25727 23
25727 24
25727 25
25727 26
25727 27
25727 28
25727 29
25727 30
25727 31
25727 32
25727 33
25727 34
25727 35
25727 36
25727 37
25727 38
25727 39
25727 40
25727 41
25727 42
25727 43
25727 44
25727 45
25727 46
25727 47
25727 48
25727 49
25727 50
25727 51
25727 52
25727 53
25727 54
25727 55
25727 56
25727 57
25727 59
25727 60
25727 61
25727 62
25727 63
25727 64
25727 65
25727 66
25727 67
25727 68
25727 69
25727 70
25727 71
25727 72
25727 73
25727 74
25727 75
25727 76
25727 77
25727 78
25727 79
25727 80
25727 81
25727 82
25727 83
25727 84
25727 85
25727 86
25727 87
25727 88
25727 89
25727 90
25727 91
25727 92
25727 93
25727 94
25727 95
25727 96
25727 97
25727 98
25727 99
25727 100
25727 101
25727 102
25727 103
25727 104
25727 105
25727 106
25727 107
25727 108
25727 109
25727 110
25727 111
25727 112
25727 113
25727 114
25727 115
25727 116
25727 117
25727 118
25727 119
25727 120
25727 121
25727 122
25727 123
25727 124
25727 125
25727 126
25727 127
25727 128
25727 129
25727 130
25727 131
25727 132
25727 133
25727 134
25727 135
25727 136
25727 137
25727 138
25727 139
25727 140
25727 141
25727 142
25727 143
25727 144
25727 145
25727 146
25727 147
25727 148
25727 149
25727 150
25727 151
25727 152
25727 153
25727 154
25727 155
25727 157
25727 159
25727 160
25727 161
25727 162
25727 163
25727 164
25727 165
25727 166
25727 167
25727 168
25727 169
25727 170
25727 171
25727 172
25727 173
25727 174
25727 175
25727 176
25727 177
25727 178
25727 179
25727 180
25727 182
25727 183
25727 184
25727 185
25727 186
25727 187
25727 188
25727 189
25727 190
25727 191
25727 192
25727 193
25727 194
25727 195
25727 196
25727 197
25727 198
25727 199
25727 200
25727 201
25727 202
25727 203
25727 204
25727 205
25727 206
25727 207
25727 208
25727 209
25727 210
25727 211
25727 212
25727 213
25727 214
25727 215
25727 216
25727 217
25727 218
25727 219
25727 220
25727 221
25727 222
25727 223
25727 224
25727 225
25727 226
25727 227
25727 228
25727 229
25727 230
25727 231
25727 232
25727 233
25727 234
25727 235
25727 236
25727 237
25727 238
25727 239
25727 240
25727 241
25727 242
25727 243
25727 244
25727 245
25727 246
25727 248
25727 249
25727 250
25727 251
25727 252
25727 253
25727 254
25727 255
25727 256
25727 257
25727 258
25727 259
25727 260
25727 261
25727 262
25727 263
25727 264
25727 265
25728 0
25728 1
25728 2
25728 3
25728 4
25728 5
25728 6
25728 7
25728 8
25728 9
25728 10
25728 11
25728 12
25728 13
25728 14
25728 15
25728 16
25728 17
25728 18
25728 19
25728 20
25728 21
25728 22
25728 23
25728 24
25728 25
25728 26
25728 27
25728 28
25728 29
25728 30
25728 31
25728 32
25728 33
25728 34
25728 35
25728 36
25728 37
25728 38
25728 39
25728 40
25728 41
25728 42
25728 43
25728 44
25728 45
25728 46
25728 47
25728 48
25728 49
25728 50
25728 51
25728 52
25728 53
25728 54
25728 55
25728 56
25728 57
25728 58
25728 59
25728 60
25728 61
25728 63
25728 64
25728 65
25728 66
25728 67
25728 68
25728 69
25728 70
25728 71
25728 72
25728 73
25728 75
25728 76
25728 77
25728 78
25728 79
25728 80
25728 81
25728 82
25728 83
25728 84
25728 85
25728 86
25728 87
25728 88
25728 89
25729 93
25729 94
25729 95
25729 96
25729 97
25729 98
25729 99
25729 100
25729 101
25729 102
25729 103
25729 104
25729 105
25729 106
25729 107
25729 108
25729 109
25729 110
25729 111
25729 112
25729 113
25729 114
25729 115
25729 116
25729 117
25729 118
25729 119
25729 120
25729 121
25729 122
25729 123
25729 124
25729 125
25729 126
25729 127
25729 128
25729 129
25729 130
25729 131
25729 132
25729 133
25729 134
25729 135
25729 136
25729 137
25729 138
25729 139
25729 140
25729 142
25729 143
25729 144
25729 145
25729 146
25729 147
25729 148
25729 149
25729 150
25729 151
25729 152
25729 153
25729 154
25729 155
25729 156
25729 157
25729 158
25729 159
25729 160
25729 161
25729 162
25729 163
25729 164
25729 165
25729 166
25729 167
25729 168
25729 169
25729 170
25729 171
25729 172
25729 173
25729 174
25729 175
25729 176
25729 177
25729 178
25729 179
25729 180
25729 181
25729 182
25729 183
25729 184
25729 185
25729 186
25729 187
25729 188
25729 189
25729 190
25729 191
25729 192
25729 193
25729 195
25729 198
25729 199
25729 201
25729 202
25729 203
25729 204
25729 205
25729 207
25729 210
25729 213
25729 214
25729 215
25729 216
25729 218
25729 221
25729 222
25729 226
25729 227
25729 228
25729 229
25729 230
25729 231
25729 233
25729 234
25729 235
25729 238
25729 239
25729 241
25729 243
25729 244
25730 0
25730 1
25730 4
25730 5
25730 8
25730 9
25730 10
25730 11
25730 12
25730 13
25730 15
25730 16
25730 20
25730 27
25730 30
25730 31
25730 32
25730 33
25730 34
25730 38
25730 39
25730 40
25730 42
25730 44
25730 45
25730 46
25730 48
25730 50
25730 51
25730 52
25730 53
25730 55
25730 58
25730 59
25730 60
25730 61
25730 63
25730 64
25730 66
25730 67
25730 68
25730 69
25730 71
25730 75
25730 76
25730 79
25730 80
25730 82
25730 84
25730 86
25730 88
25730 89
25730 90
25730 92
25730 96
25730 97
25730 98
25730 99
25730 100
25730 101
25730 102
25730 103
25730 104
25730 106
25730 109
25730 111
25730 114
25730 117
25730 118
25730 120
25730 121
25730 122
25730 123
25730 124
25730 125
25731 0
25731 1
25731 2
25731 3
25731 4
25731 5
25731 6
25731 7
25731 8
25731 9
25731 10
25731 11
25731 12
25731 13
25731 14
25731 15
25731 16
25731 17
25731 18
25731 19
25731 20
25731 21
25731 22
25731 23
25731 24
25731 25
25731 26
25731 27
25731 28
25731 29
25731 30
25731 31
25731 32
25731 33
25731 34
25731 35
25731 36
25731 37
25731 38
25731 39
25731 40
25731 41
25731 42
25731 43
25731 44
25731 45
25731 46
25731 47
25731 48
25731 49
25731 50
25731 51
25731 52
25731 53
25731 54
25731 55
25731 56
25731 57
25731 58
25731 59
25731 60
25731 61
25731 62
25731 63
25731 64
25731 65
25731 66
25731 67
25731 68
25731 69
25731 70
25731 71
25731 72
25731 73
25731 74
25731 75
25731 76
25731 77
25731 78
25731 79
25731 80
25731 81
25731 82
25731 83
25731 84
25731 85
25731 86
25731 87
25731 88
25731 89
25731 90
25731 91
25731 92
25731 93
25731 94
25731 95
25731 96
25731 97
25731 98
25731 99
25731 100
25731 101
25731 102
25731 103
25731 104
25731 105
25731 106
25731 107
25731 108
25731 109
25731 110
25731 111
25731 112
25731 113
25731 114
25731 115
25731 116
25731 117
25731 118
25731 119
25731 120
25731 121
25731 122
25731 123
25731 124
25731 125
25731 126
25731 127
25731 128
25731 129
25731 130
25731 131
25731 132
25731 133
25731 134
25731 135
25731 136
25731 137
25731 138
25731 139
25731 140
25731 141
25731 142
25731 143
25731 144
25731 145
25731 146
25731 147
25731 148
25731 149
25731 150
25731 151
25731 152
25731 153
25731 154
25731 155
25731 156
25731 157
25731 158
25731 159
25731 160
25731 161
25731 162
25731 163
25731 164
25731 165
25731 166
25731 167
25731 168
25731 169
25731 170
25731 171
25731 172
25731 173
25731 174
25731 175
25731 176
25731 178
25731 179
25731 180
25731 181
25731 182
25731 183
25731 184
25731 185
25731 186
25731 187
25731 188
25731 189
25731 190
25731 191
25731 192
25731 193
25731 194
25731 195
25731 196
25731 197
25731 198
25731 200
25731 201
25731 202
25731 203
25731 204
25731 205
25731 206
25731 207
25731 208
25731 209
25731 210
25731 211
25731 212
25731 213
25731 214
25731 215
25731 216
25731 217
25731 218
25731 219
25731 220
25731 221
25731 222
25731 223
25731 224
25731 225
25731 226
25731 227
25731 228
25731 229
25731 230
25731 231
25731 232
25731 233
25731 234
25731 235
25731 236
25731 237
25731 238
25731 239
25731 240
25731 241
25731 242
25731 243
25731 249
25731 250
25731 251
25731 252
25731 253
25731 254
25731 255
25731 256
25731 258
25731 259
25731 260
25731 261
25731 262
25731 263
25731 264
25731 265
25731 266
25731 267
25731 268
25731 269
25731 270
25731 271
25731 272
25731 273
25731 274
25731 275
25731 276
25731 277
25731 278
25731 279
25731 280
25731 281
25731 282
25731 283
25731 284
25731 285
25731 286
25731 287
25731 288
25731 289
25731 290
25731 291
25731 292
25731 293
25731 294
25731 295
25731 296
25731 297
25731 298
25731 299
25731 300
25731 301
25731 302
25731 303
25731 304
25731 305
25731 306
25731 307
25731 308
25731 309
25731 310
25731 311
25731 312
25731 313
25731 314
25731 315
25731 316
25731 317
25731 318
25731 319
25731 320
25731 321
25731 322
25731 323
25731 324
25731 325
25731 326
25731 327
25731 328
25731 329
25731 330
25731 331
25731 332
25731 333
25731 334
25731 335
25731 336
25731 337
25731 338
25731 339
25731 340
25731 341
25731 342
25731 343
25731 344
25731 345
25731 346
25731 347
25731 349
25731 350
25731 351
25731 352
25731 353
25731 354
25731 355
25731 356
25731 357
25731 358
25731 359
25731 360
25731 361
25731 362
25731 363
25731 364
25731 365
25731 366
25731 367
25731 368
25731 369
25731 370
25731 371
25731 372
25731 373
25731 374
25731 375
25731 376
25731 377
25731 378
25731 379
25731 380
25731 381
25731 382
25731 383
25731 384
25731 385
25731 386
25731 387
25731 388
25731 389
25731 390
25731 391
25731 392
25731 393
25731 394
25731 395
25731 396
25731 397
25731 398
25731 399
25731 400
25731 401
25731 402
25731 403
25731 404
25731 405
25731 406
25731 407
25731 408
25731 409
25731 410
25731 411
25731 412
25731 413
25731 414
25731 415
25731 416
25731 417
25731 418
25731 419
25731 420
25731 421
25731 432
25731 433
25731 434
25731 435
25731 436
25731 437
25731 438
25731 439
25731 440
25731 441
25731 442
25731 443
25731 444
25731 445
25731 446
25731 447
25731 448
25731 449
25731 450
25731 451
25731 452
25731 453
25731 454
25731 455
25731 456
25731 457
25731 458
25731 459
25731 460
25731 461
25731 462
25731 463
25731 464
25731 465
25731 466
25731 467
25731 468
25731 469
25731 470
25731 471
25731 472
25731 473
25731 474
25731 475
25731 476
25731 477
25731 478
25731 479
25731 481
25731 482
25731 483
25731 484
25731 485
25731 486
25731 487
25731 488
25731 489
25731 490
25731 491
25731 492
25731 493
25731 494
25731 495
25731 496
25731 497
25731 498
25731 499
25731 500
25731 501
25731 502
25731 503
25731 504
25731 505
25731 506
25731 507
25731 508
25731 510
25731 511
25731 512
25731 513
25731 514
25731 515
25731 516
25731 517
25731 518
25731 519
25731 520
25731 521
25731 522
25731 523
25731 524
25731 525
25731 527
25731 528
25731 529
25731 530
25731 531
25731 532
25731 533
25731 534
25731 535
25731 536
25731 537
25731 538
25731 539
25731 540
25731 541
25731 542
25731 543
25731 544
25731 545
25731 546
25731 547
25731 548
25731 549
25731 550
25731 551
25731 552
25731 553
25731 554
25731 555
25731 556
25731 557
25731 558
25731 559
25731 560
25731 561
25731 563
25731 564
25731 565
25731 566
25731 567
25731 568
25731 569
25731 570
25731 571
25731 572
25731 573
25731 574
25731 575
25731 576
25731 578
25731 579
25731 580
25732 2
25732 3
25732 4
25732 5
25732 6
25732 7
25732 8
25732 9
25732 10
25732 11
25732 12
25732 13
25732 14
25732 15
25732 16
25732 17
25732 18
25732 19
25732 20
25732 21
25732 22
25732 23
25732 24
25732 25
25732 26
25732 27
25732 29
25732 30
25732 31
25732 32
25732 33
25732 34
25732 35
25732 36
25732 37
25732 38
25732 39
25732 40
25732 41
25732 42
25732 43
25732 44
25732 45
25732 46
25732 47
25732 48
25732 49
25732 50
25732 51
25732 52
25732 53
25732 54
25732 55
25732 56
25732 57
25732 58
25732 59
25732 60
25732 61
25732 62
25732 63
25732 64
25732 65
25732 66
25732 67
25732 68
25732 69
25732 70
25732 71
25732 72
25732 73
25732 74
25732 75
25732 76
25732 77
25732 78
25732 79
25732 80
25732 81
25732 82
25732 83
25732 84
25732 85
25732 86
25732 87
25732 88
25732 89
25732 90
25732 91
25732 92
25732 93
25732 94
25732 95
25732 96
25732 97
25732 98
25732 99
25732 100
25732 101
25732 102
25732 103
25732 104
25732 105
25732 106
25732 107
25732 108
25732 109
25732 110
25732 111
25732 112
25732 113
25732 114
25732 115
25732 116
25732 117
25732 118
25732 119
25732 120
25732 121
25732 122
25732 123
25732 124
25732 125
25732 126
25732 127
25732 128
25732 130
25732 131
25732 132
25732 134
25732 135
25732 136
25732 137
25732 138
25732 139
25732 140
25732 141
25732 142
25732 143
25732 144
25732 145
25732 146
25732 149
25732 150
25732 151
25732 153
25732 155
25732 157
25732 158
25732 159
25732 161
25732 162
25732 163
25732 164
25732 165
25732 166
25732 167
25732 168
25732 169
25732 170
25732 171
25732 175
25732 176
25732 178
25732 181
25732 182
25732 183
25732 184
25732 185
25732 186
25732 188
25732 189
25732 190
25732 191
25732 192
25732 193
25732 194
25732 195
25732 196
25732 198
25732 199
25732 200
25732 202
25732 203
25732 204
25732 205
25732 206
25732 207
25732 209
25732 210
25732 211
25732 212
25732 213
25732 214
25732 215
25732 216
25732 217
25732 218
25732 219
25732 220
25732 221
25732 222
25732 223
25732 224
25732 225
25732 226
25732 227
25732 228
25732 229
25732 230
25732 231
25732 232
25732 233
25732 234
25732 236
25732 237
25732 239
25732 240
25732 241
25732 242
25732 243
25732 244
25732 245
25732 246
25732 247
25732 248
25732 249
25732 250
25732 252
25732 253
25732 254
25732 255
25732 256
25732 258
25732 259
25732 261
25732 262
25732 263
25732 264
25732 265
25732 266
25732 267
25732 268
25732 269
25732 270
25732 271
25732 272
25732 273
25732 274
25732 275
25732 276
25732 277
25732 278
25732 279
25732 280
25732 281
25732 282
25732 283
25732 284
25732 285
25732 286
25732 287
25732 288
25732 289
25732 290
25732 291
25732 292
25732 293
25732 294
25732 295
25732 296
25732 297
25732 298
25732 299
25732 300
25732 301
25732 302
25732 303
25732 304
25732 305
25732 307
25732 308
25732 309
25732 310
25732 324
25732 325
25732 326
25732 327
25732 328
25732 329
25732 330
25732 332
25732 333
25732 334
25732 335
25732 337
25732 338
25733 0
25733 1
25733 2
25733 3
25733 4
25733 5
25733 6
25733 8
25733 9
25733 10
25733 11
25733 12
25733 13
25733 23
25733 24
25733 26
25733 27
25733 29
25733 30
25733 32
25733 33
25733 34
25733 35
25733 36
25733 40
25733 41
25733 47
25733 50
25733 51
25733 52
25733 54
25733 55
25733 56
25733 60
25733 64
25733 67
25733 68
25733 69
25733 71
25733 75
25733 77
25733 79
25733 84
25733 85
25733 87
25733 90
25733 93
25733 94
25733 96
25733 97
25733 98
25733 99
25733 100
25733 101
25733 102
25733 103
25733 105
25733 106
25733 107
25733 108
25733 109
25733 110
25733 111
25733 112
25733 113
25733 114
25733 116
25733 118
25733 119
25733 120
25733 121
25733 124
25733 126
25733 127
25733 128
25733 129
25733 132
25733 133
25733 135
25733 136
25733 137
25733 138
25733 139
25733 142
25733 143
25733 144
25733 145
25733 147
25733 149
25733 151
25733 152
25733 153
25733 154
25733 155
25733 157
25733 158
25733 159
25733 160
25733 161
25733 162
25733 164
25733 168
25733 170
25733 172
25733 174
25733 177
25733 179
25733 180
25733 183
25733 184
25733 186
25733 187
25733 188
25733 189
25733 190
25733 194
25733 198
25733 199
25733 201
25733 205
25733 206
25733 208
25733 209
25733 211
25733 213
25733 216
25733 217
25733 219
25733 220
25733 221
25733 222
25733 224
25733 225
25733 229
25733 230
25733 235
25733 237
25733 238
25733 239
25733 240
25733 243
25733 244
25733 247
25733 248
25733 249
25733 250
25733 251
25733 252
25733 253
25733 254
25733 255
25733 257
25733 258
25733 259
25733 260
25733 261
25733 263
25733 264
25733 265
25733 266
25733 267
25733 269
25733 270
25733 271
25733 272
25733 273
25733 275
25733 277
25733 278
25733 279
25733 280
25733 281
25733 283
25733 284
25733 286
25733 288
25733 290
25733 291
25733 292
25733 293
25733 299
25735 0
25735 1
25735 2
25735 3
25735 4
25735 5
25735 6
25735 7
25735 8
25735 9
25735 10
25735 11
25735 12
25735 13
25735 14
25735 15
25735 16
25735 17
25735 18
25735 19
25735 20
25735 21
25735 22
25735 23
25735 24
25735 25
25735 26
25735 27
25735 28
25735 29
25735 30
25735 31
25735 32
25735 33
25735 34
25735 36
25735 37
25735 38
25735 39
25735 40
25735 41
25735 42
25735 43
25735 44
25735 45
25735 46
25735 47
25735 48
25735 49
25735 50
25735 51
25735 52
25735 53
25735 54
25735 55
25735 56
25735 57
25735 58
25735 59
25735 60
25735 61
25735 62
25735 63
25735 64
25735 65
25735 66
25735 67
25735 68
25735 69
25735 70
25735 71
25735 72
25735 73
25735 74
25735 75
25735 76
25735 77
25735 78
25735 79
25735 80
25735 81
25735 82
25735 83
25735 84
25735 85
25735 86
25735 87
25735 88
25735 89
25735 90
25735 91
25735 92
25735 93
25735 94
25735 95
25735 96
25735 97
25735 98
25735 99
25735 100
25735 101
25735 102
25735 103
25735 104
25735 105
25735 106
25735 107
25735 108
25735 109
25735 110
25735 111
25735 112
25735 113
25735 114
25735 115
25735 116
25735 117
25735 118
25735 119
25735 120
25735 121
25735 122
25735 123
25735 124
25735 125
25735 126
25735 127
25735 128
25735 129
25735 130
25735 131
25735 132
25735 133
25735 135
25735 136
25735 137
25735 138
25735 139
25735 140
25735 141
25735 142
25735 143
25735 144
25735 145
25735 146
25735 147
25735 148
25735 149
25735 150
25735 151
25735 152
25735 153
25735 154
25735 155
25735 156
25735 157
25735 158
25735 159
25735 160
25735 161
25735 162
25735 163
25735 164
25735 165
25735 166
25735 167
25735 168
25735 169
25735 170
25735 171
25735 172
25735 173
25735 174
25735 175
25735 176
25735 177
25735 178
25735 179
25735 180
25735 181
25735 182
25735 184
25735 185
25735 186
25735 187
25735 188
25735 189
25735 190
25735 191
25735 192
25735 193
25735 194
25735 195
25735 196
25735 197
25735 198
25735 199
25735 200
25735 202
25735 203
25735 204
25735 205
25735 206
25735 207
25735 208
25735 209
25735 210
25735 211
25735 212
25735 213
25735 214
25735 215
25735 216
25735 217
25735 218
25735 219
25735 220
25735 221
25735 222
25735 223
25735 224
25735 225
25735 226
25735 227
25735 228
25735 229
25735 230
25735 231
25735 232
25735 233
25735 234
25735 235
25735 236
25735 237
25735 238
25735 239
25735 240
25735 241
25735 267
25735 435
25735 436
25735 437
25735 438
25735 439
25735 440
25735 441
25735 442
25735 443
25735 444
25735 445
25735 446
25735 448
25735 449
25735 450
25735 451
25735 452
25735 453
25735 454
25735 455
25735 456
25735 457
25735 458
25735 460
25735 461
25735 462
25735 463
25735 464
25735 465
25735 466
25735 467
25735 468
25735 469
25735 470
25735 471
25735 472
25735 473
25735 474
25735 475
25735 476
25736 0
25736 1
25736 2
25736 3
25736 4
25736 7
25736 9
25736 10
25736 11
25736 12
25736 13
25736 14
25736 17
25736 18
25736 19
25736 20
25736 21
25736 22
25736 23
25736 24
25736 25
25736 26
25736 28
25736 29
25736 30
25736 31
25736 32
25736 33
25736 34
25736 35
25736 36
25736 37
25736 38
25736 39
25736 40
25736 41
25736 43
25736 44
25736 45
25736 46
25736 47
25736 49
25736 50
25736 52
25736 53
25736 54
25736 57
25736 58
25736 59
25736 60
25736 62
25736 63
25736 64
25736 65
25736 66
25736 67
25736 68
25736 69
25736 70
25736 71
25736 72
25736 73
25736 74
25736 75
25736 76
25736 77
25736 78
25736 80
25736 81
25736 82
25736 83
25736 84
25736 85
25736 86
25736 87
25736 88
25736 89
25736 90
25736 91
25736 92
25736 93
25736 94
25736 95
25736 96
25736 97
25736 98
25736 99
25736 100
25736 101
25736 102
25736 103
25736 104
25736 105
25736 106
25736 107
25736 108
25736 109
25736 110
25736 111
25736 112
25736 113
25736 114
25736 115
25736 116
25736 117
25736 118
25736 120
25736 121
25736 122
25736 123
25736 124
25736 125
25736 126
25736 127
25736 128
25736 129
25736 130
25736 131
25736 132
25736 134
25736 135
25736 136
25736 137
25736 138
25736 139
25736 140
25736 141
25736 142
25736 143
25736 144
25736 145
25736 146
25736 147
25736 148
25736 149
25736 150
25736 151
25736 152
25736 153
25736 154
25736 155
25736 156
25736 157
25736 158
25736 159
25736 161
25736 163
25736 164
25736 165
25736 166
25736 167
25736 168
25736 169
25736 170
25736 171
25736 172
25736 173
25736 174
25736 175
25736 176
25736 177
25736 178
25736 179
25736 180
25736 182
25736 183
25736 184
25736 185
25736 186
25736 187
25736 188
25736 189
25736 190
25736 191
25736 192
25736 193
25736 194
25736 195
25736 196
25736 197
25736 198
25736 199
25736 200
25736 201
25736 202
25736 203
25736 205
25736 206
25736 208
25736 209
25736 211
25736 212
25736 213
25736 214
25736 215
25736 216
25736 217
25736 218
25736 220
25736 221
25736 222
25736 223
25736 226
25736 227
25736 229
25736 231
25736 232
25736 233
25736 234
25736 235
25736 236
25736 237
25736 238
25736 239
25736 241
25736 242
25736 244
25736 245
25736 247
25736 249
25736 251
25736 252
25736 254
25736 255
25736 256
25736 257
25736 258
25736 259
25736 260
25736 261
25736 262
25736 263
25736 264
25736 265
25736 266
25736 267
25736 268
25736 269
25736 270
25736 271
25736 272
25736 275
25736 276
25736 277
25736 278
25736 279
25736 281
25736 282
25736 283
25736 284
25736 285
25736 286
25736 287
25736 288
25736 289
25736 290
25736 291
25736 292
25736 293
25736 294
25736 295
25736 296
25736 297
25736 298
25736 299
25736 300
25736 301
25736 303
25736 304
25736 305
25736 306
25736 307
25736 308
25736 309
25736 310
25736 311
25736 312
25736 313
25736 315
25736 316
25736 317
25736 318
25736 319
25736 320
25736 321
25736 322
25736 323
25736 324
25736 325
25736 326
25736 327
25736 328
25736 329
25736 331
25736 332
25736 333
25736 334
25736 335
25736 336
25736 337
25736 338
25736 340
25736 341
25736 343
25736 344
25736 345
25736 346
25736 348
25736 349
25736 350
25736 351
25736 352
25736 353
25736 354
25736 355
25736 356
25736 357
25736 358
25736 360
25736 361
25736 362
25736 363
25736 364
25736 365
25736 366
25736 367
25736 368
25736 369
25736 370
25736 371
25736 372
25736 373
25736 374
25736 375
25736 376
25736 377
25736 378
25736 379
25736 381
25736 382
25736 383
25736 384
25736 385
25736 386
25736 388
25736 389
25736 391
25736 392
25736 393
25736 394
25736 395
25736 396
25736 399
25736 400
25736 401
25736 402
25736 403
25736 404
25736 405
25736 406
25736 407
25736 408
25736 409
25736 410
25736 411
25736 412
25736 413
25736 414
25736 415
25736 416
25736 417
25736 418
25736 419
25736 420
25736 421
25736 422
25736 423
25736 424
25736 425
25736 426
25736 427
25736 428
25736 429
25736 430
25736 431
25736 432
25736 433
25736 434
25736 435
25736 437
25736 439
25736 441
25736 442
25736 443
25736 444
25736 445
25736 446
25736 447
25736 448
25736 449
25736 450
25736 451
25736 453
25736 471
25736 472
25736 473
25736 474
25736 475
25736 476
25736 478
25736 479
25736 480
25736 481
25736 482
25736 483
25736 484
25736 485
25736 487
25736 488
25736 489
25736 490
25736 491
25736 492
25736 493
25736 494
25736 495
25736 496
25736 497
25736 498
25736 499
25736 500
25736 501
25736 502
25736 503
25736 504
25736 505
25736 506
25736 508
25736 510
25736 511
25736 512
25736 513
25736 517
25736 518
25736 520
25736 521
25736 522
25736 523
25736 524
25736 525
25736 526
25736 527
25736 528
25736 529
25736 530
25736 531
25736 532
25736 533
25736 534
25736 535
25736 536
25736 537
25736 538
25736 539
25736 540
25736 541
25736 542
25736 543
25736 544
25736 545
25736 546
25736 547
25736 548
25736 550
25736 552
25736 553
25736 554
25736 555
25736 556
25736 557
25736 558
25736 559
25736 560
25736 561
25736 562
25736 563
25736 564
25736 565
25736 566
25736 567
25736 568
25736 569
25736 570
25736 571
25736 572
25736 573
25736 574
25736 575
25736 576
25736 577
25736 578
25736 579
25736 580
25737 0
25737 1
25737 2
25737 3
25737 4
25737 5
25737 6
25737 7
25737 8
25737 9
25737 10
25737 11
25737 12
25737 13
25737 14
25737 15
25737 16
25737 18
25737 19
25737 20
25737 21
25737 22
25737 23
25737 24
25737 25
25737 26
25737 27
25737 28
25737 29
25737 30
25737 31
25737 32
25737 33
25737 34
25737 35
25737 36
25737 37
25737 38
25737 39
25737 40
25737 41
25737 42
25737 43
25737 44
25737 45
25737 46
25737 47
25737 48
25737 49
25737 50
25737 51
25737 52
25737 53
25737 54
25737 55
25737 56
25737 57
25737 58
25737 59
25737 60
25737 61
25737 62
25737 63
25737 64
25737 65
25737 66
25737 67
25737 68
25737 69
25737 70
25737 71
25737 72
25737 73
25737 74
25737 75
25737 76
25737 77
25737 78
25737 79
25737 80
25737 81
25737 82
25737 83
25737 84
25737 85
25737 86
25737 87
25737 88
25737 89
25737 90
25737 91
25737 92
25737 93
25737 94
25737 97
25737 99
25737 100
25737 101
25737 102
25737 103
25737 104
25737 105
25737 106
25737 108
25737 109
25737 111
25737 112
25737 114
25737 115
25737 116
25737 117
25737 119
25737 121
25737 122
25737 124
25737 125
25737 126
25737 128
25737 129
25737 130
25737 131
25737 133
25737 135
25737 137
25737 138
25737 139
25737 140
25737 142
25739 0
25739 1
25739 2
25739 3
25739 4
25739 5
25739 6
25739 7
25739 8
25739 9
25739 10
25739 11
25739 12
25739 13
25739 14
25739 15
25739 16
25739 17
25739 18
25739 19
25739 20
25739 21
25739 22
25739 23
25739 24
25739 25
25739 26
25739 27
25739 28
25739 29
25739 30
25739 31
25739 32
25739 33
25739 34
25739 35
25739 36
25739 37
25739 38
25739 39
25739 40
25739 41
25739 42
25740 0
25740 1
25740 2
25740 3
25740 4
25740 5
25740 6
25740 7
25740 8
25740 9
25740 10
25740 11
25740 12
25740 13
25740 14
25740 15
25740 16
25740 17
25740 18
25740 19
25740 20
25740 21
25740 22
25740 23
25740 25
25740 26
25740 27
25740 28
25740 29
25740 30
25740 31
25740 32
25740 33
25740 34
25740 35
25740 36
25740 37
25740 38
25740 39
25740 40
25740 41
25741 0
25741 1
25741 2
25741 3
25741 4
25741 5
25741 6
25741 7
25741 8
25741 9
25741 10
25741 11
25741 12
25741 13
25741 14
25741 15
25741 16
25741 17
25741 18
25741 19
25741 20
25741 21
25741 22
25741 23
25741 24
25741 25
25741 26
25741 27
25741 28
25741 29
25741 30
25741 31
25741 32
25741 33
25741 34
25741 35
25741 36
25741 37
25741 38
25741 39
25741 40
25741 41
25741 42
25742 0
25742 1
25742 2
25742 3
25742 4
25742 5
25742 6
25742 7
25742 8
25742 9
25742 10
25742 11
25742 12
25742 13
25742 14
25742 15
25742 16
25742 17
25742 18
25742 19
25742 20
25742 21
25742 22
25742 23
25742 24
25742 25
25742 26
25742 27
25742 28
25742 29
25742 30
25742 31
25742 32
25742 33
25742 34
25742 36
25742 37
25742 38
25742 39
25742 40
25742 41
25743 0
25743 1
25743 2
25743 3
25743 4
25743 5
25743 6
25743 7
25743 8
25743 9
25743 10
25743 11
25743 12
25743 13
25743 14
25743 15
25743 16
25743 17
25743 18
25743 19
25743 20
25743 21
25743 22
25743 23
25743 24
25743 25
25743 26
25743 27
25743 28
25743 29
25743 30
25743 31
25743 32
25743 33
25743 34
25743 35
25743 36
25743 37
25743 38
25745 0
25745 1
25745 2
25745 3
25745 4
25745 5
25745 6
25745 7
25745 8
25745 9
25745 10
25745 11
25745 12
25745 13
25745 14
25745 15
25745 16
25745 17
25745 18
25745 19
25745 21
25745 22
25745 23
25745 24
25745 25
25745 26
25745 27
25745 28
25745 29
25745 30
25745 31
25745 32
25745 33
25745 34
25745 35
25745 36
25745 37
25745 38
25745 39
25745 40
25745 41
25745 42
25745 43
25745 44
25745 45
25745 46
25745 47
25745 48
25745 49
25745 50
25745 51
25745 52
25745 53
25745 54
25745 55
25745 56
25745 57
25745 58
25745 59
25745 60
25745 61
25745 62
25745 63
25745 64
25745 65
25745 66
25745 67
25745 68
25745 69
25746 0
25746 1
25746 2
25746 3
25746 4
25746 5
25746 6
25746 7
25746 8
25746 9
25746 10
25746 11
25746 12
25746 13
25746 14
25746 15
25746 16
25746 17
25746 18
25746 19
25746 20
25746 21
25746 22
25746 23
25746 24
25746 25
25746 26
25746 27
25746 28
25746 29
25746 30
25746 31
25746 32
25746 33
25746 34
25746 35
25746 36
25746 37
25746 38
25746 39
25746 40
25746 41
25746 42
25746 43
25746 44
25746 45
25746 46
25746 47
25746 48
25746 49
25746 50
25746 51
25746 52
25746 53
25746 54
25746 55
25746 56
25746 57
25746 58
25746 59
25746 60
25746 61
25746 62
25746 63
25746 64
25746 65
25746 66
25746 68
25746 69
25746 70
25746 71
25746 72
25746 73
25746 74
25746 75
25746 76
25746 77
25746 78
25746 79
25746 80
25746 81
25746 82
25746 83
25746 84
25746 85
25746 86
25746 88
25746 89
25746 90
25746 91
25746 92
25746 93
25746 94
25746 95
25746 96
25746 97
25746 98
25746 99
25746 100
25746 101
25746 102
25746 103
25746 104
25746 105
25746 106
25746 107
25746 108
25746 109
25746 110
25746 111
25746 112
25746 114
25746 115
25746 116
25746 117
25746 118
25746 119
25746 120
25746 121
25746 122
25746 123
25746 124
25746 125
25746 126
25746 127
25746 128
25746 129
25746 130
25746 131
25746 132
25746 133
25746 134
25746 135
25746 136
25746 137
25746 138
25746 139
25746 140
25746 141
25746 142
25746 143
25746 144
25746 146
25746 147
25746 148
25746 149
25746 150
25746 151
25746 152
25746 153
25746 154
25746 155
25746 156
25746 157
25746 158
25746 159
25746 160
25746 161
25746 162
25746 163
25746 164
25746 165
25746 166
25746 167
25746 168
25746 169
25746 170
25746 171
25746 172
25746 173
25746 174
25746 175
25746 176
25746 177
25746 178
25746 179
25746 180
25746 181
25746 182
25746 183
25746 184
25746 185
25746 186
25746 187
25746 188
25746 189
25746 191
25746 192
25746 193
25746 194
25746 195
25746 196
25746 197
25746 198
25746 199
25746 200
25746 201
25746 202
25746 203
25746 204
25746 205
25746 206
25746 207
25746 208
25746 209
25746 210
25746 211
25746 212
25746 213
25746 214
25746 215
25746 216
25746 217
25746 218
25746 219
25746 220
25746 221
25746 222
25746 223
25746 224
25746 225
25746 226
25746 227
25746 228
25746 229
25746 230
25746 231
25746 232
25746 233
25746 234
25746 235
25746 236
25746 237
25746 238
25746 239
25746 240
25746 243
25746 244
25746 246
25746 250
25746 252
25746 254
25746 255
25746 256
25746 257
25746 258
25746 259
25746 260
25746 261
25746 262
25746 263
25746 265
25746 267
25746 268
25746 269
25748 0
25748 1
25748 2
25748 3
25748 4
25748 5
25748 6
25748 7
25748 8
25748 9
25748 10
25748 11
25748 12
25748 13
25748 14
25748 15
25748 16
25748 17
25748 18
25748 19
25748 20
25748 21
25748 22
25748 23
25748 24
25748 25
25748 26
25748 27
25748 28
25748 29
25748 30
25748 31
25748 32
25748 33
25748 34
25748 35
25748 36
25748 37
25749 0
25749 1
25749 2
25749 4
25749 5
25749 6
25749 7
25749 8
25749 9
25749 10
25749 11
25749 12
25749 13
25749 14
25749 15
25749 16
25749 17
25749 18
25749 19
25749 20
25749 21
25749 22
25749 23
25749 24
25749 25
25749 26
25749 27
25749 28
25749 29
25749 30
25749 31
25749 32
25749 33
25749 34
25749 35
25749 36
25749 37
25749 38
25749 39
25749 40
25749 41
25749 42
25749 43
25749 44
25749 45
25749 46
25749 47
25749 48
25749 49
25749 50
25749 51
25749 52
25749 53
25749 54
25749 55
25749 56
25749 57
25749 58
25749 59
25749 60
25749 61
25749 62
25749 63
25749 64
25749 65
25749 66
25749 67
25749 68
25749 69
25749 70
25749 71
25749 72
25749 73
25749 74
25749 75
25749 76
25749 77
25749 78
25749 79
25749 80
25749 81
25749 82
25749 83
25749 84
25749 85
25749 86
25749 87
25749 88
25751 0
25751 1
25751 2
25751 3
25751 4
25751 5
25751 6
25751 7
25751 8
25751 9
25751 10
25751 11
25751 12
25751 13
25751 14
25751 15
25751 16
25751 17
25751 18
25751 19
25751 20
25751 21
25751 22
25751 23
25751 24
25751 25
25751 26
25751 27
25751 28
25751 29
25751 30
25751 31
25751 32
25751 33
25751 34
25751 35
25751 36
25751 37
25751 38
25751 39
25751 40
25751 41
25751 42
25751 43
25751 44
25751 45
25751 46
25751 47
25751 48
25751 49
25751 50
25751 51
25751 52
25751 53
25751 54
25751 55
25751 56
25751 57
25751 58
25751 59
25751 60
25751 61
25751 63
25751 64
25751 65
25751 67
25751 68
25751 69
25751 70
25751 71
25751 72
25751 73
25751 74
25751 75
25751 76
25751 77
25751 78
25751 79
25751 80
25751 81
25751 82
25751 83
25751 84
25751 85
25751 86
25751 87
25751 88
25751 89
25751 90
25751 91
25751 92
25751 93
25751 94
25751 95
25751 96
25751 97
25751 98
25751 99
25751 100
25751 101
25751 102
25751 103
25751 104
25751 105
25751 107
25751 109
25751 110
25751 111
25751 112
25751 114
25751 115
25751 116
25751 117
25751 119
25751 121
25751 122
25751 123
25751 124
25751 125
25751 126
25751 127
25751 129
25751 130
25751 133
25751 134
25751 135
25751 136
25751 137
25751 138
25751 139
25751 140
25751 142
25751 143
25751 144
25751 145
25751 147
25751 148
25751 151
25751 152
25751 153
25751 154
25751 155
25751 156
25751 157
25751 158
25751 159
25751 160
25751 161
25751 165
25751 166
25751 169
25751 170
25751 173
25751 176
25751 177
25751 178
25751 180
25751 182
25751 183
25752 0
25752 1
25752 2
25752 4
25752 5
25752 6
25752 7
25752 8
25752 9
25752 10
25752 11
25752 12
25752 13
25752 14
25752 15
25752 16
25752 17
25752 18
25752 19
25752 20
25752 21
25752 22
25752 23
25752 24
25752 25
25752 26
25752 27
25752 30
25752 31
25752 33
25752 34
25752 35
25752 36
25752 37
25752 38
25752 39
25752 40
25752 44
25752 45
25752 46
25752 47
25752 48
25752 49
25752 50
25752 52
25752 54
25752 55
25752 56
25752 57
25752 58
25752 60
25752 61
25752 62
25752 63
25752 65
25752 66
25752 67
25752 68
25752 69
25752 71
25752 72
25752 73
25752 74
25752 75
25752 76
25752 77
25752 78
25752 79
25752 80
25752 81
25752 82
25752 83
25752 85
25752 86
25752 88
25752 89
25752 90
25752 91
25752 92
25752 93
25752 94
25752 95
25752 97
25752 98
25752 100
25752 101
25752 102
25752 103
25752 104
25752 105
25752 106
25752 107
25752 108
25752 110
25752 111
25752 112
25752 113
25752 114
25752 115
25752 116
25752 118
25752 119
25752 120
25752 121
25752 123
25752 124
25752 126
25752 127
25752 128
25752 129
25752 130
25752 131
25752 132
25752 133
25752 135
25752 136
25752 137
25752 138
25752 139
25752 140
25752 141
25752 142
25752 145
25752 146
25752 147
25752 148
25752 149
25752 150
25752 151
25752 152
25752 153
25752 155
25752 156
25752 157
25752 158
25752 159
25752 160
25752 161
25752 162
25752 163
25752 164
25752 165
25752 166
25752 167
25752 168
25752 169
25752 170
25752 172
25752 173
25752 174
25752 175
25752 176
25752 178
25752 179
25752 180
25752 181
25752 182
25752 183
25752 184
25752 185
25752 186
25752 187
25752 188
25752 189
25752 190
25752 191
25752 192
25752 193
25752 194
25752 195
25752 196
25752 200
25752 201
25752 202
25752 203
25752 204
25752 205
25752 206
25752 207
25752 208
25752 209
25752 210
25752 211
25752 212
25752 213
25752 214
25752 215
25752 216
25752 217
25752 220
25752 221
25752 222
25752 223
25752 224
25752 225
25752 227
25752 228
25752 229
25752 231
25752 232
25752 234
25752 235
25752 236
25752 237
25752 238
25752 239
25752 240
25752 241
25752 242
25752 243
25752 244
25752 245
25752 246
25752 247
25752 248
25752 250
25752 251
25752 252
25752 253
25752 254
25752 255
25752 256
25752 257
25752 258
25752 260
25752 261
25752 262
25752 263
25752 264
25752 265
25752 266
25752 267
25752 268
25752 269
25752 271
25752 272
25752 273
25752 274
25752 275
25752 276
25752 277
25752 278
25752 279
25752 280
25752 281
25752 282
25752 283
25752 284
25752 285
25752 286
25752 287
25752 290
25752 292
25752 293
25752 297
25752 298
25752 299
25752 300
25752 301
25752 302
25752 303
25752 304
25752 306
25752 307
25752 308
25752 309
25752 310
25752 311
25752 312
25752 313
25752 314
25752 316
25752 317
25752 318
25752 319
25752 321
25752 322
25752 323
25752 324
25752 325
25752 326
25752 327
25752 328
25752 329
25752 330
25752 331
25752 332
25752 333
25752 334
25752 335
25752 337
25752 338
25752 339
25752 340
25752 341
25752 342
25752 343
25752 344
25752 345
25752 346
25752 348
25752 349
25752 351
25752 352
25752 353
25752 354
25752 355
25752 356
25752 357
25752 359
25752 360
25752 361
25752 362
25752 363
25752 364
25752 365
25752 366
25752 367
25752 368
25752 369
25752 370
25752 371
25752 372
25752 373
25752 374
25752 375
25752 378
25752 379
25752 380
25752 381
25752 382
25752 383
25752 384
25752 385
25752 386
25752 387
25752 388
25752 389
25752 390
25752 391
25752 392
25752 394
25752 395
25752 396
25752 398
25752 399
25752 401
25752 402
25752 403
25752 404
25752 406
25752 407
25752 408
25752 409
25752 410
25752 412
25752 413
25752 414
25752 415
25752 416
25752 417
25752 418
25752 419
25752 420
25752 422
25752 423
25752 425
25752 426
25752 427
25752 428
25752 429
25752 430
25752 431
25752 432
25752 433
25752 434
25752 435
25752 436
25752 437
25752 438
25752 439
25752 440
25752 441
25752 443
25752 444
25752 446
25752 447
25752 448
25752 450
25752 451
25753 0
25753 1
25753 2
25753 3
25753 4
25753 5
25753 6
25753 7
25753 8
25753 9
25753 10
25753 11
25753 12
25753 13
25753 14
25753 15
25753 16
25753 17
25753 18
25753 19
25753 20
25753 21
25753 22
25753 23
25753 24
25753 25
25753 26
25753 27
25753 28
25753 29
25753 30
25753 31
25753 32
25753 33
25753 34
25753 35
25753 36
25753 37
25753 38
25753 39
25753 40
25753 41
25753 42
25753 43
25753 44
25753 45
25753 46
25753 47
25753 48
25753 49
25753 50
25753 51
25753 52
25753 53
25753 54
25753 55
25753 56
25753 57
25753 58
25753 59
25753 60
25753 61
25753 62
25753 63
25753 64
25753 65
25753 66
25753 67
25753 68
25753 69
25753 70
25753 71
25753 72
25753 73
25753 74
25753 75
25753 76
25753 77
25753 78
25753 79
25753 80
25753 81
25753 82
25753 83
25753 84
25753 85
25753 86
25753 87
25755 0
25755 1
25755 2
25755 3
25755 4
25755 5
25755 6
25755 7
25755 8
25755 9
25755 10
25755 11
25755 12
25755 13
25755 14
25755 15
25755 16
25755 17
25755 18
25755 19
25755 20
25755 21
25755 22
25755 27
25755 28
25755 30
25755 31
25755 32
25755 33
25755 34
25755 35
25755 36
25755 37
25755 38
25755 39
25755 40
25755 41
25755 42
25755 43
25755 44
25755 45
25755 46
25755 47
25755 48
25755 49
25755 50
25755 51
25755 52
25755 53
25755 54
25755 55
25755 56
25755 57
25755 58
25755 59
25755 60
25755 61
25755 62
25755 63
25755 64
25755 65
25755 66
25755 67
25755 68
25755 69
25755 70
25755 71
25755 72
25755 73
25755 74
25755 75
25755 77
25755 78
25755 79
25755 80
25755 81
25755 82
25755 83
25755 85
25755 86
25755 87
25755 88
25755 89
25755 90
25755 91
25755 92
25755 93
25755 95
25755 96
25755 97
25755 99
25755 101
25755 102
25755 105
25755 106
25755 107
25755 108
25755 109
25755 110
25755 111
25755 112
25755 113
25755 114
25755 115
25755 116
25755 118
25755 119
25755 120
25755 121
25755 122
25755 124
25755 125
25755 126
25755 127
25755 128
25755 131
25755 132
25755 133
25755 134
25755 136
25755 138
25755 140
25755 141
25755 143
25755 144
25755 147
25755 148
25755 149
25755 150
25755 151
25755 152
25755 153
25755 154
25755 155
25755 156
25755 157
25755 158
25755 159
25755 161
25755 162
25755 164
25755 165
25755 166
25755 167
25755 168
25755 169
25755 171
25755 172
25755 173
25755 174
25755 175
25755 176
25755 177
25755 178
25755 179
25755 180
25755 182
25755 183
25755 184
25755 185
25755 186
25755 187
25755 188
25755 189
25755 190
25755 191
25755 192
25755 193
25755 194
25755 195
25755 196
25755 197
25755 200
25755 201
25755 203
25755 204
25755 205
25755 206
25755 207
25755 208
25755 209
25755 210
25755 211
25755 212
25755 213
25755 215
25755 216
25755 217
25755 219
25755 221
25755 222
25755 223
25755 224
25755 225
25755 226
25755 228
25755 229
25755 230
25755 231
25755 232
25755 233
25755 234
25755 235
25755 237
25755 238
25755 239
25755 240
25755 242
25755 243
25755 245
25755 246
25755 247
25755 248
25755 250
25755 251
25755 252
25755 253
25755 254
25755 255
25755 256
25755 257
25755 258
25755 259
25755 260
25755 261
25755 262
25755 263
25755 265
25755 266
25755 267
25755 268
25755 269
25755 271
25755 272
25755 273
25755 274
25755 277
25755 278
25755 279
25755 280
25755 281
25755 283
25755 284
25755 285
25755 286
25755 287
25755 289
25755 292
25755 293
25755 294
25755 295
25755 296
25755 297
25755 298
25755 301
25755 302
25755 303
25755 304
25755 305
25755 307
25755 308
25755 309
25755 310
25755 311
25755 312
25755 313
25755 315
25755 316
25755 317
25755 318
25755 319
25755 320
25755 321
25755 322
25755 323
25755 324
25755 325
25755 326
25755 327
25755 328
25755 329
25755 330
25755 331
25755 332
25755 334
25755 336
25755 337
25755 338
25755 339
25755 340
25755 342
25755 343
25755 344
25755 347
25755 348
25755 349
25755 350
25755 351
25755 352
25755 353
25755 354
25755 355
25755 356
25755 357
25755 358
25755 359
25755 360
25755 362
25755 363
25755 364
25755 365
25755 366
25755 367
25755 368
25755 369
25755 370
25755 371
25755 372
25755 373
25755 374
25755 375
25755 376
25755 377
25755 378
25755 379
25755 380
25755 381
25755 383
25755 384
25755 385
25755 386
25755 387
25755 388
25755 389
25755 390
25755 391
25755 392
25755 393
25755 394
25755 395
25755 396
25755 397
25755 398
25755 400
25755 401
25755 403
25755 404
25755 405
25755 406
25755 408
25755 409
25755 410
25755 411
25755 412
25755 413
25755 415
25755 416
25755 417
25755 418
25755 419
25755 420
25755 422
25755 423
25755 424
25755 425
25755 426
25755 427
25755 429
25755 430
25755 431
25755 432
25755 433
25755 434
25755 435
25755 437
25755 438
25755 439
25755 440
25755 441
25755 443
25755 444
25755 445
25755 447
25755 448
25755 449
25755 450
25755 451
25755 452
25755 453
25755 455
25755 456
25755 457
25755 458
25755 459
25755 460
25755 461
25755 462
25755 463
25755 466
25755 467
25755 468
25755 469
25755 470
25755 471
25755 473
25755 474
25755 475
25755 477
25755 478
25755 481
25755 482
25755 483
25755 486
25755 487
25755 488
25755 489
25755 490
25755 491
25755 492
25755 494
25755 495
25755 497
25755 498
25755 499
25755 500
25755 501
25755 502
25755 503
25755 504
25755 505
25755 506
25755 507
25755 508
25755 510
25755 511
25755 513
25755 514
25755 515
25755 516
25755 517
25755 518
25755 520
25755 521
25755 522
25755 523
25755 525
25755 526
25755 527
25755 528
25755 530
25755 531
25755 532
25755 533
25755 534
25755 535
25755 537
25755 538
25755 539
25755 540
25755 541
25755 542
25755 544
25755 545
25755 546
25755 547
25755 549
25755 550
25755 551
25755 552
25755 554
25756 0
25756 1
25756 2
25756 3
25756 4
25756 5
25756 6
25756 7
25756 8
25756 9
25756 10
25756 11
25756 12
25756 13
25756 14
25756 15
25756 16
25756 17
25756 18
25756 19
25756 20
25756 21
25756 22
25756 23
25756 24
25756 25
25756 26
25756 27
25756 28
25756 29
25756 30
25756 31
25756 32
25756 33
25756 34
25756 35
25756 36
25756 37
25756 38
25756 39
25756 40
25756 41
25756 42
25756 43
25756 44
25756 45
25756 46
25756 47
25756 48
25756 49
25756 50
25756 51
25756 52
25756 53
25756 54
25756 56
25756 57
25756 58
25756 60
25756 61
25756 62
25756 63
25756 64
25756 65
25756 66
25756 67
25756 68
25756 69
25756 70
25756 71
25756 72
25756 73
25756 74
25756 75
25758 0
25758 1
25758 4
25758 5
25758 6
25758 7
25758 8
25758 10
25758 11
25758 12
25758 13
25758 14
25758 15
25758 16
25758 19
25758 20
25758 21
25758 23
25758 24
25758 25
25758 26
25758 27
25758 28
25758 29
25758 30
25758 31
25758 32
25758 33
25758 34
25758 35
25758 36
25758 38
25758 39
25758 40
25758 41
25758 42
25758 43
25758 44
25758 45
25758 46
25758 47
25758 48
25758 49
25758 50
25758 51
25758 52
25758 53
25758 54
25758 55
25758 56
25758 57
25758 59
25758 60
25758 61
25758 62
25758 63
25758 64
25758 65
25758 66
25758 67
25758 70
25758 71
25758 72
25758 73
25758 75
25758 76
25758 77
25758 78
25758 81
25758 82
25758 83
25758 84
25758 87
25758 88
25758 89
25758 90
25758 91
25758 94
25758 95
25758 96
25758 97
25758 98
25758 99
25758 101
25758 102
25758 103
25758 104
25758 107
25758 108
25758 109
25758 110
25758 111
25758 112
25758 113
25758 114
25758 115
25758 116
25758 118
25758 119
25758 120
25758 121
25758 122
25758 123
25758 124
25758 125
25758 126
25758 127
25758 128
25758 129
25758 130
25758 131
25758 132
25758 133
25758 134
25758 135
25758 136
25758 137
25758 138
25758 139
25758 140
25758 141
25758 142
25758 144
25758 145
25758 146
25758 147
25758 148
25758 149
25758 151
25758 152
25758 153
25758 155
25758 156
25758 157
25758 158
25758 159
25758 160
25758 161
25758 162
25758 163
25758 164
25758 165
25758 166
25758 167
25758 168
25758 170
25758 171
25758 172
25758 173
25758 175
25758 176
25758 177
25758 178
25758 179
25758 180
25758 181
25758 182
25758 183
25758 185
25758 186
25758 187
25758 189
25758 190
25758 191
25758 192
25758 193
25758 194
25758 195
25758 196
25758 197
25758 198
25758 199
25758 200
25758 201
25758 202
25758 203
25758 204
25758 205
25758 206
25758 207
25758 208
25758 209
25758 211
25758 212
25758 214
25758 215
25758 216
25758 218
25758 219
25758 220
25758 221
25758 222
25758 223
25758 224
25758 225
25758 226
25758 227
25758 228
25758 229
25758 232
25758 233
25758 234
25758 238
25758 239
25758 240
25758 241
25758 243
25758 244
25758 247
25758 248
25758 249
25758 250
25758 251
25758 252
25758 253
25758 254
25758 255
25758 256
25758 257
25758 258
25758 259
25758 261
25758 262
25758 263
25758 264
25758 266
25758 267
25758 268
25758 269
25758 270
25758 271
25758 272
25758 273
25758 274
25758 275
25758 278
25758 279
25758 280
25758 281
25758 282
25758 284
25758 285
25758 286
25758 287
25758 288
25758 289
25758 290
25758 291
25758 292
25758 293
25758 294
25758 295
25758 296
25758 297
25758 298
25758 300
25758 301
25758 302
25758 303
25758 305
25758 306
25758 308
25758 309
25758 310
25758 313
25758 314
25758 315
25758 316
25758 317
25758 318
25758 319
25758 320
25758 321
25758 322
25758 323
25758 324
25758 325
25758 326
25758 327
25758 328
25758 329
25758 330
25758 331
25758 332
25758 333
25758 334
25758 335
25758 336
25758 337
25758 338
25758 339
25758 340
25758 341
25758 343
25758 345
25758 346
25758 348
25758 349
25758 350
25758 352
25758 353
25758 355
25758 356
25758 357
25758 358
25758 359
25758 360
25758 362
25758 363
25758 364
25758 365
25758 366
25758 367
25758 368
25758 370
25758 371
25758 372
25758 373
25758 374
25758 376
25758 377
25758 378
25758 379
25758 380
25758 381
25758 382
25758 383
25758 384
25758 388
25758 389
25758 390
25758 392
25758 393
25758 395
25758 396
25758 397
25758 398
25758 399
25758 400
25758 401
25758 402
25758 403
25758 404
25758 405
25758 406
25758 407
25758 409
25758 410
25758 411
25758 412
25758 413
25758 415
25758 416
25758 418
25758 419
25758 424
25758 425
25758 427
25758 428
25758 429
25758 430
25758 431
25758 432
25758 434
25758 435
25758 436
25758 437
25758 439
25758 440
25758 444
25758 446
25758 447
25758 448
25758 449
25758 450
25758 451
25758 452
25758 453
25758 454
25758 455
25758 456
25758 459
25758 460
25758 462
25758 464
25758 465
25758 466
25758 468
25758 469
25758 470
25758 471
25758 473
25758 475
25758 477
25758 479
25758 480
25758 481
25758 482
25758 484
25758 485
25758 488
25758 489
25758 490
25758 491
25758 492
25758 493
25758 494
25758 495
25758 496
25758 497
25758 498
25758 499
25758 500
25758 502
25758 503
25758 504
25758 505
25758 506
25758 508
25758 509
25758 510
25758 513
25758 514
25758 515
25758 516
25758 517
25758 518
25758 519
25758 521
25758 522
25758 523
25758 524
25758 526
25758 527
25758 528
25758 529
25758 535
25758 536
25758 537
25758 538
25758 539
25758 542
25758 543
25758 545
25758 546
25758 547
25758 549
25758 551
25758 552
25758 555
25758 556
25758 557
25758 560
25758 562
25758 563
25758 564
25758 565
25759 0
25759 2
25759 3
25759 4
25759 5
25759 6
25759 7
25759 8
25759 9
25759 10
25759 11
25759 12
25759 13
25759 14
25759 15
25759 16
25759 17
25759 18
25759 19
25759 20
25759 21
25759 22
25759 23
25759 24
25759 25
25759 26
25759 27
25759 28
25759 29
25759 30
25759 31
25759 32
25759 33
25759 34
25759 35
25759 36
25759 37
25759 38
25759 39
25759 40
25759 41
25759 42
25759 43
25759 44
25759 45
25759 46
25759 47
25759 48
25759 49
25759 50
25759 51
25759 52
25759 53
25759 54
25759 55
25759 56
25759 57
25759 58
25759 59
25759 60
25759 61
25759 62
25759 63
25759 64
25759 65
25759 66
25759 67
25759 68
25759 69
