20400 0
20400 1
20400 2
20400 3
20400 4
20400 5
20400 6
20400 7
20400 8
20400 9
20400 10
20400 11
20400 12
20400 13
20401 0
20401 1
20401 2
20401 3
20401 4
20401 5
20401 6
20401 7
20401 8
20401 9
20401 10
20401 11
20401 12
20401 13
20401 14
20401 15
20401 16
20401 17
20401 18
20401 19
20401 20
20401 21
20401 22
20401 24
20401 25
20401 26
20401 27
20401 28
20401 29
20401 30
20401 31
20401 32
20401 33
20401 34
20401 35
20401 36
20401 37
20401 38
20401 39
20401 40
20401 41
20401 42
20401 43
20401 44
20401 45
20401 46
20401 47
20401 48
20401 49
20401 50
20401 51
20401 52
20401 53
20401 54
20401 55
20401 56
20401 57
20401 58
20401 59
20401 60
20401 61
20401 62
20401 63
20401 64
20401 65
20401 66
20401 67
20401 68
20401 69
20401 70
20401 71
20401 72
20401 73
20401 74
20401 75
20401 76
20401 77
20401 78
20401 79
20401 80
20401 81
20401 82
20401 83
20401 84
20401 85
20401 86
20401 87
20401 88
20401 89
20401 90
20401 91
20401 92
20401 93
20401 94
20401 95
20401 96
20401 97
20401 98
20401 99
20401 100
20401 101
20401 102
20401 103
20401 104
20401 105
20401 106
20401 107
20401 108
20401 109
20401 110
20401 111
20401 113
20401 114
20401 115
20401 116
20401 117
20401 118
20401 119
20401 120
20401 121
20401 122
20401 123
20401 124
20401 125
20401 126
20401 127
20401 128
20401 129
20401 130
20401 131
20401 132
20401 133
20401 134
20401 135
20401 136
20401 137
20401 138
20401 139
20401 140
20401 141
20401 142
20401 143
20401 144
20401 145
20401 146
20401 147
20401 148
20401 149
20401 150
20401 151
20401 152
20401 153
20401 154
20401 155
20401 156
20401 157
20401 158
20401 159
20401 160
20401 161
20401 162
20401 163
20401 164
20401 165
20401 166
20401 167
20401 168
20401 169
20401 170
20401 172
20401 173
20401 174
20401 175
20401 176
20401 177
20401 178
20401 179
20401 180
20401 181
20401 182
20401 183
20401 184
20401 185
20401 186
20401 187
20401 188
20401 189
20401 190
20401 191
20401 192
20401 193
20401 194
20401 195
20401 196
20401 197
20401 198
20401 199
20401 200
20401 201
20401 202
20401 203
20401 204
20401 206
20401 207
20401 208
20401 209
20401 210
20401 211
20401 212
20401 213
20401 214
20401 215
20401 216
20401 217
20401 218
20401 219
20401 220
20401 221
20401 222
20401 223
20401 224
20401 225
20401 226
20401 227
20401 228
20401 229
20401 230
20401 231
20401 232
20401 233
20401 234
20401 235
20401 236
20401 237
20401 238
20401 239
20401 240
20401 241
20401 242
20401 243
20401 244
20401 245
20401 246
20401 247
20401 248
20401 249
20401 250
20401 251
20401 252
20401 253
20401 254
20401 255
20401 256
20401 257
20401 258
20401 259
20401 260
20401 261
20401 262
20401 263
20401 264
20401 265
20401 266
20401 267
20401 268
20401 269
20401 270
20401 271
20401 272
20401 273
20401 274
20401 275
20401 276
20401 277
20401 278
20401 279
20401 280
20401 281
20401 282
20401 283
20401 284
20401 285
20401 286
20401 287
20401 288
20401 289
20401 290
20401 291
20401 292
20401 293
20401 294
20401 295
20401 296
20401 297
20401 298
20401 299
20401 300
20401 301
20401 302
20401 303
20401 304
20401 305
20401 306
20401 307
20401 308
20401 309
20401 310
20401 311
20401 312
20401 313
20401 314
20401 315
20401 316
20401 317
20401 318
20401 319
20401 321
20401 322
20401 323
20401 324
20401 325
20401 326
20401 327
20401 328
20401 329
20401 330
20401 331
20401 332
20401 333
20401 335
20401 336
20401 337
20401 338
20401 339
20401 340
20401 341
20401 342
20401 343
20401 344
20401 345
20401 346
20401 347
20401 348
20401 349
20401 350
20401 351
20401 352
20401 353
20401 354
20401 355
20401 356
20401 357
20401 358
20401 359
20401 360
20401 361
20401 362
20401 363
20401 364
20401 365
20401 366
20401 367
20401 368
20401 369
20401 370
20401 371
20401 373
20401 374
20401 375
20401 376
20401 377
20401 378
20401 379
20401 380
20401 381
20401 382
20401 383
20401 384
20401 385
20401 386
20401 387
20401 388
20401 389
20401 390
20401 391
20401 392
20401 393
20401 394
20401 395
20401 396
20401 397
20401 398
20401 399
20401 400
20401 401
20401 402
20401 403
20401 404
20401 405
20401 407
20401 408
20401 409
20401 410
20401 411
20401 412
20401 413
20401 414
20401 415
20401 416
20401 418
20401 419
20401 420
20401 421
20401 422
20401 423
20401 424
20401 425
20401 426
20401 427
20401 428
20401 429
20401 430
20401 431
20401 432
20401 433
20401 434
20401 435
20401 436
20401 437
20401 438
20401 439
20401 440
20401 441
20401 442
20401 444
20401 445
20401 446
20401 447
20401 448
20401 449
20401 450
20401 451
20401 452
20401 453
20401 454
20401 455
20401 456
20401 457
20401 458
20401 459
20401 460
20401 461
20401 462
20401 463
20402 52
20402 53
20402 54
20402 55
20402 56
20402 57
20402 58
20402 59
20402 60
20402 61
20402 62
20402 63
20402 64
20402 65
20402 66
20402 67
20402 68
20402 69
20402 70
20402 71
20402 72
20402 73
20402 74
20402 75
20402 76
20402 77
20402 78
20402 79
20402 80
20402 81
20402 82
20402 83
20402 84
20402 85
20402 86
20402 87
20402 88
20402 89
20402 90
20402 91
20402 92
20402 93
20402 94
20402 95
20402 96
20402 97
20402 98
20402 99
20402 100
20402 101
20402 102
20402 103
20402 104
20402 105
20402 106
20402 107
20402 108
20402 109
20402 110
20402 111
20402 112
20402 113
20402 114
20402 115
20402 116
20402 117
20402 118
20402 119
20402 120
20402 121
20402 122
20402 123
20402 124
20402 125
20402 126
20402 127
20402 128
20402 129
20402 130
20402 131
20402 132
20402 133
20402 134
20402 137
20402 138
20402 140
20402 141
20402 142
20402 143
20402 144
20402 145
20402 146
20402 147
20402 148
20402 149
20402 150
20402 151
20402 152
20402 153
20402 154
20402 155
20402 156
20402 157
20402 158
20402 159
20402 160
20402 161
20402 162
20402 163
20402 164
20402 165
20402 166
20402 167
20402 168
20402 169
20402 170
20402 172
20402 173
20402 174
20402 175
20402 176
20402 177
20402 178
20402 179
20402 180
20402 181
20402 182
20402 183
20402 184
20402 185
20402 187
20402 188
20402 189
20402 190
20402 191
20402 192
20402 193
20402 194
20402 195
20402 196
20402 197
20402 198
20402 199
20402 200
20402 202
20402 203
20402 204
20402 205
20402 206
20402 207
20402 208
20402 209
20402 210
20402 211
20402 212
20402 213
20402 214
20402 215
20402 216
20402 217
20402 218
20402 219
20402 220
20402 221
20402 223
20402 224
20402 225
20402 226
20402 227
20402 228
20402 229
20402 230
20402 231
20402 232
20402 233
20402 234
20402 235
20402 236
20402 237
20402 238
20402 239
20402 240
20402 241
20402 242
20402 243
20402 245
20402 246
20402 247
20402 248
20402 249
20402 250
20402 251
20402 252
20402 253
20402 254
20402 255
20402 256
20402 257
20402 258
20402 259
20402 260
20402 261
20402 262
20402 263
20402 264
20402 265
20402 266
20402 267
20402 268
20402 269
20402 270
20402 272
20402 273
20402 274
20402 275
20402 276
20402 277
20402 278
20402 279
20402 280
20402 281
20402 282
20402 283
20402 284
20402 286
20402 287
20402 288
20402 289
20402 290
20402 293
20402 294
20402 295
20402 296
20402 297
20402 299
20402 300
20402 301
20402 302
20402 303
20402 305
20402 306
20402 307
20402 308
20402 310
20402 311
20402 313
20402 314
20402 315
20403 0
20403 1
20403 3
20403 4
20403 5
20403 6
20403 7
20403 8
20403 9
20403 10
20403 11
20403 12
20403 13
20403 14
20403 15
20403 16
20403 17
20403 18
20403 19
20403 20
20403 21
20403 22
20403 23
20403 24
20403 25
20403 26
20403 27
20403 28
20403 29
20403 30
20403 31
20403 32
20403 33
20403 34
20403 35
20403 36
20403 37
20403 38
20403 39
20403 40
20403 41
20403 43
20403 44
20403 45
20403 46
20403 47
20403 48
20403 49
20403 50
20403 51
20403 52
20403 53
20403 54
20403 55
20403 56
20403 57
20403 58
20403 59
20403 60
20403 61
20403 62
20403 63
20403 64
20403 65
20403 66
20403 67
20403 68
20403 69
20403 70
20403 71
20403 72
20403 73
20403 74
20403 75
20403 76
20403 78
20403 79
20403 80
20403 82
20403 83
20403 84
20403 85
20403 86
20403 87
20403 88
20403 89
20403 90
20403 91
20403 92
20403 93
20403 95
20403 96
20403 97
20403 98
20403 99
20403 100
20403 101
20403 103
20403 104
20403 105
20403 106
20403 107
20403 108
20403 109
20403 110
20403 111
20403 112
20403 114
20403 115
20403 116
20403 120
20403 121
20403 122
20403 123
20403 124
20403 125
20403 126
20403 127
20403 128
20403 129
20403 130
20403 131
20403 132
20403 133
20403 134
20403 135
20403 136
20403 137
20403 138
20403 139
20403 140
20403 141
20403 142
20403 143
20403 144
20403 145
20403 146
20403 147
20403 148
20403 149
20403 150
20403 151
20403 152
20403 153
20403 155
20403 156
20403 157
20403 158
20403 159
20403 160
20403 161
20403 162
20403 163
20403 164
20403 165
20403 166
20403 167
20403 168
20403 169
20403 170
20403 171
20403 172
20403 173
20403 174
20403 175
20403 176
20403 177
20403 178
20403 179
20403 180
20403 181
20403 182
20403 183
20403 184
20403 185
20403 187
20403 188
20403 189
20403 190
20403 191
20403 192
20403 193
20403 194
20403 195
20403 196
20403 197
20403 198
20403 199
20403 200
20403 201
20403 202
20403 203
20403 204
20403 205
20403 206
20403 207
20403 208
20403 209
20403 210
20403 211
20403 212
20403 213
20403 214
20403 215
20403 216
20403 217
20403 218
20403 222
20403 224
20403 226
20403 227
20403 228
20403 230
20403 231
20403 232
20403 233
20403 234
20403 236
20403 237
20403 238
20403 239
20403 240
20403 241
20403 242
20403 243
20403 244
20403 245
20403 246
20403 247
20403 248
20403 250
20403 251
20403 252
20403 253
20403 254
20403 255
20403 256
20403 257
20403 258
20403 259
20403 260
20403 261
20403 262
20403 263
20403 265
20403 266
20403 267
20403 268
20403 269
20403 270
20403 271
20403 272
20403 273
20403 274
20403 275
20403 276
20403 277
20403 278
20403 279
20403 280
20403 283
20403 284
20403 285
20403 286
20403 287
20403 289
20403 290
20403 291
20403 292
20403 293
20403 294
20403 295
20403 296
20403 297
20403 298
20403 300
20403 301
20403 302
20403 303
20403 304
20403 305
20403 306
20403 307
20403 308
20403 309
20403 310
20403 312
20403 313
20403 314
20403 315
20403 316
20403 317
20403 318
20403 320
20403 321
20403 322
20403 324
20403 325
20403 327
20403 328
20403 329
20403 331
20403 332
20403 333
20403 334
20403 336
20403 338
20403 339
20403 340
20403 341
20403 342
20403 343
20403 344
20403 345
20403 346
20403 347
20403 348
20403 349
20403 350
20403 351
20403 353
20403 354
20403 355
20403 356
20403 357
20403 358
20403 359
20403 360
20403 361
20403 362
20403 363
20403 364
20403 365
20403 366
20403 367
20403 368
20403 369
20403 370
20403 371
20403 372
20403 373
20403 374
20403 375
20403 376
20403 377
20403 378
20403 379
20403 382
20403 383
20403 384
20403 385
20403 386
20403 387
20403 388
20403 389
20403 391
20403 392
20403 393
20403 395
20403 396
20403 397
20403 398
20403 399
20403 400
20403 401
20403 402
20403 403
20403 404
20403 405
20403 406
20403 408
20403 409
20403 410
20403 412
20403 413
20403 414
20403 415
20403 416
20403 417
20403 418
20403 419
20403 420
20403 421
20403 422
20403 423
20403 424
20403 425
20403 426
20403 427
20403 429
20403 431
20403 432
20403 433
20403 434
20403 435
20403 436
20403 437
20403 438
20403 439
20403 440
20403 441
20403 442
20403 443
20403 444
20403 445
20403 446
20403 447
20403 448
20403 449
20403 450
20403 451
20403 452
20403 453
20403 454
20403 455
20403 456
20403 457
20403 458
20403 459
20403 460
20403 461
20403 462
20403 463
20403 464
20403 465
20403 466
20403 467
20403 468
20403 469
20403 470
20403 471
20403 472
20403 473
20403 474
20403 475
20403 476
20403 477
20403 478
20403 479
20403 480
20403 481
20403 482
20403 483
20403 484
20405 0
20405 1
20405 2
20405 3
20405 4
20405 5
20405 6
20405 7
20405 8
20405 9
20405 10
20405 11
20405 12
20405 13
20405 14
20405 15
20405 16
20405 17
20405 18
20405 19
20405 20
20405 21
20405 22
20405 23
20405 24
20405 25
20405 26
20405 27
20405 28
20405 29
20405 30
20405 31
20405 32
20405 33
20405 34
20405 35
20405 36
20405 37
20405 38
20405 39
20405 40
20405 41
20405 42
20405 43
20405 44
20405 45
20405 46
20405 47
20405 48
20405 49
20405 50
20405 51
20405 52
20405 53
20405 54
20405 55
20405 56
20405 57
20405 58
20405 59
20405 60
20405 61
20405 62
20405 63
20405 64
20405 65
20405 66
20405 67
20405 68
20405 69
20405 70
20405 71
20405 72
20405 73
20405 74
20405 75
20405 76
20405 77
20405 78
20405 79
20405 80
20405 81
20405 82
20405 83
20405 84
20405 85
20405 86
20405 87
20405 88
20405 89
20405 90
20405 91
20405 92
20405 93
20405 94
20405 95
20405 96
20405 97
20405 98
20405 99
20405 100
20405 101
20405 102
20405 103
20405 104
20405 105
20405 106
20405 107
20405 108
20405 109
20405 110
20405 111
20405 112
20405 113
20405 114
20405 115
20405 116
20405 117
20405 118
20405 119
20405 120
20405 121
20405 122
20405 123
20405 124
20405 125
20405 126
20405 127
20405 128
20405 129
20405 130
20405 131
20405 132
20405 133
20405 134
20405 135
20405 136
20405 137
20405 138
20405 139
20405 140
20405 141
20405 142
20405 143
20405 144
20405 145
20405 146
20405 147
20405 148
20405 149
20405 150
20405 151
20405 152
20405 153
20405 154
20405 155
20405 156
20405 157
20405 158
20405 159
20405 160
20405 161
20405 162
20405 163
20405 164
20405 165
20406 1
20406 3
20406 4
20406 7
20406 8
20406 11
20407 0
20407 1
20407 2
20407 3
20407 4
20407 5
20407 6
20407 7
20407 8
20407 9
20407 10
20407 11
20407 12
20407 13
20407 14
20407 15
20407 16
20407 17
20407 18
20407 19
20407 20
20407 21
20407 22
20407 23
20407 24
20407 25
20407 26
20407 27
20407 28
20407 29
20407 30
20407 31
20407 32
20407 33
20407 34
20407 35
20407 36
20407 37
20407 38
20407 39
20407 40
20407 41
20407 42
20407 43
20407 44
20407 45
20407 46
20407 47
20407 48
20407 49
20407 50
20407 51
20407 52
20407 53
20407 54
20407 55
20407 56
20407 57
20407 58
20407 59
20407 60
20407 61
20407 62
20407 63
20407 64
20407 65
20407 66
20407 68
20407 69
20407 70
20407 71
20407 72
20407 73
20407 74
20407 75
20407 76
20407 77
20407 78
20407 79
20407 80
20407 81
20407 82
20407 83
20407 84
20407 85
20407 86
20407 87
20407 88
20407 89
20407 90
20407 91
20407 92
20407 93
20407 94
20407 95
20407 96
20407 97
20407 98
20407 99
20407 100
20407 101
20407 102
20407 103
20407 105
20407 106
20407 107
20407 108
20407 109
20407 110
20407 111
20407 112
20407 113
20407 114
20407 115
20407 116
20407 117
20407 118
20407 119
20407 120
20407 121
20407 122
20407 123
20407 124
20407 125
20407 126
20407 127
20407 128
20407 129
20407 130
20407 131
20407 132
20407 133
20407 134
20407 135
20407 136
20407 137
20407 138
20407 139
20407 140
20407 141
20407 142
20407 143
20407 144
20407 145
20407 146
20407 147
20407 148
20407 149
20407 150
20407 151
20407 152
20407 153
20407 154
20407 155
20407 156
20407 157
20407 158
20407 159
20407 160
20407 161
20407 162
20407 163
20407 164
20407 165
20407 166
20407 167
20407 168
20407 169
20407 170
20407 171
20407 172
20407 173
20407 174
20407 175
20407 176
20407 177
20407 178
20407 179
20407 180
20407 181
20407 182
20407 183
20407 184
20407 185
20407 186
20407 187
20407 188
20407 189
20407 190
20407 191
20407 192
20407 193
20407 194
20407 195
20407 196
20407 197
20407 198
20407 199
20407 200
20407 201
20407 202
20407 203
20407 204
20407 205
20407 206
20407 207
20407 208
20407 209
20407 210
20407 211
20407 212
20407 213
20407 214
20407 215
20407 216
20407 217
20407 218
20407 219
20407 220
20407 221
20407 222
20407 223
20407 224
20407 225
20407 226
20407 227
20407 228
20407 229
20407 230
20407 231
20407 232
20407 233
20407 234
20407 235
20407 236
20407 237
20407 238
20407 239
20407 240
20407 241
20407 242
20407 243
20407 244
20407 245
20407 246
20407 247
20407 248
20407 249
20407 250
20407 251
20407 252
20407 253
20407 254
20407 255
20407 256
20407 257
20407 258
20407 259
20407 260
20407 262
20407 263
20407 264
20407 265
20407 266
20407 267
20407 268
20407 269
20407 270
20407 271
20407 272
20407 273
20407 274
20407 275
20407 276
20407 277
20407 278
20407 279
20407 280
20407 281
20407 282
20407 283
20407 284
20407 285
20407 286
20407 287
20407 288
20407 289
20407 290
20407 291
20407 292
20407 293
20407 294
20407 295
20407 296
20407 297
20407 298
20407 299
20407 300
20407 301
20407 302
20407 303
20407 304
20407 305
20407 306
20407 307
20407 308
20407 309
20407 310
20407 311
20407 312
20407 313
20407 314
20407 315
20407 316
20407 317
20407 318
20407 319
20407 320
20407 321
20407 322
20407 323
20407 324
20407 325
20407 326
20407 327
20407 328
20407 329
20407 330
20407 331
20407 332
20407 333
20408 0
20408 1
20408 2
20408 3
20408 4
20408 5
20408 6
20408 7
20408 8
20408 9
20408 10
20408 11
20408 12
20408 13
20408 14
20408 15
20408 16
20408 17
20408 18
20408 19
20408 20
20408 21
20408 22
20408 23
20408 24
20408 25
20408 26
20408 27
20408 28
20408 29
20408 30
20408 31
20408 32
20408 33
20408 34
20408 35
20408 36
20408 37
20408 38
20408 39
20408 40
20408 41
20408 42
20408 43
20408 44
20408 45
20408 46
20408 47
20408 48
20408 49
20408 50
20408 51
20408 52
20408 54
20408 55
20408 56
20408 57
20408 58
20408 59
20408 60
20408 61
20408 62
20408 63
20408 64
20408 65
20408 66
20408 67
20408 68
20408 69
20408 70
20408 71
20408 72
20408 73
20409 0
20409 1
20409 2
20409 3
20409 4
20409 5
20409 6
20409 7
20409 8
20409 9
20409 10
20409 11
20409 12
20409 13
20409 14
20409 15
20409 16
20409 17
20409 18
20409 19
20409 20
20409 21
20409 22
20409 23
20409 24
20409 25
20409 26
20409 27
20409 28
20409 29
20409 30
20409 31
20409 32
20409 33
20409 34
20409 35
20409 36
20409 37
20409 38
20409 39
20409 40
20409 41
20409 42
20409 43
20409 44
20409 45
20409 46
20409 47
20409 48
20409 49
20409 50
20409 51
20409 52
20409 53
20409 54
20409 55
20409 56
20409 57
20409 58
20409 59
20409 60
20409 61
20409 62
20409 63
20409 64
20409 65
20409 66
20409 67
20409 68
20409 69
20409 70
20409 71
20409 72
20409 73
20409 74
20409 75
20409 76
20409 77
20409 78
20409 79
20409 80
20409 81
20409 82
20409 83
20409 84
20409 85
20409 86
20409 87
20409 88
20409 89
20409 90
20409 91
20409 92
20409 93
20409 94
20409 95
20409 96
20409 97
20409 98
20409 99
20409 100
20409 101
20409 102
20409 103
20409 104
20409 106
20409 107
20409 108
20409 109
20409 110
20409 111
20409 112
20409 113
20409 114
20409 115
20409 116
20410 0
20410 1
20410 2
20410 3
20410 4
20410 5
20410 6
20410 7
20410 8
20410 9
20410 10
20410 11
20410 12
20410 13
20410 14
20410 15
20410 16
20410 17
20410 18
20410 19
20410 20
20410 21
20410 22
20410 23
20410 24
20410 25
20410 26
20410 27
20410 28
20410 29
20410 30
20410 31
20410 32
20410 33
20410 34
20410 35
20410 36
20410 37
20410 38
20410 39
20410 40
20410 41
20410 42
20410 43
20410 44
20410 45
20410 46
20410 47
20410 48
20410 49
20410 50
20410 51
20410 52
20410 53
20410 54
20410 55
20410 56
20410 57
20410 58
20413 0
20413 1
20413 2
20413 3
20413 4
20413 5
20413 6
20413 7
20413 8
20413 9
20413 10
20413 11
20413 12
20413 13
20413 14
20413 15
20413 17
20413 18
20413 19
20413 20
20413 21
20413 22
20414 0
20414 1
20414 2
20414 3
20414 4
20414 5
20414 6
20414 7
20414 8
20414 9
20414 10
20414 11
20414 13
20414 14
20414 15
20414 16
20414 17
20414 18
20414 19
20414 20
20414 21
20414 22
20414 23
20414 25
20414 26
20414 27
20414 28
20414 29
20414 30
20414 31
20414 32
20414 33
20414 34
20414 35
20414 36
20414 37
20414 38
20414 39
20414 40
20414 41
20414 42
20414 43
20414 44
20414 45
20414 46
20414 47
20414 48
20414 49
20414 50
20414 51
20414 52
20414 54
20414 55
20414 56
20414 57
20414 58
20414 59
20414 60
20414 61
20414 62
20414 63
20414 64
20414 65
20414 66
20414 67
20414 68
20414 69
20414 70
20414 71
20414 72
20414 73
20414 74
20414 75
20414 76
20414 77
20414 78
20414 79
20414 80
20414 81
20414 82
20414 83
20414 84
20414 85
20414 86
20414 87
20414 88
20414 90
20414 91
20414 92
20414 93
20414 94
20414 95
20414 96
20414 97
20414 98
20414 99
20414 100
20414 101
20414 102
20414 103
20414 104
20414 105
20414 106
20414 107
20414 108
20414 109
20414 110
20414 111
20414 112
20414 113
20414 114
20414 115
20414 116
20414 117
20414 118
20414 119
20414 120
20414 121
20414 122
20414 123
20414 125
20414 126
20414 127
20414 128
20414 129
20414 130
20414 131
20414 132
20414 133
20414 134
20414 135
20414 136
20414 137
20414 138
20414 139
20414 141
20414 142
20414 143
20414 144
20414 145
20414 146
20414 147
20414 148
20414 149
20414 150
20414 152
20414 153
20414 154
20414 156
20414 157
20414 158
20414 159
20414 160
20414 161
20414 162
20414 163
20414 164
20414 165
20414 166
20414 167
20414 168
20414 169
20414 170
20414 171
20414 172
20414 174
20414 175
20414 176
20414 177
20414 178
20414 179
20414 180
20414 182
20414 183
20414 184
20414 185
20414 186
20414 187
20414 188
20414 189
20414 190
20414 191
20414 192
20414 193
20414 194
20414 196
20414 197
20414 198
20414 199
20414 200
20414 201
20414 202
20414 203
20414 204
20414 205
20414 206
20416 0
20416 1
20416 2
20416 3
20416 4
20416 5
20416 6
20416 7
20416 8
20416 9
20416 10
20416 11
20416 12
20416 13
20416 14
20416 15
20416 16
20416 19
20416 20
20416 21
20416 22
20416 23
20416 24
20416 25
20416 26
20416 27
20416 28
20416 29
20416 30
20416 31
20416 32
20416 33
20416 34
20416 35
20416 36
20416 37
20416 38
20416 39
20417 0
20417 1
20417 2
20417 3
20417 4
20417 5
20417 6
20417 7
20417 8
20417 9
20417 10
20417 12
20417 13
20417 14
20417 15
20417 16
20417 17
20417 19
20417 20
20417 21
20417 22
20417 23
20417 24
20417 25
20417 26
20417 27
20417 28
20417 29
20417 30
20417 31
20417 32
20417 33
20417 34
20417 35
20417 36
20417 37
20417 38
20417 41
20417 42
20417 44
20417 46
20417 47
20417 48
20417 49
20417 50
20417 51
20417 52
20417 53
20417 54
20417 55
20417 56
20417 57
20417 58
20417 59
20417 60
20417 61
20417 62
20417 63
20417 64
20417 66
20417 67
20417 68
20417 69
20417 70
20417 71
20417 72
20417 74
20417 75
20417 76
20417 77
20417 79
20417 80
20417 81
20417 82
20417 83
20417 84
20417 85
20417 86
20417 87
20417 88
20417 90
20417 91
20417 92
20417 94
20417 95
20417 97
20417 98
20417 100
20417 101
20417 102
20417 103
20417 105
20417 106
20417 107
20417 108
20417 109
20417 110
20417 111
20417 112
20417 113
20417 114
20417 116
20417 117
20417 118
20417 119
20417 120
20417 121
20417 123
20417 124
20417 125
20417 126
20417 127
20417 128
20417 130
20417 131
20417 132
20417 133
20417 134
20417 135
20417 136
20417 137
20417 138
20417 139
20417 140
20417 141
20417 142
20417 143
20417 144
20417 146
20417 147
20417 148
20417 149
20417 150
20417 151
20417 152
20417 153
20417 154
20417 155
20417 156
20417 157
20417 158
20417 159
20417 160
20417 161
20417 162
20417 163
20417 165
20417 166
20417 167
20417 168
20417 169
20417 170
20417 171
20417 172
20417 173
20417 174
20417 175
20417 176
20417 177
20417 178
20417 179
20417 180
20417 181
20417 182
20417 183
20417 184
20417 185
20417 187
20417 188
20417 189
20417 190
20417 191
20417 192
20417 193
20417 194
20417 195
20417 196
20417 197
20417 198
20417 199
20417 201
20417 202
20417 203
20417 205
20417 206
20417 207
20417 208
20417 209
20417 210
20417 211
20417 212
20417 213
20417 214
20417 215
20417 216
20417 217
20417 218
20417 306
20417 307
20417 308
20417 310
20417 311
20417 312
20417 313
20417 314
20417 315
20417 316
20417 317
20417 318
20417 319
20417 320
20417 321
20417 322
20417 323
20417 324
20417 325
20417 326
20417 327
20417 330
20417 331
20417 332
20417 333
20417 334
20417 335
20417 336
20417 337
20417 338
20417 339
20417 340
20417 341
20417 342
20417 343
20417 344
20417 345
20417 346
20417 347
20417 348
20417 349
20417 350
20417 351
20417 352
20417 353
20417 354
20417 355
20417 356
20417 357
20417 358
20417 359
20417 360
20417 361
20417 362
20417 363
20417 364
20417 365
20417 367
20417 368
20417 369
20417 370
20417 371
20417 372
20417 373
20417 374
20417 376
20417 377
20417 379
20417 380
20417 381
20417 382
20417 383
20417 384
20417 385
20417 386
20418 0
20418 1
20418 2
20418 3
20418 4
20418 5
20418 6
20418 7
20418 8
20418 9
20418 10
20418 12
20418 13
20418 14
20418 15
20418 16
20418 17
20418 18
20418 19
20418 20
20418 21
20418 22
20418 23
20418 24
20418 25
20418 26
20418 27
20418 28
20418 29
20418 30
20418 31
20418 32
20418 33
20418 34
20418 35
20418 36
20418 37
20418 38
20418 39
20418 40
20418 41
20418 42
20418 43
20418 44
20418 46
20418 47
20418 48
20418 49
20418 50
20418 51
20418 52
20418 53
20418 54
20418 55
20418 56
20418 57
20418 58
20418 60
20418 61
20418 62
20418 63
20418 64
20418 65
20418 66
20418 67
20418 68
20418 70
20418 71
20418 72
20418 73
20418 74
20418 75
20418 76
20418 77
20418 78
20418 79
20418 80
20418 81
20418 82
20418 83
20418 84
20418 85
20418 86
20418 87
20418 89
20418 90
20418 91
20418 92
20418 93
20418 94
20418 96
20418 97
20418 98
20418 99
20418 100
20418 101
20418 102
20418 103
20418 104
20418 105
20418 106
20418 107
20418 109
20418 111
20418 112
20418 113
20418 114
20418 115
20418 116
20418 117
20418 118
20418 119
20418 120
20418 121
20418 122
20418 123
20418 124
20418 125
20418 126
20418 127
20418 128
20418 129
20418 130
20418 132
20418 133
20418 134
20418 135
20418 136
20418 137
20418 138
20418 139
20418 140
20418 141
20418 142
20418 143
20418 144
20418 145
20418 146
20418 147
20418 148
20418 149
20418 150
20418 151
20418 152
20418 153
20418 154
20418 155
20418 156
20418 158
20418 159
20418 160
20418 161
20418 163
20418 164
20418 165
20418 166
20418 167
20418 168
20418 169
20418 170
20418 171
20418 172
20418 173
20418 174
20418 175
20418 176
20418 177
20418 178
20418 179
20418 180
20418 181
20418 182
20418 183
20418 185
20418 186
20418 187
20418 188
20418 189
20418 190
20418 191
20418 192
20418 193
20418 195
20418 196
20418 197
20418 198
20418 199
20418 200
20418 201
20418 202
20418 203
20418 204
20418 205
20418 207
20418 208
20418 209
20418 210
20418 211
20418 212
20418 213
20418 214
20418 215
20418 216
20418 217
20418 218
20418 219
20418 220
20418 221
20418 222
20418 223
20418 224
20418 225
20418 226
20418 227
20418 228
20418 229
20418 230
20418 231
20418 232
20418 233
20418 234
20418 235
20418 236
20418 237
20418 238
20418 239
20418 240
20418 241
20418 242
20418 243
20418 244
20418 245
20418 248
20418 249
20418 250
20418 251
20418 252
20418 253
20418 254
20418 255
20418 256
20418 257
20418 258
20418 259
20418 260
20418 261
20418 262
20418 263
20418 264
20418 265
20418 266
20418 267
20418 268
20418 269
20418 270
20418 271
20418 272
20418 273
20418 274
20418 275
20418 276
20418 277
20419 0
20419 1
20419 3
20419 4
20419 5
20419 6
20419 7
20419 8
20419 9
20419 10
20419 11
20419 12
20419 13
20419 14
20419 15
20419 16
20419 17
20419 18
20419 19
20419 20
20419 21
20419 22
20419 23
20419 24
20419 25
20419 26
20419 27
20419 28
20419 29
20419 30
20419 31
20419 32
20419 33
20419 34
20419 35
20419 36
20419 37
20419 38
20419 39
20419 40
20419 41
20419 42
20419 43
20419 44
20419 45
20419 46
20419 47
20419 48
20419 49
20419 50
20419 51
20419 52
20419 53
20419 54
20419 55
20419 56
20419 57
20419 58
20419 59
20419 60
20419 61
20419 62
20419 63
20419 64
20419 65
20419 66
20419 67
20419 68
20419 69
20419 70
20419 71
20419 72
20419 73
20419 74
20419 75
20419 76
20419 77
20419 78
20419 79
20419 80
20419 81
20419 82
20419 83
20419 84
20419 85
20419 86
20419 87
20419 88
20419 89
20419 90
20419 91
20419 92
20419 93
20419 94
20419 95
20419 96
20419 97
20419 98
20419 99
20419 100
20419 101
20419 102
20419 103
20419 104
20419 105
20419 106
20419 107
20419 108
20419 109
20419 110
20419 111
20419 112
20419 113
20419 114
20419 115
20419 116
20419 117
20419 118
20419 119
20419 120
20419 121
20419 122
20419 123
20419 124
20419 125
20419 126
20419 127
20419 128
20419 129
20419 130
20419 131
20419 132
20419 133
20419 134
20419 135
20419 136
20419 137
20419 138
20419 139
20419 140
20419 141
20419 142
20419 143
20419 144
20419 145
20419 146
20420 0
20420 1
20420 2
20420 3
20420 4
20420 5
20420 6
20420 7
20420 8
20420 9
20420 10
20420 11
20420 12
20420 13
20420 14
20420 15
20420 16
20420 17
20420 18
20420 19
20420 20
20420 21
20420 22
20420 23
20420 24
20420 25
20420 26
20420 27
20420 28
20420 29
20420 30
20420 31
20420 32
20420 33
20420 34
20420 35
20420 36
20420 37
20420 38
20420 39
20420 40
20420 41
20420 42
20420 43
20420 44
20420 45
20420 46
20420 47
20420 48
20420 49
20420 50
20420 51
20420 52
20420 53
20420 54
20420 55
20420 56
20420 57
20421 0
20421 1
20421 2
20421 3
20421 4
20421 5
20421 6
20421 7
20421 8
20421 9
20421 10
20421 11
20421 12
20421 13
20421 14
20421 15
20421 16
20421 17
20421 18
20421 19
20421 20
20421 21
20421 22
20421 23
20421 24
20421 25
20421 26
20421 27
20421 28
20421 29
20421 30
20421 31
20421 32
20421 33
20421 34
20423 0
20423 1
20423 2
20423 3
20423 4
20423 5
20423 6
20423 7
20423 8
20423 9
20423 10
20423 11
20423 12
20423 13
20423 14
20423 15
20423 16
20423 18
20423 19
20423 20
20423 21
20423 22
20423 23
20423 24
20423 25
20423 26
20423 27
20423 28
20423 29
20423 30
20423 31
20423 32
20423 33
20423 34
20423 36
20423 37
20423 38
20423 39
20423 40
20423 42
20423 43
20423 44
20423 45
20423 46
20423 47
20423 48
20423 49
20423 50
20423 51
20423 52
20423 53
20423 54
20423 55
20423 56
20423 57
20423 58
20423 59
20423 60
20423 61
20423 62
20423 63
20423 64
20423 66
20423 67
20423 68
20423 69
20423 70
20423 71
20423 72
20423 73
20423 74
20423 75
20423 76
20423 77
20423 78
20423 79
20423 80
20423 81
20423 82
20423 83
20423 84
20423 85
20423 86
20423 87
20423 88
20423 89
20423 90
20423 91
20423 92
20423 93
20423 94
20423 95
20423 96
20423 97
20423 98
20423 99
20423 100
20423 101
20423 102
20423 103
20423 104
20423 105
20423 106
20423 107
20423 108
20423 109
20423 110
20423 111
20423 112
20423 113
20423 114
20423 115
20423 116
20423 117
20423 118
20423 119
20423 120
20423 121
20423 122
20423 123
20423 124
20423 125
20423 126
20423 127
20423 128
20423 129
20423 130
20423 131
20423 132
20423 133
20423 134
20423 135
20423 136
20423 137
20423 138
20423 139
20423 140
20423 141
20423 142
20423 143
20423 144
20423 145
20423 146
20423 147
20423 148
20423 149
20423 150
20423 151
20423 152
20423 153
20423 154
20423 155
20423 156
20423 157
20423 158
20423 159
20423 160
20423 161
20423 162
20423 163
20423 164
20423 165
20423 166
20423 167
20423 168
20423 169
20423 170
20423 171
20423 172
20423 173
20423 174
20423 175
20423 176
20423 177
20423 178
20423 179
20423 180
20423 181
20423 182
20423 183
20423 184
20423 186
20423 187
20423 188
20423 189
20423 190
20423 191
20423 192
20423 193
20423 194
20423 195
20423 196
20423 197
20423 198
20423 199
20423 200
20423 201
20423 202
20423 203
20423 204
20423 205
20423 206
20423 207
20423 208
20423 209
20423 210
20423 211
20423 212
20423 213
20423 214
20423 215
20423 216
20423 217
20423 218
20423 219
20423 220
20423 221
20423 222
20423 223
20423 224
20423 225
20423 226
20423 227
20423 228
20423 229
20423 230
20423 231
20423 232
20423 233
20423 234
20423 235
20423 236
20423 237
20423 238
20423 239
20423 240
20423 241
20423 242
20423 244
20423 245
20423 246
20423 248
20423 249
20423 250
20423 251
20423 252
20423 253
20423 254
20423 255
20423 256
20423 257
20423 258
20423 259
20423 260
20423 261
20423 262
20423 263
20423 264
20423 265
20423 266
20423 267
20423 268
20423 269
20423 270
20423 271
20423 272
20423 273
20423 274
20423 275
20423 276
20423 277
20423 278
20423 279
20423 280
20423 281
20423 282
20423 283
20423 284
20423 285
20423 286
20423 287
20423 288
20423 289
20423 290
20423 291
20423 292
20423 293
20423 294
20423 295
20423 296
20423 297
20423 298
20423 299
20423 300
20423 302
20423 303
20423 304
20423 305
20423 306
20423 307
20423 308
20423 309
20423 310
20423 311
20423 312
20423 313
20423 314
20423 315
20423 316
20423 317
20423 318
20423 319
20423 320
20423 321
20423 322
20423 323
20423 324
20423 325
20423 326
20423 327
20423 328
20423 329
20423 330
20423 331
20423 332
20423 333
20423 334
20423 335
20423 336
20423 337
20423 338
20423 339
20423 340
20423 341
20423 342
20423 343
20423 344
20423 345
20423 346
20423 347
20423 348
20423 349
20423 350
20423 351
20423 352
20423 353
20423 354
20423 355
20423 356
20423 357
20423 358
20423 359
20423 360
20423 361
20423 362
20423 363
20423 364
20423 366
20423 367
20423 368
20423 369
20423 370
20423 371
20423 372
20423 373
20423 374
20423 375
20423 376
20423 377
20423 379
20423 380
20423 381
20423 382
20423 383
20423 384
20423 385
20423 386
20423 387
20423 388
20423 389
20423 390
20423 391
20423 392
20423 393
20423 394
20423 395
20423 396
20423 397
20423 398
20423 399
20423 400
20423 401
20423 402
20423 403
20423 404
20423 405
20423 406
20423 407
20423 408
20423 409
20423 410
20423 411
20423 412
20423 413
20423 415
20423 416
20423 417
20423 418
20423 419
20423 420
20423 421
20423 422
20423 423
20423 424
20423 425
20423 426
20423 427
20423 428
20423 429
20423 430
20423 431
20423 432
20423 433
20423 434
20423 435
20423 436
20423 437
20423 438
20423 439
20423 440
20423 441
20423 442
20423 443
20423 444
20423 445
20423 446
20423 447
20423 448
20423 449
20423 450
20423 451
20423 452
20423 453
20423 454
20423 455
20423 456
20423 457
20423 458
20423 459
20423 460
20423 461
20423 462
20423 463
20423 464
20423 465
20423 466
20423 467
20423 468
20423 474
20423 475
20423 476
20423 478
20423 479
20423 480
20423 481
20423 482
20423 483
20423 484
20423 485
20423 486
20423 487
20423 488
20423 489
20423 490
20423 491
20423 492
20423 493
20423 494
20423 495
20423 496
20423 497
20423 498
20423 499
20423 500
20423 501
20423 502
20423 503
20423 504
20423 505
20423 506
20423 507
20423 508
20423 509
20423 510
20423 511
20423 512
20423 513
20423 514
20423 515
20423 517
20423 518
20423 519
20423 520
20423 521
20423 522
20423 523
20423 524
20423 525
20423 526
20423 527
20423 528
20423 529
20423 530
20423 531
20423 532
20423 533
20423 534
20423 535
20423 536
20423 537
20423 538
20423 539
20423 540
20423 541
20423 542
20423 543
20423 544
20423 545
20423 546
20423 547
20423 548
20423 549
20423 550
20423 551
20423 552
20423 553
20423 554
20423 555
20423 556
20423 557
20423 558
20423 559
20423 560
20423 561
20423 562
20423 563
20423 564
20423 565
20423 566
20423 567
20423 568
20423 569
20423 570
20423 571
20423 572
20423 573
20423 574
20423 575
20423 576
20423 577
20423 578
20424 0
20424 1
20424 2
20424 3
20424 4
20424 5
20424 6
20424 8
20424 9
20424 10
20424 11
20424 12
20424 14
20424 15
20424 16
20424 17
20424 19
20424 20
20424 21
20424 22
20424 23
20424 24
20424 25
20424 26
20424 27
20424 28
20424 29
20424 31
20424 32
20424 33
20424 34
20424 35
20424 37
20424 38
20424 39
20424 40
20424 41
20424 42
20424 43
20424 44
20424 45
20424 46
20424 47
20424 48
20424 49
20424 50
20424 51
20424 52
20424 53
20424 54
20424 55
20424 56
20424 57
20424 58
20424 59
20424 60
20424 61
20424 62
20424 63
20424 64
20424 65
20424 66
20424 67
20424 68
20424 69
20424 70
20424 71
20424 72
20424 74
20424 75
20424 78
20424 79
20424 80
20424 81
20424 82
20424 83
20424 84
20424 85
20424 86
20424 87
20424 88
20424 89
20424 90
20424 91
20424 92
20424 93
20424 94
20424 95
20424 96
20424 97
20424 98
20424 99
20424 100
20424 102
20424 103
20424 104
20424 105
20424 106
20424 107
20424 108
20424 109
20424 110
20424 111
20424 112
20424 113
20424 114
20424 115
20424 116
20424 117
20424 119
20424 120
20424 121
20424 122
20424 123
20424 124
20424 126
20424 127
20424 128
20424 129
20424 130
20424 131
20424 132
20424 133
20424 134
20424 135
20424 136
20424 137
20424 138
20424 140
20424 141
20424 142
20424 143
20424 144
20424 145
20424 146
20424 147
20424 148
20424 149
20424 150
20424 151
20424 152
20424 153
20424 154
20424 155
20424 156
20424 157
20424 158
20424 159
20424 160
20424 161
20424 162
20424 164
20424 165
20424 166
20424 167
20424 168
20424 169
20424 170
20424 171
20424 172
20424 173
20424 174
20424 175
20424 176
20424 177
20424 178
20424 179
20424 181
20424 182
20424 183
20424 184
20424 185
20424 186
20424 187
20424 188
20424 189
20424 190
20424 191
20424 192
20424 193
20424 194
20424 195
20424 196
20424 197
20424 198
20424 199
20424 200
20424 201
20424 202
20424 203
20424 204
20424 205
20424 206
20424 207
20424 208
20424 209
20424 210
20424 211
20424 212
20424 214
20424 215
20424 216
20424 217
20424 218
20424 219
20424 220
20424 221
20424 222
20424 224
20424 225
20424 227
20424 228
20424 229
20424 230
20424 231
20424 232
20424 233
20424 234
20424 235
20424 236
20424 237
20424 238
20424 239
20424 240
20424 241
20424 242
20424 243
20424 244
20424 245
20424 246
20424 247
20424 248
20424 249
20424 250
20424 251
20424 252
20424 253
20424 254
20424 255
20424 256
20424 257
20424 258
20424 259
20424 260
20424 261
20424 263
20424 264
20424 265
20424 266
20424 267
20424 268
20424 269
20424 270
20424 271
20424 272
20424 273
20424 274
20424 276
20424 277
20424 278
20424 279
20424 280
20424 281
20424 282
20424 283
20424 284
20424 285
20424 286
20424 287
20424 288
20424 289
20424 290
20424 291
20424 292
20424 293
20424 294
20424 295
20424 296
20424 297
20424 298
20424 299
20424 300
20424 301
20424 302
20424 304
20424 305
20424 306
20424 307
20424 308
20424 309
20424 310
20424 311
20424 312
20424 313
20424 314
20424 315
20424 316
20424 317
20424 318
20424 319
20424 320
20424 321
20424 322
20424 324
20424 326
20424 333
20424 334
20424 335
20424 336
20424 337
20424 338
20424 339
20424 340
20424 341
20424 342
20424 343
20424 345
20424 346
20424 347
20424 348
20424 349
20424 350
20424 352
20424 353
20424 354
20424 355
20424 356
20424 357
20424 358
20424 359
20424 360
20424 361
20424 362
20424 363
20424 364
20424 365
20424 366
20424 367
20424 368
20424 369
20424 370
20424 371
20424 372
20424 373
20424 374
20424 375
20424 376
20424 377
20424 378
20424 379
20424 380
20424 381
20424 383
20424 384
20424 385
20424 386
20424 387
20424 388
20424 389
20424 390
20424 391
20424 392
20424 393
20424 394
20424 395
20424 396
20424 397
20424 398
20424 399
20424 400
20424 401
20424 402
20424 403
20424 404
20424 405
20424 406
20424 407
20424 408
20424 411
20424 412
20424 413
20424 414
20424 415
20424 416
20424 417
20424 418
20424 419
20424 420
20424 421
20424 422
20424 423
20424 424
20424 425
20424 426
20424 427
20424 428
20424 429
20424 430
20424 431
20424 433
20424 434
20424 436
20424 437
20424 438
20424 439
20424 440
20424 441
20424 442
20424 443
20424 444
20424 445
20424 446
20424 447
20424 448
20424 449
20424 450
20424 451
20424 452
20424 453
20424 454
20424 455
20424 456
20424 457
20424 458
20424 459
20424 460
20424 461
20424 463
20424 464
20424 465
20424 466
20424 467
20424 468
20424 469
20424 470
20424 471
20424 472
20424 473
20424 474
20424 475
20424 476
20424 477
20424 478
20424 479
20424 480
20424 481
20424 482
20424 483
20424 484
20424 485
20424 486
20424 487
20424 488
20424 489
20424 490
20424 491
20424 492
20424 493
20424 494
20424 495
20424 496
20424 497
20424 498
20424 499
20424 500
20424 501
20424 502
20424 503
20424 504
20424 505
20424 506
20424 507
20424 508
20424 509
20424 510
20424 511
20424 512
20424 513
20424 514
20424 515
20424 516
20424 517
20424 518
20424 519
20424 520
20424 521
20424 522
20424 523
20424 524
20424 525
20424 526
20424 527
20424 528
20424 529
20424 531
20424 532
20424 533
20424 534
20424 535
20424 536
20424 537
20424 538
20424 539
20424 540
20424 541
20424 542
20424 544
20424 545
20424 546
20424 547
20424 548
20424 549
20424 550
20424 551
20424 552
20424 553
20424 554
20424 555
20424 556
20424 557
20424 558
20424 559
20424 560
20424 561
20424 562
20424 563
20424 564
20424 565
20424 566
20424 567
20424 569
20424 570
20424 571
20424 572
20424 573
20424 574
20424 576
20424 577
20424 578
20424 579
20424 580
20424 581
20424 584
20425 0
20425 1
20425 2
20425 3
20425 4
20425 5
20425 6
20425 7
20425 8
20425 9
20425 10
20425 11
20425 12
20425 13
20425 14
20425 15
20425 16
20425 17
20425 18
20425 19
20425 20
20425 21
20425 22
20425 23
20425 24
20425 25
20425 26
20425 27
20425 28
20425 29
20425 30
20425 31
20425 32
20425 33
20425 34
20425 35
20425 36
20425 37
20425 38
20425 39
20425 40
20425 41
20425 42
20425 43
20425 44
20425 45
20425 48
20425 49
20425 50
20425 51
20425 52
20425 53
20425 54
20425 55
20425 56
20425 57
20425 58
20425 59
20425 60
20425 61
20425 62
20425 63
20425 64
20425 65
20425 66
20425 67
20425 68
20425 69
20425 70
20425 71
20425 72
20425 73
20425 74
20425 75
20425 76
20425 77
20425 78
20425 79
20425 80
20425 81
20425 82
20425 83
20425 84
20425 85
20425 86
20425 87
20425 88
20425 89
20425 90
20425 91
20425 92
20425 93
20425 94
20425 95
20425 96
20425 97
20425 98
20425 99
20425 100
20425 101
20425 102
20425 103
20425 104
20425 105
20425 106
20425 107
20425 108
20425 109
20425 110
20425 111
20425 112
20425 113
20425 114
20425 115
20425 116
20425 117
20425 118
20425 119
20426 0
20426 1
20426 2
20426 3
20426 4
20426 5
20426 6
20426 7
20426 8
20426 9
20426 10
20426 11
20426 12
20426 13
20426 14
20426 15
20426 16
20426 17
20426 18
20426 19
20426 20
20426 21
20426 22
20426 23
20426 24
20426 25
20426 26
20426 27
20426 28
20426 29
20426 30
20426 31
20426 32
20426 33
20426 34
20426 35
20426 36
20426 37
20426 38
20426 39
20426 40
20426 41
20426 42
20426 43
20426 44
20426 45
20426 46
20426 47
20426 48
20426 49
20426 50
20426 51
20426 52
20426 53
20426 54
20426 55
20426 56
20426 57
20426 58
20426 59
20426 60
20426 61
20426 62
20426 63
20426 64
20426 65
20426 66
20426 67
20426 68
20426 69
20426 70
20426 71
20426 72
20426 73
20426 74
20426 75
20426 76
20426 77
20426 78
20426 79
20426 80
20426 81
20426 82
20426 83
20426 84
20426 85
20426 86
20426 87
20426 88
20426 89
20426 90
20426 91
20426 92
20426 93
20426 94
20426 95
20426 96
20426 97
20426 98
20426 99
20426 100
20426 101
20426 102
20426 103
20426 104
20426 105
20426 106
20426 107
20426 108
20426 109
20426 110
20426 111
20426 112
20426 113
20426 114
20426 115
20426 116
20426 117
20426 118
20426 119
20426 120
20426 121
20426 122
20426 123
20426 124
20426 125
20426 126
20426 127
20426 128
20426 129
20426 130
20426 131
20426 132
20426 133
20426 134
20426 135
20426 136
20426 137
20426 138
20426 139
20426 140
20426 141
20426 142
20426 143
20426 144
20426 145
20426 146
20426 147
20426 148
20426 149
20426 150
20426 151
20426 152
20426 153
20426 154
20426 155
20426 156
20426 157
20426 158
20426 159
20426 160
20426 161
20426 162
20426 163
20426 164
20426 165
20426 166
20426 167
20426 168
20426 169
20426 170
20426 171
20426 172
20426 173
20426 174
20426 175
20426 176
20426 177
20426 178
20426 179
20426 180
20426 181
20426 182
20426 183
20426 184
20426 185
20426 186
20426 187
20426 188
20426 189
20426 190
20426 191
20426 192
20426 193
20426 194
20426 195
20426 196
20426 197
20426 198
20426 199
20426 200
20426 201
20426 202
20426 203
20426 204
20426 205
20426 206
20426 207
20426 208
20426 209
20426 210
20426 211
20426 212
20426 213
20426 214
20426 215
20426 216
20427 0
20427 1
20427 2
20427 3
20427 4
20427 5
20427 6
20427 7
20427 8
20427 9
20427 10
20427 11
20427 12
20427 13
20427 14
20427 15
20427 16
20427 17
20427 18
20427 19
20427 20
20427 21
20427 22
20427 23
20427 24
20427 25
20427 26
20427 27
20427 28
20427 29
20427 30
20427 31
20427 32
20427 33
20427 34
20427 35
20427 36
20427 37
20427 38
20427 39
20427 40
20427 41
20428 0
20428 1
20428 2
20428 3
20428 4
20428 5
20428 6
20428 7
20428 8
20428 9
20428 10
20428 11
20428 12
20428 13
20428 14
20428 15
20428 16
20428 17
20428 18
20428 19
20428 21
20428 22
20428 23
20428 24
20428 25
20428 26
20428 27
20428 28
20428 29
20428 30
20428 31
20428 33
20428 34
20428 35
20428 36
20428 37
20428 38
20428 39
20428 40
20428 41
20428 42
20428 43
20428 45
20428 46
20428 47
20428 48
20428 49
20428 50
20428 51
20428 52
20428 54
20428 55
20428 56
20428 57
20428 58
20428 59
20428 60
20428 61
20428 62
20428 63
20428 64
20428 65
20428 66
20428 67
20428 68
20428 70
20428 71
20428 72
20428 73
20428 74
20428 75
20428 76
20428 77
20428 78
20428 79
20428 81
20428 82
20428 83
20428 84
20428 85
20428 86
20428 87
20428 88
20428 89
20428 90
20428 91
20428 92
20428 93
20428 94
20428 95
20428 96
20428 97
20428 99
20428 100
20428 101
20428 102
20428 103
20428 104
20428 105
20428 106
20428 107
20428 108
20428 109
20428 110
20428 112
20428 113
20428 114
20428 115
20428 116
20428 117
20428 118
20428 119
20428 120
20428 122
20428 123
20428 125
20428 126
20428 127
20428 128
20428 129
20428 130
20428 132
20428 133
20428 134
20428 135
20428 137
20428 139
20428 140
20428 141
20428 142
20428 143
20428 144
20428 145
20428 146
20428 147
20428 148
20428 150
20428 151
20428 152
20428 153
20428 154
20428 156
20428 157
20428 158
20428 161
20428 162
20428 163
20428 164
20428 165
20428 166
20428 167
20428 169
20428 170
20428 172
20428 173
20428 174
20428 175
20428 176
20428 177
20428 178
20428 179
20428 180
20428 181
20428 182
20428 183
20428 184
20428 185
20428 186
20428 187
20428 188
20428 190
20428 191
20428 192
20428 194
20428 195
20428 196
20428 197
20428 198
20428 199
20428 200
20428 201
20428 202
20428 203
20428 204
20428 206
20428 207
20428 208
20428 210
20428 211
20428 212
20428 213
20428 214
20428 215
20428 216
20428 217
20428 218
20428 219
20428 220
20428 221
20428 222
20428 223
20428 224
20428 225
20428 226
20428 227
20428 228
20428 229
20428 230
20428 231
20428 232
20428 233
20428 234
20428 235
20428 236
20428 237
20429 0
20429 2
20429 3
20429 4
20429 5
20429 6
20429 8
20429 9
20429 10
20429 11
20429 12
20429 13
20429 15
20429 16
20429 17
20429 18
20429 19
20429 20
20429 21
20429 22
20429 23
20429 24
20429 25
20429 26
20429 27
20429 28
20429 29
20429 30
20429 31
20429 32
20429 33
20429 34
20429 35
20429 36
20429 37
20429 38
20429 39
20429 40
20429 41
20429 42
20429 43
20429 44
20429 45
20429 47
20429 48
20429 49
20429 50
20429 51
20429 52
20429 53
20429 54
20429 55
20429 56
20429 57
20429 58
20429 59
20429 60
20429 61
20429 62
20429 63
20429 66
20429 67
20429 68
20429 69
20429 70
20429 71
20429 72
20429 73
20429 74
20429 77
20429 78
20429 79
20429 80
20429 81
20429 82
20429 83
20429 84
20429 85
20429 86
20429 87
20429 88
20429 89
20429 90
20429 91
20429 92
20429 93
20429 95
20429 96
20429 97
20429 98
20429 99
20429 100
20429 101
20429 102
20429 103
20429 104
20429 105
20429 106
20429 107
20429 108
20429 109
20429 110
20429 111
20429 112
20429 113
20429 114
20429 115
20429 116
20429 117
20429 118
20429 122
20429 123
20429 124
20429 125
20429 126
20429 127
20429 128
20429 129
20429 130
20429 131
20429 132
20429 133
20429 134
20429 135
20429 136
20429 138
20429 139
20429 140
20429 141
20429 142
20429 143
20429 145
20429 146
20429 147
20429 148
20429 149
20429 150
20429 151
20429 152
20429 153
20429 154
20429 155
20429 156
20429 157
20429 158
20429 159
20429 160
20429 161
20429 163
20429 164
20429 165
20429 166
20429 167
20429 168
20429 169
20429 170
20429 171
20429 172
20429 173
20429 174
20429 175
20429 176
20429 177
20429 178
20429 179
20429 180
20429 181
20429 182
20429 183
20429 184
20429 185
20429 186
20429 188
20429 189
20429 190
20429 191
20429 192
20429 193
20429 195
20429 197
20429 198
20429 199
20429 200
20429 201
20429 202
20429 203
20429 204
20429 205
20429 206
20429 207
20429 208
20429 209
20429 210
20429 211
20429 212
20429 213
20429 214
20429 215
20429 216
20429 217
20429 218
20429 219
20429 220
20429 221
20429 223
20429 225
20429 226
20429 227
20429 228
20429 229
20429 230
20429 231
20429 232
20429 233
20429 234
20429 235
20429 236
20429 237
20429 238
20429 239
20429 240
20429 241
20429 242
20429 243
20429 244
20429 245
20429 246
20429 247
20429 248
20429 249
20429 250
20429 251
20429 253
20429 254
20429 255
20429 256
20429 258
20429 259
20429 260
20429 261
20429 262
20429 264
20429 265
20429 266
20429 267
20429 268
20429 269
20429 270
20429 272
20429 273
20429 274
20429 275
20429 276
20429 277
20429 278
20429 279
20429 280
20429 281
20429 282
20429 283
20429 284
20429 285
20429 286
20429 287
20429 288
20429 289
20429 290
20429 291
20429 292
20429 293
20429 294
20429 295
20429 296
20429 297
20429 299
20429 300
20429 301
20429 302
20429 303
20429 304
20429 305
20429 306
20429 307
20429 308
20429 309
20429 310
20429 311
20429 312
20429 313
20429 314
20429 315
20429 316
20429 317
20429 318
20429 319
20429 320
20429 321
20429 322
20429 323
20429 324
20429 325
20429 326
20429 327
20429 328
20429 330
20429 331
20429 332
20429 333
20429 334
20429 335
20429 336
20429 337
20429 338
20429 339
20429 340
20429 341
20429 342
20429 343
20429 344
20429 345
20429 346
20429 347
20429 348
20429 349
20429 350
20429 351
20429 352
20429 353
20429 354
20429 355
20429 356
20429 357
20429 358
20429 359
20429 360
20429 361
20429 362
20429 363
20429 364
20429 365
20429 366
20429 367
20429 368
20429 369
20429 370
20429 371
20429 372
20429 374
20429 375
20429 377
20429 378
20429 379
20429 381
20429 382
20429 384
20429 385
20429 386
20429 387
20429 388
20429 389
20429 390
20429 391
20429 392
20429 393
20429 394
20429 395
20429 396
20429 398
20429 399
20429 400
20429 401
20429 402
20429 403
20429 404
20429 405
20429 406
20429 407
20429 408
20429 409
20429 410
20429 411
20429 412
20429 413
20429 414
20429 415
20429 416
20429 417
20429 420
20429 421
20429 422
20429 423
20429 424
20429 425
20429 426
20429 427
20429 428
20429 429
20429 430
20429 431
20429 432
20429 433
20429 434
20429 435
20429 436
20429 437
20429 439
20429 440
20429 441
20429 443
20429 444
20429 445
20429 446
20429 447
20429 448
20429 449
20429 450
20429 451
20429 452
20429 453
20429 454
20429 455
20429 456
20429 457
20429 458
20429 459
20429 460
20429 461
20429 462
20429 463
20429 464
20429 465
20429 466
20429 467
20429 468
20429 469
20429 471
20429 472
20429 473
20429 474
20429 475
20429 476
20429 477
20429 478
20429 479
20429 480
20429 481
20429 482
20429 483
20429 484
20429 485
20429 486
20429 487
20429 488
20429 489
20429 490
20429 491
20429 492
20429 493
20429 494
20429 495
20429 496
20429 497
20429 498
20429 499
20429 501
20429 503
20429 504
20429 505
20429 506
20429 507
20429 508
20429 509
20429 510
20429 511
20429 512
20429 513
20429 515
20429 516
20429 517
20429 518
20429 519
20429 520
20429 521
20429 522
20429 524
20429 525
20429 526
20429 527
20429 528
20429 529
20429 530
20429 531
20429 532
20429 533
20429 534
20429 535
20429 536
20429 537
20429 538
20429 539
20429 540
20429 541
20429 542
20429 543
20429 544
20429 545
20429 546
20429 547
20429 549
20429 550
20429 551
20429 552
20429 553
20429 554
20429 555
20429 556
20429 557
20429 558
20429 559
20429 560
20429 561
20429 562
20429 563
20429 565
20429 566
20429 567
20429 568
20429 569
20429 571
20429 572
20429 573
20429 574
20429 575
20429 576
20429 578
20429 579
20429 580
20429 581
20430 0
20430 1
20430 3
20430 4
20430 6
20430 7
20430 9
20430 10
20430 11
20430 12
20430 13
20430 14
20430 15
20430 16
20430 17
20430 18
20430 20
20430 21
20430 22
20430 23
20430 24
20430 25
20430 26
20430 27
20430 28
20430 29
20430 32
20430 33
20430 34
20430 35
20430 38
20430 39
20430 40
20430 43
20430 44
20430 45
20430 46
20430 47
20430 48
20430 51
20430 52
20430 53
20430 54
20430 55
20430 58
20430 59
20430 60
20430 62
20430 63
20430 65
20430 66
20430 67
20430 68
20430 69
20430 71
20430 72
20430 73
20430 74
20430 76
20430 77
20430 78
20430 79
20430 80
20430 81
20430 84
20430 85
20430 87
20430 89
20430 90
20430 91
20430 92
20430 93
20430 94
20430 95
20430 96
20430 97
20430 98
20430 99
20430 100
20430 101
20430 102
20430 104
20430 105
20430 106
20430 107
20430 108
20430 109
20430 110
20430 111
20430 112
20430 113
20430 115
20430 116
20430 117
20430 118
20430 119
20430 120
20430 121
20430 122
20430 123
20430 124
20430 126
20430 127
20430 128
20430 130
20430 131
20430 132
20430 133
20430 134
20430 135
20430 136
20430 137
20430 138
20430 140
20430 141
20430 142
20430 143
20430 144
20430 145
20430 146
20430 147
20431 0
20431 1
20431 2
20431 3
20431 4
20431 5
20431 6
20431 7
20431 8
20431 10
20431 12
20431 14
20431 15
20431 16
20431 17
20431 18
20431 20
20431 21
20431 22
20431 23
20431 24
20431 25
20431 27
20431 28
20431 29
20431 30
20431 31
20431 32
20431 33
20431 34
20431 35
20431 36
20431 37
20431 38
20431 39
20431 40
20431 41
20431 42
20431 43
20431 45
20431 46
20431 47
20431 48
20431 49
20431 51
20431 52
20431 54
20431 55
20431 56
20431 57
20431 59
20431 60
20431 61
20431 62
20431 63
20433 0
20433 1
20433 2
20433 3
20433 4
20433 6
20433 7
20433 8
20433 9
20433 11
20433 12
20433 13
20433 14
20433 15
20433 16
20433 17
20433 18
20433 19
20433 20
20433 21
20433 22
20433 23
20433 26
20433 27
20433 28
20433 29
20433 30
20433 33
20433 34
20433 35
20433 36
20433 37
20433 38
20433 40
20433 41
20433 42
20433 43
20433 44
20433 45
20433 46
20433 47
20433 48
20433 49
20433 50
20433 51
20433 53
20433 55
20433 56
20433 57
20433 58
20433 59
20433 60
20433 61
20433 62
20433 64
20433 65
20433 66
20433 67
20433 68
20433 69
20433 70
20433 71
20433 72
20433 73
20433 74
20433 75
20433 76
20433 77
20433 78
20433 79
20433 80
20433 81
20433 82
20433 83
20433 84
20433 85
20433 86
20433 87
20433 88
20433 90
20433 91
20433 93
20433 95
20433 96
20433 97
20433 98
20433 99
20433 100
20433 101
20433 102
20433 103
20433 104
20433 105
20433 106
20433 107
20433 108
20433 109
20433 110
20433 111
20433 112
20433 113
20433 114
20433 115
20433 116
20433 117
20433 119
20433 120
20433 122
20433 124
20433 125
20433 126
20433 127
20433 128
20433 129
20433 130
20433 131
20433 132
20433 133
20433 134
20433 135
20433 136
20433 137
20433 139
20433 140
20433 141
20433 142
20433 143
20433 144
20433 145
20433 146
20433 147
20433 148
20433 149
20433 151
20433 152
20435 0
20435 1
20435 2
20435 3
20435 4
20435 5
20435 6
20435 7
20435 9
20435 10
20435 11
20435 12
20435 13
20435 14
20435 15
20435 16
20435 17
20435 18
20435 19
20435 20
20435 21
20435 22
20435 23
20435 24
20435 25
20435 26
20435 27
20435 28
20435 29
20435 30
20435 31
20435 32
20435 33
20435 34
20435 35
20435 36
20435 37
20435 38
20435 39
20435 40
20435 41
20435 42
20435 43
20435 44
20435 45
20435 46
20435 47
20435 48
20435 49
20435 50
20435 51
20435 52
20435 53
20435 54
20435 55
20435 56
20435 57
20435 58
20435 59
20435 60
20435 61
20435 62
20435 63
20435 64
20435 65
20435 66
20435 67
20435 68
20435 69
20435 70
20435 71
20435 72
20435 73
20435 74
20435 75
20435 76
20435 77
20435 78
20435 79
20435 80
20435 81
20435 82
20435 83
20435 84
20435 85
20435 86
20435 87
20435 88
20435 89
20435 90
20435 91
20435 92
20435 93
20435 94
20435 95
20435 96
20435 97
20435 98
20435 99
20435 100
20435 101
20435 102
20435 103
20435 104
20435 105
20435 106
20435 107
20435 108
20435 109
20435 110
20435 111
20435 112
20435 113
20435 114
20435 115
20435 116
20435 117
20435 118
20435 119
20435 120
20436 0
20436 1
20436 2
20436 3
20436 4
20436 5
20436 6
20436 8
20436 9
20436 10
20436 11
20436 12
20436 13
20436 14
20436 15
20436 16
20436 17
20436 18
20436 19
20436 20
20436 21
20436 22
20436 23
20436 24
20436 25
20436 26
20436 27
20436 28
20436 30
20436 31
20436 32
20436 33
20436 34
20436 35
20436 36
20436 37
20436 38
20436 39
20436 40
20436 41
20436 42
20436 43
20436 44
20436 45
20436 46
20436 47
20436 48
20436 49
20436 50
20436 51
20436 52
20436 53
20436 54
20436 55
20436 56
20436 57
20436 58
20436 59
20436 60
20436 61
20436 62
20436 63
20436 64
20436 65
20436 66
20436 67
20436 68
20436 69
20436 70
20436 72
20436 73
20436 74
20436 75
20436 76
20436 77
20436 78
20436 79
20436 80
20436 82
20436 83
20436 84
20436 85
20436 86
20436 87
20436 88
20436 89
20436 90
20436 91
20436 92
20436 93
20436 94
20436 95
20436 96
20436 97
20436 98
20436 99
20436 100
20436 101
20436 102
20436 103
20436 104
20436 105
20436 107
20436 108
20436 109
20436 110
20436 111
20436 112
20436 113
20436 114
20436 115
20436 116
20436 118
20436 119
20436 120
20436 121
20436 122
20436 123
20436 124
20436 125
20436 126
20436 127
20436 128
20436 129
20436 130
20436 131
20436 132
20436 134
20436 135
20436 136
20436 137
20436 138
20436 139
20436 140
20436 141
20436 142
20436 143
20436 144
20436 145
20436 147
20436 148
20436 149
20436 150
20436 151
20436 152
20436 153
20436 154
20436 155
20436 156
20436 157
20436 158
20436 159
20436 160
20436 161
20436 162
20436 163
20436 164
20436 165
20436 166
20436 167
20436 168
20436 169
20436 170
20436 171
20436 172
20436 173
20436 174
20436 175
20436 176
20436 177
20436 178
20436 179
20436 180
20436 181
20436 182
20436 183
20436 184
20436 185
20436 186
20436 187
20436 188
20436 189
20436 190
20436 191
20436 192
20436 193
20436 194
20436 195
20436 196
20436 197
20436 199
20436 200
20436 201
20436 202
20436 203
20436 205
20436 206
20436 207
20436 208
20436 209
20436 210
20436 211
20436 212
20436 213
20436 215
20436 216
20436 217
20436 219
20436 220
20436 221
20436 222
20436 223
20436 224
20436 225
20436 226
20436 227
20437 0
20437 1
20437 2
20437 3
20437 4
20437 5
20437 6
20437 7
20437 8
20437 9
20438 0
20438 1
20438 2
20438 3
20438 4
20438 5
20438 6
20438 7
20438 8
20438 9
20438 10
20438 11
20438 12
20438 13
20438 14
20438 15
20438 16
20438 17
20438 18
20438 19
20438 20
20438 21
20438 22
20438 23
20438 24
20438 25
20438 26
20438 27
20438 28
20438 29
20438 30
20438 31
20438 32
20438 33
20438 34
20438 35
20438 36
20438 37
20438 38
20438 40
20438 41
20438 42
20438 43
20439 0
20439 1
20439 2
20439 3
20439 4
20439 5
20439 6
20439 7
20439 8
20439 9
20439 10
20439 11
20439 12
20439 13
20439 14
20439 15
20439 16
20439 17
20439 18
20439 19
20439 20
20439 21
20439 22
20439 23
20439 24
20439 25
20439 26
20439 27
20439 28
20439 29
20439 30
20439 31
20439 32
20439 33
20439 34
20439 35
20439 36
20439 37
20439 38
20439 39
20439 40
20439 41
20439 42
20439 43
20439 44
20439 45
20439 46
20439 47
20439 48
20439 49
20439 50
20439 51
20439 52
20439 53
20439 54
20439 56
20439 57
20439 58
20439 59
20439 60
20439 61
20439 62
20439 63
20439 64
20439 65
20439 66
20439 67
20439 68
20439 69
20439 70
20439 71
20439 72
20439 73
20439 74
20439 75
20439 76
20439 77
20439 78
20439 79
20439 80
20439 81
20439 82
20439 83
20439 84
20439 85
20440 0
20440 1
20440 2
20440 3
20440 4
20440 5
20440 6
20440 7
20440 8
20440 9
20440 10
20440 11
20440 12
20440 13
20440 14
20440 15
20440 16
20440 17
20440 18
20440 19
20440 20
20440 21
20440 22
20440 23
20440 24
20440 25
20440 26
20440 27
20440 28
20440 29
20440 30
20440 31
20440 32
20440 33
20440 34
20440 35
20440 36
20440 37
20440 38
20440 39
20440 40
20440 41
20440 42
20440 43
20440 44
20440 45
20440 46
20440 47
20440 48
20440 49
20440 50
20440 51
20440 52
20440 53
20440 54
20440 55
20440 56
20440 57
20440 58
20440 59
20440 60
20440 61
20440 62
20440 63
20440 64
20440 65
20440 66
20440 67
20440 68
20440 69
20440 70
20440 71
20440 72
20440 73
20440 74
20440 75
20440 76
20440 77
20440 78
20440 79
20440 80
20440 81
20440 82
20440 83
20440 84
20440 85
20440 86
20440 87
20440 88
20440 89
20440 90
20440 91
20440 92
20440 93
20440 94
20440 95
20440 96
20440 97
20440 98
20440 99
20440 100
20440 101
20440 102
20440 103
20440 104
20440 105
20440 106
20440 107
20440 108
20440 109
20440 110
20440 111
20440 112
20440 113
20440 114
20440 115
20440 116
20440 117
20440 118
20440 119
20440 120
20440 121
20440 122
20440 123
20440 124
20440 125
20440 126
20440 127
20440 128
20440 129
20440 130
20440 131
20440 132
20440 133
20440 134
20440 135
20440 136
20440 137
20440 138
20440 139
20440 140
20440 141
20440 142
20440 143
20440 144
20440 145
20440 146
20440 147
20440 148
20440 149
20440 150
20440 151
20440 152
20440 153
20440 154
20440 155
20440 156
20440 157
20440 158
20440 159
20440 160
20440 161
20440 162
20440 163
20440 164
20440 165
20440 166
20440 167
20440 168
20440 169
20440 170
20440 171
20440 172
20440 173
20440 174
20440 175
20440 176
20440 177
20440 178
20440 179
20440 180
20440 181
20440 182
20440 183
20440 184
20440 185
20440 186
20440 187
20440 188
20440 189
20440 190
20440 191
20440 192
20440 193
20440 194
20440 195
20440 196
20440 197
20440 198
20440 199
20440 200
20440 201
20440 202
20440 203
20440 204
20440 205
20440 206
20440 207
20440 208
20440 209
20440 210
20440 211
20440 212
20440 213
20440 214
20440 215
20440 216
20440 217
20440 218
20440 219
20440 220
20440 221
20440 222
20440 223
20440 224
20440 225
20440 226
20440 227
20440 228
20440 229
20440 230
20440 231
20440 232
20440 233
20440 235
20440 236
20440 237
20440 238
20440 239
20440 240
20440 241
20440 242
20440 243
20440 244
20440 245
20440 246
20440 247
20440 248
20440 249
20440 251
20440 252
20440 253
20440 254
20440 255
20440 256
20440 257
20440 258
20440 259
20440 260
20440 261
20440 262
20440 263
20440 264
20440 265
20440 266
20440 267
20440 268
20440 270
20440 271
20440 272
20440 273
20440 274
20440 275
20440 276
20440 277
20440 278
20440 279
20440 280
20440 281
20440 282
20440 283
20440 284
20440 285
20440 286
20440 287
20440 288
20440 289
20440 290
20440 291
20440 292
20440 293
20440 294
20440 295
20440 296
20440 297
20440 298
20440 299
20440 300
20440 301
20440 302
20440 303
20440 304
20440 305
20440 306
20440 307
20440 308
20440 309
20440 310
20440 312
20440 313
20440 314
20440 315
20440 316
20440 317
20440 318
20440 319
20440 320
20440 321
20440 322
20440 323
20440 324
20440 325
20440 326
20440 327
20440 328
20440 329
20440 330
20440 331
20440 332
20440 333
20440 334
20440 335
20440 336
20440 337
20440 338
20440 339
20440 340
20440 341
20440 342
20440 343
20440 344
20440 345
20440 346
20440 347
20440 348
20440 349
20440 350
20440 351
20440 352
20440 353
20440 354
20440 355
20440 356
20440 357
20440 358
20440 359
20440 360
20440 361
20440 362
20440 363
20440 364
20440 365
20440 366
20440 367
20440 368
20440 369
20440 370
20440 371
20440 372
20440 373
20440 374
20440 375
20440 376
20440 377
20440 378
20440 379
20440 380
20440 381
20440 382
20440 383
20440 384
20440 385
20441 0
20441 2
20441 3
20441 4
20441 5
20441 6
20441 8
20441 9
20441 10
20441 11
20441 12
20441 13
20441 14
20441 15
20441 16
20441 17
20441 18
20441 19
20441 20
20441 21
20441 22
20441 23
20441 24
20441 25
20441 26
20441 27
20441 28
20441 29
20441 30
20441 31
20441 32
20441 33
20441 34
20441 35
20441 36
20441 37
20441 38
20441 39
20441 40
20441 41
20441 42
20441 43
20441 44
20441 45
20441 46
20441 47
20441 48
20441 49
20441 50
20441 51
20441 52
20441 53
20441 54
20441 55
20441 56
20441 57
20441 58
20441 59
20441 60
20441 61
20441 62
20441 63
20441 64
20441 65
20441 66
20441 67
20441 68
20441 69
20441 71
20441 72
20441 73
20441 74
20441 75
20441 76
20441 78
20441 80
20441 81
20441 82
20441 83
20441 84
20441 85
20441 86
20441 87
20441 88
20441 89
20441 90
20441 91
20441 92
20441 93
20441 94
20441 96
20441 97
20441 98
20441 100
20441 101
20441 102
20441 103
20441 104
20441 105
20441 106
20441 107
20441 108
20441 109
20441 110
20441 111
20441 112
20441 113
20441 114
20441 115
20441 116
20441 117
20441 118
20441 119
20441 120
20441 121
20441 122
20441 123
20441 124
20441 125
20441 126
20441 127
20441 128
20441 129
20441 130
20441 132
20441 133
20441 134
20441 135
20441 136
20441 137
20441 138
20441 139
20441 140
20441 141
20441 142
20441 143
20441 144
20441 145
20441 146
20441 147
20441 148
20441 149
20441 150
20441 151
20441 152
20441 153
20441 154
20441 155
20441 156
20441 157
20441 158
20441 159
20441 160
20441 161
20441 162
20441 163
20441 164
20441 165
20441 166
20441 167
20441 169
20441 170
20441 171
20441 172
20441 173
20441 174
20441 175
20441 176
20441 177
20441 178
20441 179
20441 180
20441 181
20441 182
20441 183
20441 184
20441 185
20441 186
20441 187
20441 188
20441 190
20441 191
20441 192
20441 193
20441 194
20441 195
20441 196
20441 197
20441 199
20441 200
20441 203
20441 204
20441 205
20441 206
20441 207
20441 208
20441 209
20441 210
20441 211
20441 212
20441 213
20441 214
20441 216
20441 217
20441 218
20441 219
20441 220
20441 221
20441 222
20441 224
20441 225
20441 226
20441 227
20441 228
20441 229
20441 230
20441 231
20441 232
20441 234
20441 235
20441 236
20441 237
20441 238
20441 240
20441 241
20441 243
20442 0
20442 1
20442 2
20442 3
20442 4
20442 7
20442 8
20442 9
20442 10
20442 11
20442 12
20442 14
20442 15
20442 16
20442 17
20442 18
20442 19
20442 20
20442 21
20442 22
20442 23
20442 24
20442 25
20442 26
20442 27
20442 28
20442 30
20442 31
20442 32
20442 33
20442 34
20442 35
20442 36
20442 37
20442 38
20442 39
20442 40
20442 42
20442 43
20442 44
20442 45
20442 46
20442 47
20442 48
20442 51
20442 52
20442 54
20442 55
20442 56
20442 57
20442 58
20442 60
20442 61
20442 63
20442 64
20442 65
20442 66
20442 67
20442 68
20442 69
20442 70
20442 71
20442 72
20442 73
20442 74
20442 75
20442 76
20442 77
20443 0
20443 1
20443 2
20443 3
20443 4
20443 5
20443 6
20443 7
20443 8
20443 9
20443 10
20443 11
20443 12
20443 13
20443 14
20443 15
20443 16
20443 17
20443 18
20443 19
20443 20
20443 21
20443 22
20443 23
20443 24
20443 25
20443 26
20443 27
20443 28
20443 29
20443 30
20443 31
20443 32
20443 33
20443 34
20443 35
20443 36
20443 37
20443 38
20443 39
20443 40
20443 41
20443 42
20443 43
20443 44
20443 45
20443 46
20443 47
20443 48
20443 49
20443 50
20443 51
20443 52
20443 53
20443 54
20443 55
20443 56
20443 57
20443 58
20443 59
20443 60
20443 61
20443 62
20443 63
20443 64
20443 65
20443 66
20443 67
20443 68
20443 69
20443 70
20443 71
20443 72
20443 73
20443 74
20443 75
20443 76
20443 77
20443 78
20443 79
20443 80
20443 81
20443 82
20443 83
20443 84
20443 85
20443 86
20443 87
20443 88
20443 89
20443 90
20443 91
20443 92
20443 93
20443 94
20443 95
20443 96
20443 98
20443 99
20443 100
20443 101
20443 102
20443 103
20443 104
20443 105
20443 106
20443 107
20443 108
20443 109
20443 110
20443 111
20443 112
20443 114
20443 115
20443 116
20443 117
20443 118
20443 119
20443 120
20443 121
20443 122
20443 123
20443 124
20443 125
20443 126
20443 127
20443 128
20443 129
20443 130
20443 131
20443 132
20443 133
20443 134
20443 135
20443 136
20443 137
20443 138
20443 139
20443 140
20443 141
20443 142
20443 143
20443 144
20443 145
20443 146
20443 147
20443 148
20443 149
20443 150
20443 151
20443 152
20443 153
20443 154
20444 0
20444 1
20444 2
20444 3
20444 4
20444 5
20444 6
20444 7
20444 8
20444 9
20444 10
20444 11
20444 13
20444 14
20444 15
20444 16
20444 17
20444 18
20444 19
20444 20
20444 21
20444 22
20444 23
20444 24
20444 25
20444 26
20444 27
20444 28
20444 29
20444 31
20444 32
20444 33
20444 34
20444 35
20444 36
20444 37
20444 38
20444 39
20444 40
20444 41
20444 42
20444 43
20444 44
20444 45
20444 46
20444 47
20444 48
20444 49
20444 50
20444 51
20444 52
20444 53
20444 54
20444 55
20444 56
20444 57
20444 58
20444 59
20444 60
20444 62
20444 63
20444 64
20444 65
20444 66
20444 67
20444 68
20444 69
20444 70
20444 71
20444 72
20444 73
20444 74
20444 75
20444 76
20444 78
20444 79
20444 80
20444 81
20444 82
20444 83
20444 84
20444 85
20444 86
20444 87
20444 88
20444 89
20444 90
20444 91
20444 92
20444 93
20444 94
20444 95
20444 96
20444 98
20444 99
20444 100
20444 101
20444 102
20444 103
20444 104
20444 106
20444 107
20444 108
20444 109
20444 111
20444 112
20444 113
20444 114
20444 115
20444 116
20444 117
20444 118
20444 119
20444 120
20444 121
20444 122
20444 123
20444 124
20444 125
20444 126
20444 127
20444 128
20444 129
20444 130
20444 131
20444 132
20444 133
20444 134
20444 135
20444 136
20444 137
20444 138
20444 139
20444 140
20444 141
20444 142
20444 143
20444 144
20444 145
20444 146
20444 147
20444 148
20444 150
20444 151
20444 152
20444 153
20444 154
20444 155
20444 156
20444 157
20444 158
20444 159
20444 160
20444 161
20444 162
20444 163
20444 165
20444 166
20444 167
20444 168
20444 169
20444 170
20444 171
20444 172
20444 173
20444 174
20444 175
20444 177
20444 178
20444 179
20444 181
20444 182
20444 183
20444 184
20444 185
20444 186
20444 188
20444 189
20444 190
20444 191
20444 192
20444 193
20444 194
20444 195
20444 196
20444 197
20444 198
20444 199
20444 200
20444 201
20444 202
20444 203
20444 204
20444 205
20444 206
20444 207
20444 208
20444 209
20445 0
20445 1
20445 2
20445 3
20445 4
20445 5
20445 6
20445 7
20445 8
20445 9
20445 10
20445 11
20445 12
20445 13
20445 14
20445 15
20445 16
20445 17
20445 18
20445 19
20445 20
20445 21
20445 22
20445 23
20445 24
20445 25
20445 26
20445 27
20445 28
20445 29
20445 30
20445 31
20445 32
20445 33
20445 34
20445 35
20445 36
20445 37
20445 38
20445 39
20445 40
20445 41
20445 42
20445 43
20445 44
20445 45
20445 46
20445 47
20445 48
20445 49
20445 50
20445 51
20445 52
20445 53
20445 54
20445 55
20445 56
20445 57
20445 58
20445 59
20445 60
20445 61
20445 62
20445 63
20445 64
20445 65
20445 66
20445 67
20445 68
20445 69
20445 70
20445 71
20445 72
20445 73
20445 74
20445 75
20445 76
20445 77
20445 78
20445 79
20445 80
20445 81
20445 82
20445 83
20445 84
20445 85
20445 86
20445 87
20445 88
20445 89
20445 90
20445 91
20445 92
20445 93
20445 94
20445 95
20445 96
20445 97
20445 98
20445 99
20445 100
20445 101
20445 102
20445 103
20445 104
20445 105
20445 106
20445 107
20445 108
20445 109
20445 110
20445 111
20445 112
20445 113
20445 114
20445 115
20445 116
20445 117
20445 118
20445 119
20445 120
20445 121
20445 122
20445 123
20445 124
20445 125
20445 126
20445 127
20445 128
20445 129
20445 130
20445 131
20445 132
20445 133
20445 134
20445 135
20445 136
20445 137
20445 138
20445 139
20445 140
20445 141
20445 142
20445 143
20446 1
20446 2
20446 3
20446 5
20446 6
20446 7
20446 8
20446 9
20446 10
20446 11
20446 12
20446 14
20446 15
20446 17
20446 18
20446 19
20446 20
20446 21
20446 22
20446 23
20446 25
20446 27
20446 28
20446 29
20446 30
20446 31
20446 32
20446 35
20446 38
20446 40
20446 41
20446 42
20446 43
20446 44
20446 45
20446 47
20446 48
20446 49
20446 50
20446 51
20446 52
20446 54
20446 56
20446 57
20446 60
20446 61
20446 63
20446 64
20446 65
20446 66
20447 0
20447 1
20447 2
20447 3
20447 4
20447 5
20447 6
20447 7
20447 8
20447 9
20447 10
20447 11
20447 12
20447 13
20447 14
20447 15
20447 16
20447 17
20447 18
20447 20
20447 21
20447 22
20447 23
20447 24
20447 25
20447 26
20447 27
20447 28
20447 29
20447 30
20447 31
20447 32
20447 33
20447 34
20447 35
20447 36
20447 37
20450 0
20450 1
20450 2
20450 4
20450 6
20450 7
20450 8
20450 9
20450 10
20450 11
20450 12
20450 13
20450 14
20450 15
20450 16
20450 17
20450 18
20450 19
20450 20
20450 21
20450 22
20450 23
20450 24
20450 25
20450 26
20450 27
20450 28
20450 29
20450 30
20450 31
20450 32
20450 33
20450 34
20450 35
20450 36
20450 37
20450 38
20450 39
20450 40
20450 41
20450 42
20450 43
20450 44
20450 45
20450 46
20450 47
20450 48
20450 49
20450 50
20450 51
20450 52
20450 54
20450 55
20450 56
20450 57
20450 58
20450 59
20450 60
20450 61
20450 62
20450 63
20450 64
20450 65
20450 66
20450 67
20450 68
20450 69
20450 71
20450 72
20450 73
20450 74
20450 75
20450 76
20450 77
20450 78
20450 79
20450 80
20450 82
20450 83
20450 84
20450 85
20450 86
20450 87
20450 88
20450 89
20450 90
20450 91
20450 92
20450 93
20450 94
20450 95
20450 96
20450 97
20450 98
20450 99
20450 100
20450 102
20450 103
20450 104
20450 105
20450 106
20450 108
20450 109
20450 111
20450 112
20450 113
20450 114
20450 115
20450 116
20450 117
20450 118
20450 119
20450 120
20450 121
20450 122
20450 123
20450 124
20450 125
20450 126
20450 127
20450 128
20450 129
20450 130
20450 131
20450 132
20450 133
20450 134
20450 135
20450 136
20450 137
20450 138
20450 139
20450 140
20450 141
20450 142
20450 143
20450 144
20450 145
20450 146
20450 147
20450 148
20450 149
20450 150
20450 152
20450 153
20450 154
20450 155
20450 157
20450 158
20450 159
20450 160
20450 161
20450 162
20450 163
20450 164
20450 165
20450 166
20450 167
20450 168
20450 169
20450 170
20450 171
20450 172
20450 173
20450 174
20450 175
20450 176
20450 177
20450 178
20450 179
20450 180
20450 181
20450 182
20450 183
20450 184
20450 185
20450 186
20450 187
20450 188
20450 189
20450 190
20451 0
20451 1
20451 2
20451 3
20451 4
20451 5
20451 6
20451 7
20451 8
20451 9
20451 10
20451 11
20451 12
20451 13
20451 14
20451 15
20451 16
20451 17
20451 18
20451 19
20451 20
20451 22
20451 23
20451 25
20451 26
20451 27
20451 28
20451 29
20451 30
20451 31
20451 33
20451 34
20451 35
20451 36
20451 37
20451 38
20451 39
20451 41
20451 42
20451 43
20451 44
20451 46
20451 47
20451 48
20451 49
20451 50
20451 51
20451 52
20451 53
20451 54
20451 55
20451 56
20451 57
20451 58
20451 59
20451 60
20451 61
20451 62
20451 63
20451 64
20451 66
20451 67
20451 68
20451 69
20451 70
20451 71
20451 72
20451 73
20451 74
20451 75
20451 76
20451 77
20451 78
20451 79
20451 80
20451 81
20451 82
20451 83
20451 84
20451 85
20451 86
20451 87
20451 88
20451 89
20451 90
20451 91
20451 92
20451 93
20451 94
20451 95
20451 96
20451 98
20451 99
20451 100
20451 101
20451 102
20451 103
20451 104
20451 105
20451 106
20451 107
20451 108
20451 109
20451 110
20451 111
20451 112
20451 113
20451 114
20451 115
20451 117
20451 118
20451 119
20451 120
20451 121
20451 122
20451 123
20451 124
20451 125
20451 126
20451 127
20451 128
20451 129
20451 130
20451 131
20451 132
20451 133
20451 134
20451 135
20451 136
20451 137
20451 138
20451 139
20451 140
20451 141
20451 142
20451 143
20451 144
20451 145
20451 146
20451 147
20451 148
20451 149
20451 150
20451 151
20451 152
20451 153
20451 154
20451 155
20451 156
20451 157
20451 158
20451 159
20451 160
20451 161
20451 163
20451 164
20451 165
20451 166
20451 167
20451 168
20451 169
20451 170
20451 171
20451 172
20451 173
20451 174
20451 175
20451 176
20451 177
20451 178
20451 179
20451 181
20451 182
20451 183
20451 184
20451 185
20451 186
20451 187
20451 189
20451 190
20451 191
20451 192
20451 193
20451 194
20451 195
20451 196
20451 197
20451 198
20451 199
20451 200
20451 201
20451 202
20451 203
20451 204
20451 205
20451 206
20451 208
20451 209
20451 210
20451 211
20451 212
20451 213
20451 214
20451 216
20451 217
20451 218
20451 219
20451 220
20451 221
20451 222
20451 223
20451 224
20451 225
20451 226
20451 228
20451 229
20451 230
20451 232
20451 233
20451 234
20451 235
20451 236
20451 237
20451 238
20451 239
20451 240
20451 241
20451 242
20451 243
20451 244
20451 245
20451 246
20451 247
20451 248
20451 249
20451 250
20451 251
20451 252
20451 253
20451 254
20451 255
20451 256
20451 257
20451 258
20451 259
20451 260
20451 262
20451 263
20451 264
20451 265
20451 266
20451 267
20451 268
20451 269
20451 270
20451 271
20451 272
20451 273
20451 274
20451 275
20451 276
20451 277
20451 278
20451 279
20451 280
20451 281
20451 282
20451 283
20451 284
20451 285
20451 286
20451 288
20451 289
20451 290
20451 292
20451 293
20451 294
20451 295
20451 296
20451 297
20451 298
20451 299
20451 300
20451 301
20451 302
20451 303
20451 304
20451 305
20451 306
20451 307
20451 308
20451 309
20451 310
20451 311
20451 312
20451 313
20451 314
20451 315
20451 316
20451 317
20451 318
20451 319
20451 320
20451 321
20451 322
20451 323
20451 324
20451 325
20451 326
20451 327
20451 328
20451 329
20451 330
20451 331
20451 332
20451 333
20451 334
20451 335
20451 336
20451 337
20451 338
20451 339
20451 340
20451 341
20451 342
20451 343
20451 344
20451 345
20451 346
20451 347
20451 348
20451 349
20451 350
20451 351
20451 352
20451 354
20451 355
20451 356
20451 357
20451 358
20451 359
20451 360
20451 361
20451 362
20451 363
20451 364
20451 365
20451 366
20451 367
20451 368
20451 369
20451 370
20451 371
20451 372
20451 373
20451 374
20451 375
20451 376
20451 377
20451 378
20451 379
20451 381
20451 382
20451 383
20451 384
20451 385
20451 386
20451 387
20451 388
20451 389
20451 390
20451 391
20451 392
20451 393
20451 394
20451 395
20451 396
20451 397
20451 398
20451 399
20451 400
20451 401
20451 402
20451 403
20451 404
20451 405
20451 406
20451 407
20451 409
20451 410
20451 411
20451 412
20451 413
20451 414
20451 415
20451 416
20451 417
20451 418
20451 419
20451 420
20451 421
20451 422
20451 423
20451 424
20451 425
20451 426
20451 427
20451 428
20451 429
20451 430
20451 431
20451 432
20451 433
20451 434
20451 435
20451 436
20451 437
20451 438
20451 439
20451 440
20451 441
20451 442
20451 443
20451 444
20451 445
20451 446
20451 447
20451 448
20451 449
20451 450
20451 451
20451 452
20451 453
20451 454
20451 455
20451 456
20451 457
20451 458
20451 459
20451 460
20451 461
20451 462
20451 463
20451 464
20451 465
20451 466
20451 467
20451 468
20451 469
20451 470
20451 471
20451 472
20451 473
20451 474
20451 475
20451 476
20451 477
20451 478
20451 479
20451 480
20451 481
20451 482
20451 483
20451 484
20451 485
20451 486
20451 487
20451 488
20451 489
20451 490
20451 491
20452 0
20452 1
20452 2
20452 3
20452 4
20452 5
20452 6
20452 7
20452 8
20453 0
20453 1
20453 3
20453 4
20453 5
20453 6
20453 7
20453 8
20453 9
20453 10
20453 11
20453 12
20453 13
20453 14
20453 15
20453 16
20453 17
20453 18
20453 19
20453 20
20453 21
20453 22
20453 23
20453 24
20453 25
20453 26
20453 27
20453 28
20453 29
20453 30
20453 31
20453 32
20453 33
20453 34
20453 35
20453 36
20453 37
20453 38
20453 39
20453 40
20453 41
20453 42
20453 43
20453 44
20453 45
20453 46
20453 47
20453 48
20453 49
20453 50
20453 51
20453 52
20453 53
20453 54
20453 56
20453 57
20453 58
20453 59
20453 60
20453 61
20453 63
20453 64
20453 65
20453 66
20453 68
20453 69
20453 70
20453 71
20453 72
20453 73
20453 74
20453 76
20453 77
20453 78
20453 79
20453 80
20453 81
20453 82
20453 83
20453 84
20453 85
20453 86
20453 87
20453 88
20453 89
20453 91
20453 92
20453 94
20453 95
20453 96
20453 97
20453 98
20453 99
20453 100
20453 101
20453 102
20453 103
20453 104
20453 105
20453 106
20453 107
20453 108
20453 109
20453 110
20453 111
20453 112
20453 113
20453 114
20453 115
20453 116
20453 117
20453 118
20453 119
20453 120
20453 121
20453 122
20453 123
20453 124
20453 125
20453 126
20453 127
20453 128
20453 129
20453 130
20453 131
20453 132
20453 133
20453 134
20453 135
20453 136
20453 137
20453 138
20453 139
20453 140
20453 141
20453 142
20453 143
20453 144
20453 145
20453 146
20453 147
20453 148
20453 149
20453 150
20453 151
20453 152
20453 153
20453 154
20453 155
20453 156
20453 157
20453 158
20453 159
20453 160
20453 161
20453 162
20453 163
20453 164
20453 166
20453 167
20453 168
20453 169
20453 170
20453 171
20453 172
20453 173
20453 174
20453 175
20453 176
20453 177
20453 178
20453 179
20453 180
20453 181
20453 182
20453 183
20453 184
20453 185
20453 186
20453 188
20453 189
20453 190
20453 191
20453 192
20453 193
20453 194
20453 195
20453 196
20453 197
20453 199
20453 200
20453 201
20453 202
20453 204
20453 205
20453 206
20453 207
20453 208
20453 209
20453 210
20453 211
20453 212
20453 213
20453 214
20453 215
20453 216
20453 217
20453 218
20453 219
20453 220
20453 222
20453 223
20453 224
20453 225
20453 226
20453 227
20453 228
20453 229
20453 230
20453 231
20453 232
20453 233
20453 234
20453 235
20453 236
20453 237
20453 238
20453 239
20453 240
20453 241
20453 243
20453 244
20453 245
20453 246
20453 247
20453 248
20453 249
20453 250
20453 251
20453 252
20453 253
20453 254
20453 255
20453 256
20453 257
20453 258
20453 259
20453 260
20453 261
20453 262
20453 263
20453 264
20453 265
20453 266
20453 267
20453 268
20453 269
20453 270
20453 271
20453 273
20453 274
20453 275
20453 276
20453 277
20453 278
20453 279
20453 280
20453 281
20453 282
20453 283
20453 284
20453 285
20453 286
20453 287
20453 288
20453 289
20453 290
20453 291
20453 292
20453 293
20453 294
20453 295
20453 296
20453 297
20453 298
20453 299
20453 300
20453 301
20453 302
20453 303
20453 304
20453 305
20453 306
20453 307
20453 308
20453 309
20453 310
20453 312
20453 313
20453 314
20453 315
20453 316
20453 317
20453 318
20453 319
20453 320
20453 321
20453 322
20453 323
20453 324
20453 325
20453 326
20453 327
20453 328
20453 329
20453 330
20453 331
20453 332
20453 333
20453 334
20453 335
20453 336
20453 337
20453 338
20453 339
20453 340
20453 341
20453 342
20453 343
20453 344
20453 345
20453 346
20453 347
20453 348
20453 349
20453 350
20453 351
20453 352
20453 353
20453 354
20453 355
20453 356
20453 357
20453 358
20453 359
20453 360
20453 361
20453 362
20453 363
20453 364
20453 365
20453 366
20453 367
20453 368
20453 369
20453 370
20453 371
20453 372
20453 373
20453 374
20453 376
20453 377
20453 378
20453 379
20453 380
20453 381
20453 382
20453 383
20453 384
20453 385
20453 386
20453 387
20453 388
20453 389
20453 390
20453 391
20453 392
20453 393
20453 394
20453 395
20453 396
20453 397
20453 398
20453 399
20453 400
20453 401
20453 402
20453 403
20453 404
20453 405
20453 406
20453 407
20453 408
20453 410
20453 412
20453 413
20453 414
20453 415
20453 416
20453 417
20453 418
20453 419
20453 420
20453 421
20453 422
20453 423
20453 424
20453 425
20453 426
20453 427
20453 428
20453 430
20453 431
20453 432
20453 433
20453 434
20453 435
20453 436
20453 437
20453 438
20453 439
20453 440
20453 441
20453 442
20453 443
20453 444
20453 446
20453 447
20453 449
20453 450
20453 451
20453 453
20453 454
20453 455
20453 456
20453 457
20453 458
20453 459
20453 460
20453 461
20453 462
20453 464
20453 465
20453 466
20453 467
20453 468
20453 469
20453 470
20453 471
20453 473
20453 474
20453 475
20453 476
20453 477
20453 478
20453 479
20453 480
20453 481
20453 482
20453 483
20453 484
20453 485
20453 486
20453 487
20453 488
20453 489
20453 490
20453 491
20453 492
20453 493
20453 494
20453 495
20454 0
20454 1
20454 2
20454 3
20454 4
20454 5
20454 6
20454 7
20454 8
20454 9
20454 10
20454 11
20454 12
20454 13
20454 14
20454 15
20454 16
20454 17
20454 18
20454 19
20454 20
20454 21
20454 22
20454 23
20454 24
20454 25
20454 26
20454 27
20454 28
20454 29
20454 30
20454 31
20454 32
20454 33
20454 34
20454 35
20454 36
20454 37
20454 38
20454 39
20454 40
20454 41
20454 42
20454 43
20454 44
20454 45
20454 46
20454 47
20454 48
20454 49
20454 50
20454 51
20454 52
20454 53
20454 54
20454 55
20454 56
20454 58
20454 59
20454 60
20454 61
20454 62
20454 63
20454 64
20454 65
20454 66
20454 67
20454 68
20454 69
20454 70
20454 71
20454 72
20454 73
20454 74
20454 75
20454 76
20454 77
20454 78
20454 79
20454 80
20454 81
20454 82
20454 83
20454 84
20454 85
20454 86
20454 87
20454 88
20454 89
20454 90
20454 91
20454 92
20454 93
20454 94
20454 95
20454 96
20454 97
20454 98
20454 99
20454 100
20454 101
20454 102
20454 103
20454 104
20454 105
20454 106
20454 107
20454 108
20454 109
20454 110
20454 111
20454 112
20454 113
20454 114
20454 115
20454 116
20454 117
20454 118
20454 119
20454 120
20454 121
20454 122
20454 123
20454 124
20454 125
20454 126
20454 127
20454 128
20454 129
20454 130
20454 131
20454 132
20454 133
20454 134
20454 135
20454 136
20454 137
20454 138
20454 139
20454 140
20454 141
20454 142
20454 143
20454 144
20454 145
20454 146
20454 147
20454 148
20454 149
20454 150
20454 151
20454 152
20454 153
20454 154
20454 155
20454 156
20454 157
20454 158
20454 159
20454 160
20454 161
20454 162
20454 163
20454 164
20454 165
20454 166
20454 167
20454 168
20454 169
20454 170
20454 171
20454 172
20454 173
20454 174
20454 175
20454 176
20454 177
20454 178
20454 179
20454 180
20454 181
20454 182
20454 183
20454 184
20454 185
20454 186
20454 187
20454 188
20454 189
20454 190
20454 191
20454 192
20456 0
20456 1
20456 2
20456 3
20456 4
20456 5
20456 6
20456 7
20456 8
20456 10
20456 11
20456 12
20456 13
20456 14
20456 15
20456 16
20456 17
20456 18
20456 19
20456 21
20456 22
20456 24
20456 25
20456 27
20456 28
20456 29
20456 30
20456 31
20456 32
20456 33
20456 34
20456 35
20456 36
20456 37
20456 38
20456 39
20456 40
20456 41
20456 42
20456 43
20456 44
20456 45
20456 47
20456 48
20456 49
20456 50
20456 52
20456 53
20456 55
20456 56
20456 57
20456 58
20456 59
20456 60
20456 61
20456 62
20456 63
20456 64
20456 65
20456 66
20456 67
20456 68
20456 69
20456 70
20456 71
20456 72
20456 73
20456 74
20456 76
20456 77
20456 78
20456 79
20456 82
20456 83
20456 84
20456 85
20456 87
20456 88
20456 91
20456 92
20456 93
20456 95
20456 96
20456 97
20456 98
20456 99
20456 100
20456 102
20456 103
20456 105
20456 107
20456 108
20456 109
20456 110
20456 111
20456 112
20456 114
20456 115
20456 116
20456 117
20456 118
20456 119
20456 120
20456 121
20456 122
20456 123
20456 124
20456 125
20456 126
20456 127
20456 129
20456 130
20456 132
20456 134
20456 135
20456 136
20456 137
20456 138
20456 139
20456 140
20456 141
20456 143
20456 144
20456 145
20456 146
20456 147
20456 148
20456 149
20456 150
20456 154
20456 155
20456 156
20456 157
20456 158
20456 159
20456 160
20456 161
20456 163
20456 164
20456 165
20456 168
20456 170
20456 171
20456 173
20456 174
20456 175
20456 176
20456 177
20456 178
20456 179
20456 180
20456 181
20456 182
20456 183
20456 184
20456 185
20456 186
20456 187
20456 188
20456 189
20456 190
20456 191
20456 193
20458 0
20458 1
20458 2
20458 3
20458 4
20458 6
20458 9
20458 10
20458 11
20458 12
20458 14
20458 15
20458 18
20458 19
20458 20
20458 21
20458 23
20458 24
20458 25
20458 26
20458 27
20458 28
20458 29
20458 30
20458 31
20458 32
20458 33
20458 34
20458 35
20458 36
20458 37
20458 38
20458 41
20458 43
20458 44
20458 47
20458 48
20458 49
20458 50
20458 51
20458 52
20458 53
20458 55
20458 56
20458 57
20458 58
20458 59
20458 61
20458 62
20458 63
20458 65
20458 67
20458 68
20458 69
20458 70
20458 71
20458 72
20458 73
20458 75
20458 76
20458 77
20458 78
20458 80
20458 81
20458 82
20458 84
20458 85
20458 86
20458 87
20458 88
20458 89
20458 90
20458 91
20458 93
20458 94
20458 95
20458 96
20458 97
20458 98
20458 99
20458 100
20458 101
20458 102
20458 104
20458 105
20458 109
20458 110
20458 111
20458 112
20458 113
20458 114
20458 115
20458 116
20458 117
20458 118
20458 120
20458 121
20458 122
20458 123
20458 125
20458 126
20458 127
20458 128
20458 129
20458 131
20458 132
20458 133
20458 135
20458 136
20458 137
20458 139
20458 140
20458 141
20458 143
20458 144
20458 145
20458 146
20458 147
20458 148
20458 149
20458 150
20458 151
20458 152
20458 153
20458 155
20458 156
20458 157
20458 158
20458 159
20458 160
20458 161
20458 162
20458 163
20458 164
20458 165
20458 166
20458 167
20458 168
20458 169
20460 0
20460 1
20460 2
20460 3
20460 4
20460 5
20460 6
20460 7
20460 8
20460 9
20460 10
20460 11
20460 12
20460 13
20460 14
20460 15
20460 16
20460 17
20460 18
20460 19
20460 20
20460 21
20460 22
20460 23
20460 24
20460 25
20460 26
20461 1
20461 2
20461 3
20461 4
20461 5
20461 6
20461 7
20461 8
20461 9
20461 10
20461 11
20461 12
20461 13
20461 14
20461 15
20461 16
20461 17
20461 18
20461 19
20461 20
20461 21
20461 22
20461 23
20461 24
20461 26
20461 27
20461 28
20461 29
20461 30
20461 31
20461 32
20461 33
20461 34
20461 35
20461 36
20461 37
20461 38
20461 39
20461 40
20461 41
20461 42
20461 43
20461 44
20461 45
20461 46
20461 47
20461 48
20461 49
20461 50
20461 51
20461 52
20461 53
20461 54
20461 56
20461 57
20461 58
20461 59
20461 60
20461 61
20461 62
20461 63
20461 64
20461 65
20461 66
20461 67
20461 68
20461 69
20461 70
20461 71
20461 72
20461 73
20461 74
20461 75
20461 76
20461 77
20461 78
20461 79
20461 80
20461 81
20461 83
20461 85
20461 86
20461 87
20461 88
20461 89
20461 90
20461 91
20461 92
20461 93
20461 94
20461 95
20461 96
20461 97
20461 98
20461 99
20461 100
20461 101
20461 102
20461 103
20461 104
20461 105
20461 106
20461 107
20461 108
20461 109
20461 110
20461 114
20461 115
20461 116
20461 117
20461 118
20461 119
20461 120
20461 121
20461 122
20461 123
20461 124
20461 125
20461 126
20461 127
20461 128
20461 129
20461 130
20461 131
20461 132
20461 134
20461 135
20461 136
20461 137
20461 138
20461 139
20461 140
20461 141
20461 142
20461 143
20461 144
20461 145
20461 146
20461 147
20461 148
20461 149
20461 150
20461 151
20461 152
20461 153
20461 154
20461 155
20461 156
20461 157
20461 158
20461 159
20461 160
20461 161
20461 162
20461 163
20461 164
20461 165
20461 166
20461 167
20461 168
20461 169
20461 171
20461 172
20461 173
20461 174
20461 175
20461 176
20461 177
20461 178
20461 179
20461 180
20461 181
20461 182
20461 183
20461 184
20461 185
20461 186
20461 187
20461 188
20461 189
20461 190
20461 191
20461 192
20461 193
20461 194
20461 195
20461 196
20461 197
20461 198
20461 199
20461 200
20461 201
20461 202
20461 203
20461 204
20461 205
20461 206
20461 208
20461 209
20461 210
20461 211
20461 212
20461 213
20461 215
20461 216
20461 217
20461 218
20461 219
20461 220
20461 221
20461 222
20461 223
20461 226
20461 227
20461 228
20461 229
20461 230
20461 231
20461 232
20461 233
20461 234
20461 235
20461 236
20461 237
20461 238
20461 240
20461 241
20461 242
20461 243
20461 244
20461 245
20461 246
20461 247
20461 248
20461 249
20461 250
20461 251
20461 252
20461 253
20461 254
20461 255
20461 256
20461 257
20461 258
20461 259
20461 260
20461 261
20461 262
20461 263
20461 264
20461 265
20461 266
20461 267
20461 268
20461 269
20461 270
20461 272
20461 273
20461 274
20461 275
20461 276
20461 277
20461 278
20461 279
20461 280
20461 281
20461 282
20461 283
20461 284
20461 285
20461 286
20461 288
20461 289
20461 290
20461 291
20461 292
20461 293
20461 294
20461 295
20461 296
20461 297
20461 298
20461 299
20461 300
20461 301
20461 302
20461 303
20461 304
20461 305
20461 306
20461 307
20461 308
20461 309
20461 310
20461 311
20461 312
20461 313
20461 314
20461 315
20461 316
20461 317
20461 318
20461 319
20461 320
20461 321
20461 322
20461 323
20461 324
20461 327
20461 328
20461 330
20461 332
20461 333
20461 334
20461 335
20461 336
20461 338
20461 339
20461 340
20461 341
20461 342
20461 343
20461 344
20461 345
20461 346
20461 347
20461 348
20461 349
20461 350
20461 351
20461 352
20461 353
20461 354
20461 355
20461 356
20461 357
20461 358
20461 359
20461 360
20461 361
20461 362
20461 363
20461 364
20461 365
20461 366
20461 367
20461 368
20461 369
20461 370
20461 372
20461 373
20461 374
20461 375
20461 376
20461 377
20461 378
20461 379
20461 380
20461 381
20461 382
20461 383
20461 384
20461 385
20461 386
20461 387
20461 388
20461 389
20461 390
20461 391
20461 392
20461 393
20461 394
20461 395
20461 396
20461 397
20461 398
20461 399
20461 400
20461 401
20461 403
20461 404
20461 405
20461 406
20461 407
20461 408
20461 409
20461 410
20461 411
20461 412
20461 413
20461 415
20461 416
20461 418
20461 419
20461 420
20461 421
20461 422
20461 423
20461 424
20461 425
20461 426
20461 427
20461 428
20461 430
20461 433
20461 434
20461 435
20461 436
20461 437
20461 438
20461 439
20461 440
20461 441
20461 442
20461 443
20461 444
20461 445
20461 446
20461 447
20461 448
20461 449
20461 450
20461 451
20461 452
20461 453
20461 454
20461 455
20461 456
20461 457
20461 458
20461 459
20461 460
20461 461
20461 462
20461 463
20461 464
20461 465
20461 466
20461 467
20461 468
20461 469
20461 470
20461 471
20461 472
20461 473
20461 474
20461 496
20461 497
20461 498
20461 499
20461 500
20461 501
20461 502
20461 503
20461 504
20461 505
20461 506
20461 507
20461 508
20461 509
20461 510
20461 511
20461 512
20461 513
20461 514
20461 515
20461 516
20461 517
20461 518
20461 519
20461 520
20461 521
20461 523
20461 524
20461 525
20461 526
20461 527
20461 528
20461 529
20461 530
20461 531
20461 532
20461 533
20461 534
20461 535
20461 536
20461 537
20461 538
20461 539
20461 540
20461 541
20461 542
20461 543
20461 544
20461 545
20461 546
20461 547
20461 548
20461 549
20461 550
20461 551
20461 552
20461 553
20461 554
20461 555
20461 556
20461 557
20461 558
20461 559
20461 560
20461 561
20461 562
20461 563
20461 564
20461 565
20461 566
20461 567
20461 568
20461 569
20461 571
20461 572
20461 573
20461 574
20461 575
20461 577
20461 578
20461 579
20461 580
20461 581
20461 582
20461 583
20461 584
20461 585
20461 586
20461 587
20461 588
20461 589
20461 590
20461 591
20461 593
20461 594
20461 595
20461 596
20461 597
20461 600
20461 601
20461 602
20462 0
20462 1
20462 2
20462 3
20462 4
20462 5
20462 6
20462 7
20462 8
20462 9
20462 10
20462 11
20462 12
20462 13
20462 14
20462 15
20462 16
20462 17
20462 18
20462 19
20462 20
20462 21
20462 22
20462 23
20462 24
20462 26
20462 27
20462 28
20462 29
20462 30
20462 31
20462 32
20462 33
20462 34
20462 35
20462 36
20462 37
20462 38
20462 39
20462 40
20462 41
20462 42
20462 43
20462 44
20462 45
20462 46
20462 47
20462 48
20462 49
20462 50
20462 51
20462 52
20462 53
20462 54
20462 55
20462 56
20462 57
20462 58
20462 59
20462 60
20462 61
20462 62
20462 63
20462 64
20462 65
20462 66
20462 67
20462 68
20462 69
20462 70
20462 71
20462 72
20462 73
20462 74
20462 75
20462 76
20462 77
20462 78
20462 79
20462 80
20462 81
20462 82
20462 83
20462 84
20462 85
20462 86
20462 87
20462 88
20462 89
20462 90
20462 91
20462 92
20462 93
20462 95
20462 96
20462 97
20462 98
20462 99
20462 100
20462 101
20462 102
20462 103
20462 105
20462 106
20462 107
20462 108
20462 109
20462 110
20462 111
20462 112
20462 113
20462 114
20462 115
20462 116
20462 117
20462 118
20462 119
20462 120
20462 121
20462 122
20462 123
20462 124
20462 125
20462 127
20462 128
20462 129
20462 130
20462 131
20462 133
20462 134
20462 135
20462 136
20462 137
20462 138
20462 139
20462 140
20462 141
20462 142
20462 143
20462 144
20462 145
20462 146
20462 147
20462 148
20462 149
20462 150
20462 151
20462 152
20462 153
20462 154
20462 155
20462 156
20462 157
20462 158
20462 159
20462 160
20462 161
20462 162
20462 163
20462 164
20462 165
20462 166
20462 167
20462 168
20462 169
20462 170
20462 171
20462 172
20462 173
20462 174
20462 175
20462 176
20462 177
20462 178
20462 179
20462 180
20462 181
20462 182
20462 183
20462 184
20462 185
20462 186
20462 187
20462 188
20462 189
20462 190
20462 191
20462 192
20462 193
20462 194
20462 195
20462 196
20462 197
20462 198
20462 199
20462 200
20462 201
20462 202
20462 203
20462 204
20462 205
20462 206
20462 207
20462 208
20462 209
20462 210
20462 211
20462 212
20462 213
20462 214
20462 215
20462 216
20462 217
20462 218
20462 219
20462 220
20462 221
20462 222
20462 223
20462 224
20462 225
20462 226
20462 227
20462 228
20462 229
20462 230
20462 231
20462 232
20462 233
20462 234
20462 235
20462 236
20462 237
20462 238
20462 239
20462 240
20462 241
20466 0
20466 1
20466 2
20466 3
20466 4
20466 5
20466 6
20466 7
20466 8
20466 9
20466 10
20466 11
20466 12
20466 13
20466 14
20466 15
20466 16
20466 17
20466 18
20466 19
20466 20
20466 21
20466 22
20466 23
20466 24
20466 25
20466 26
20466 27
20466 28
20466 29
20466 30
20466 31
20466 32
20466 33
20466 34
20466 35
20466 36
20466 37
20466 38
20466 39
20466 40
20466 41
20466 42
20466 43
20466 44
20466 45
20466 46
20466 47
20466 48
20466 49
20466 50
20466 51
20466 52
20466 53
20466 54
20466 55
20466 56
20466 57
20466 58
20466 59
20466 60
20466 61
20466 62
20466 63
20466 64
20466 65
20466 66
20466 67
20466 69
20466 70
20466 71
20466 72
20466 73
20466 74
20466 75
20466 76
20466 77
20466 78
20466 79
20466 80
20466 81
20466 82
20466 83
20466 84
20466 85
20466 86
20466 87
20466 88
20466 89
20466 90
20466 91
20466 93
20466 94
20466 95
20466 96
20466 97
20466 98
20466 99
20466 100
20466 101
20466 102
20466 103
20466 104
20466 105
20466 106
20466 107
20466 108
20466 110
20466 111
20466 112
20466 113
20466 114
20466 115
20466 116
20466 117
20466 118
20466 119
20466 120
20466 121
20466 122
20466 123
20466 124
20466 125
20466 126
20466 127
20466 128
20467 0
20467 1
20467 2
20467 3
20467 5
20467 6
20467 7
20467 8
20467 9
20467 10
20467 11
20467 12
20467 13
20467 14
20467 15
20467 16
20467 17
20467 18
20467 19
20467 20
20467 21
20467 22
20467 23
20467 24
20467 25
20467 26
20467 27
20467 28
20467 29
20467 30
20467 31
20467 32
20467 33
20467 34
20467 35
20467 36
20467 37
20467 38
20467 39
20467 40
20467 41
20467 42
20467 43
20467 44
20467 45
20467 46
20467 47
20467 48
20467 49
20467 50
20467 52
20467 53
20467 54
20467 55
20467 56
20467 57
20467 58
20467 59
20467 60
20467 61
20467 62
20467 63
20467 65
20467 66
20467 67
20467 68
20467 69
20467 70
20467 71
20467 72
20467 73
20467 74
20467 75
20467 77
20467 79
20467 80
20467 81
20467 82
20467 83
20467 85
20467 86
20467 87
20467 88
20467 89
20467 90
20467 91
20467 92
20467 93
20467 94
20467 95
20467 96
20467 97
20467 98
20467 99
20467 100
20467 101
20467 102
20467 103
20467 104
20467 105
20467 106
20467 107
20467 108
20467 109
20467 110
20467 111
20467 112
20467 114
20467 115
20467 117
20467 118
20467 119
20467 120
20467 121
20467 122
20467 123
20467 124
20467 125
20467 126
20467 127
20467 128
20467 129
20467 130
20467 131
20467 132
20467 133
20467 134
20467 135
20467 137
20467 138
20467 139
20467 140
20467 141
20467 142
20467 143
20467 144
20467 145
20467 146
20467 147
20467 149
20467 150
20467 151
20467 152
20467 153
20467 154
20467 155
20467 156
20467 157
20467 158
20467 159
20467 160
20467 161
20467 162
20467 163
20467 164
20467 165
20467 166
20467 167
20467 168
20467 169
20467 170
20467 171
20467 172
20467 173
20467 174
20467 175
20467 176
20467 177
20467 178
20467 179
20467 180
20467 181
20467 182
20467 183
20467 184
20467 185
20467 186
20467 187
20467 188
20467 189
20467 190
20467 191
20467 192
20467 193
20467 194
20467 195
20467 196
20467 197
20467 198
20467 199
20467 200
20467 201
20467 202
20467 203
20467 204
20467 205
20467 206
20467 207
20467 209
20467 210
20467 211
20467 212
20467 213
20467 214
20467 215
20467 216
20467 217
20467 218
20467 219
20467 220
20467 222
20467 223
20467 224
20467 225
20467 226
20467 227
20467 228
20467 229
20467 230
20467 231
20467 232
20467 233
20467 234
20467 235
20467 236
20467 237
20467 238
20467 239
20467 240
20467 241
20467 242
20467 243
20467 244
20467 245
20467 246
20467 247
20467 248
20467 249
20467 250
20467 251
20467 252
20467 253
20467 254
20467 255
20467 256
20467 257
20467 258
20467 259
20467 260
20467 261
20467 262
20467 263
20467 264
20468 0
20468 1
20468 2
20468 3
20468 4
20468 5
20468 6
20468 7
20468 8
20468 9
20468 10
20468 11
20468 12
20468 13
20468 14
20468 15
20468 16
20468 17
20468 18
20468 19
20468 20
20468 21
20468 22
20468 23
20468 24
20468 25
20468 26
20468 27
20468 28
20468 29
20468 30
20468 31
20468 32
20468 33
20468 34
20468 35
20468 36
20468 37
20468 38
20468 39
20468 40
20468 41
20468 42
20468 43
20468 44
20468 45
20469 0
20469 1
20469 2
20469 4
20469 5
20469 6
20469 7
20469 8
20469 9
20469 10
20469 11
20469 12
20469 13
20469 15
20469 16
20469 17
20469 18
20469 19
20469 20
20469 21
20469 22
20469 23
20469 24
20469 25
20469 26
20469 27
20469 28
20469 29
20469 30
20469 31
20469 32
20469 33
20469 34
20469 35
20469 36
20469 37
20469 38
20469 39
20469 40
20469 42
20469 43
20469 44
20469 45
20469 46
20469 47
20469 48
20469 49
20469 51
20469 52
20469 53
20469 54
20469 55
20469 56
20469 57
20469 58
20469 59
20469 61
20469 62
20469 63
20469 64
20469 65
20469 66
20469 68
20469 69
20469 70
20469 71
20469 72
20469 73
20469 74
20469 75
20469 76
20469 77
20469 78
20469 79
20469 80
20469 81
20469 82
20469 83
20469 84
20469 85
20469 86
20469 87
20469 88
20469 89
20469 90
20469 91
20469 92
20469 93
20469 94
20469 95
20469 96
20469 97
20469 98
20469 99
20469 103
20469 104
20469 105
20469 106
20469 107
20469 108
20469 109
20469 110
20469 111
20469 112
20469 113
20469 114
20469 115
20469 116
20469 117
20469 118
20469 119
20469 120
20469 121
20469 122
20469 123
20469 124
20469 125
20469 126
20469 127
20469 128
20469 129
20469 130
20469 131
20469 132
20469 133
20469 134
20469 135
20469 136
20469 137
20469 138
20469 139
20469 140
20469 141
20469 142
20469 143
20469 144
20469 145
20469 146
20469 148
20469 149
20469 151
20469 153
20469 154
20469 155
20469 156
20469 157
20469 158
20469 159
20469 160
20469 161
20469 162
20469 163
20469 164
20469 165
20469 166
20469 167
20469 168
20469 169
20469 170
20469 171
20469 172
20469 173
20469 174
20469 175
20469 176
20469 177
20469 178
20469 179
20469 180
20469 181
20469 182
20469 183
20469 184
20469 185
20469 186
20469 187
20469 188
20469 189
20469 190
20469 191
20469 192
20469 193
20469 194
20469 195
20469 196
20469 197
20469 198
20469 199
20469 201
20469 202
20469 203
20469 204
20469 205
20469 207
20469 208
20469 209
20469 210
20469 211
20469 212
20469 213
20469 214
20469 215
20469 216
20469 217
20469 218
20469 219
20469 220
20469 221
20469 222
20469 223
20469 224
20469 225
20469 227
20469 228
20469 229
20469 230
20469 231
20469 232
20469 233
20469 234
20469 235
20469 237
20469 238
20469 239
20469 240
20469 241
20469 242
20469 243
20469 244
20469 245
20469 246
20469 247
20469 248
20469 249
20469 250
20469 251
20469 252
20469 254
20469 255
20469 256
20469 257
20469 258
20469 259
20469 261
20469 262
20469 263
20469 264
20469 266
20469 267
20469 268
20469 269
20469 271
20469 272
20469 273
20469 274
20469 275
20469 276
20469 277
20469 279
20469 280
20469 281
20469 282
20469 283
20469 284
20469 285
20469 286
20469 287
20469 288
20469 289
20469 290
20469 291
20469 292
20469 293
20469 294
20469 295
20469 296
20469 298
20469 299
20469 300
20469 301
20469 302
20469 303
20469 304
20469 305
20469 306
20469 307
20469 309
20469 310
20469 311
20469 312
20469 313
20469 314
20469 315
20469 316
20469 317
20469 318
20469 319
20469 320
20469 321
20469 322
20469 323
20469 324
20469 325
20469 326
20469 327
20469 328
20469 329
20469 330
20469 332
20469 333
20469 334
20469 335
20469 336
20469 337
20469 338
20469 339
20469 340
20469 341
20469 342
20469 343
20469 344
20469 345
20469 346
20469 347
20469 348
20469 349
20469 350
20469 351
20469 352
20469 353
20469 354
20469 355
20469 356
20469 357
20469 358
20469 359
20469 360
20469 361
20469 362
20469 363
20469 364
20469 365
20469 366
20469 367
20469 368
20469 369
20469 370
20469 371
20469 372
20469 373
20469 374
20469 375
20469 376
20469 377
20469 378
20469 379
20469 380
20469 381
20469 382
20469 383
20469 384
20469 385
20469 386
20469 387
20469 388
20469 389
20469 390
20469 391
20469 392
20469 393
20469 394
20469 395
20469 396
20469 397
20469 398
20469 399
20469 400
20469 401
20469 402
20469 403
20469 405
20469 406
20469 407
20469 408
20469 409
20469 410
20469 411
20469 412
20469 413
20469 415
20469 416
20469 417
20469 418
20469 419
20469 420
20469 421
20469 422
20469 423
20469 424
20469 425
20469 427
20469 428
20469 429
20469 430
20469 431
20469 432
20469 433
20469 434
20469 435
20469 437
20469 438
20469 439
20469 440
20469 441
20469 442
20469 443
20469 444
20469 445
20469 446
20469 447
20469 448
20469 449
20469 450
20469 451
20469 452
20469 453
20469 455
20469 456
20469 457
20469 458
20469 459
20469 460
20469 461
20469 462
20469 463
20469 464
20469 465
20469 466
20469 467
20469 469
20469 470
20469 471
20469 472
20469 473
20469 474
20469 475
20469 476
20469 477
20469 478
20469 479
20469 480
20469 481
20469 482
20469 483
20469 484
20469 485
20469 486
20469 487
20469 488
20469 489
20469 490
20469 491
20469 492
20469 493
20469 494
20469 495
20469 496
20469 497
20469 498
20469 499
20469 500
20469 501
20469 502
20469 503
20469 504
20469 505
20469 506
20469 507
20469 508
20469 509
20469 510
20469 511
20469 512
20469 513
20469 514
20469 515
20469 516
20469 517
20469 518
20469 519
20469 520
20469 521
20469 522
20469 523
20469 524
20469 525
20469 526
20469 527
20469 528
20469 529
20469 530
20469 531
20469 532
20469 533
20469 534
20469 535
20469 536
20469 537
20469 539
20469 540
20469 541
20469 542
20469 543
20469 544
20469 545
20469 546
20469 547
20469 548
20469 549
20469 550
20469 552
20469 553
20469 554
20469 555
20469 556
20469 557
20469 558
20469 559
20469 560
20469 561
20469 562
20469 563
20469 564
20469 565
20469 566
20469 567
20469 569
20469 570
20469 571
20469 572
20469 573
20469 574
20470 0
20470 1
20470 2
20470 3
20470 4
20470 5
20470 6
20470 7
20470 8
20470 9
20470 10
20470 11
20470 12
20470 13
20470 14
20470 15
20470 16
20470 18
20470 19
20470 20
20470 22
20470 23
20470 24
20470 25
20470 26
20470 27
20470 28
20470 29
20470 30
20470 31
20470 32
20470 33
20470 34
20470 35
20470 36
20470 37
20470 38
20470 39
20470 40
20470 41
20470 42
20470 43
20470 44
20470 45
20470 46
20470 47
20470 48
20470 49
20470 50
20470 51
20470 52
20470 53
20470 55
20470 56
20470 57
20470 58
20470 60
20470 61
20470 62
20470 63
20470 64
20470 65
20470 66
20470 67
20470 69
20470 70
20470 71
20470 72
20470 73
20470 74
20470 75
20470 76
20470 77
20470 78
20470 79
20470 80
20470 81
20470 82
20470 83
20470 84
20470 85
20470 86
20470 87
20470 88
20470 89
20470 90
20470 91
20470 92
20470 93
20470 94
20470 95
20470 96
20470 97
20470 98
20470 99
20470 100
20470 101
20470 102
20470 103
20470 104
20470 105
20470 106
20470 107
20470 108
20470 109
20470 110
20470 111
20470 112
20470 113
20470 114
20470 115
20470 116
20470 118
20470 119
20470 120
20470 121
20470 122
20470 123
20470 124
20470 125
20470 126
20470 127
20470 128
20470 129
20470 130
20470 131
20470 132
20470 133
20470 134
20470 135
20470 136
20470 137
20470 138
20470 139
20470 140
20470 141
20470 142
20470 143
20470 144
20470 145
20470 146
20470 147
20470 148
20470 149
20470 150
20470 151
20470 152
20470 153
20470 154
20470 155
20470 156
20470 157
20470 158
20470 159
20470 160
20470 161
20470 162
20470 164
20470 165
20470 166
20470 167
20470 168
20470 169
20470 170
20470 171
20470 172
20470 173
20470 174
20470 175
20470 176
20470 177
20470 178
20470 179
20470 181
20470 182
20470 183
20470 184
20470 185
20470 186
20470 187
20470 189
20470 190
20470 191
20470 192
20470 193
20470 194
20470 195
20470 196
20470 198
20470 199
20470 200
20470 201
20470 202
20470 203
20470 204
20470 205
20470 206
20470 207
20470 208
20470 209
20470 210
20470 211
20470 212
20470 213
20470 214
20470 215
20470 216
20470 217
20470 218
20470 220
20470 222
20470 223
20470 224
20470 225
20470 226
20470 227
20470 229
20470 230
20470 231
20470 232
20470 233
20470 234
20470 235
20470 236
20470 238
20470 239
20470 241
20470 242
20470 243
20470 244
20470 247
20470 248
20470 249
20470 250
20470 251
20470 252
20470 254
20470 255
20470 256
20470 257
20470 258
20470 259
20470 260
20470 261
20470 262
20470 263
20470 264
20470 265
20470 266
20470 267
20470 269
20470 270
20470 271
20470 272
20470 273
20470 275
20470 276
20470 277
20470 280
20470 281
20470 282
20470 283
20470 284
20470 285
20470 286
20470 287
20470 288
20470 289
20470 290
20470 291
20470 292
20470 293
20470 294
20470 295
20470 296
20470 297
20470 298
20470 299
20470 300
20470 301
20470 302
20470 303
20470 304
20470 305
20470 306
20470 307
20470 308
20470 309
20470 310
20470 311
20470 312
20470 313
20471 0
20471 1
20471 2
20471 3
20471 4
20471 5
20471 6
20471 7
20471 8
20471 9
20471 10
20471 11
20471 12
20471 13
20471 14
20471 15
20471 16
20471 17
20472 0
20472 1
20472 2
20472 3
20472 4
20472 5
20472 6
20472 7
20472 8
20472 9
20472 10
20472 11
20472 12
20472 13
20472 14
20472 15
20472 16
20472 17
20472 18
20472 19
20472 20
20472 21
20472 22
20472 23
20472 24
20472 25
20472 26
20472 27
20472 28
20472 29
20472 30
20472 31
20472 32
20472 33
20472 34
20473 0
20473 1
20473 2
20473 3
20473 4
20473 5
20473 6
20473 7
20473 8
20473 9
20473 10
20473 11
20473 12
20473 13
20473 15
20473 16
20473 17
20473 18
20473 19
20473 20
20473 21
20473 22
20473 23
20473 24
20473 25
20473 26
20473 27
20473 28
20473 29
20473 30
20473 31
20473 32
20473 33
20473 34
20473 35
20473 36
20473 37
20473 38
20473 39
20473 40
20473 41
20473 42
20473 43
20473 45
20473 46
20473 47
20473 48
20473 49
20473 50
20473 51
20473 52
20473 53
20473 54
20473 55
20473 56
20473 57
20473 58
20473 59
20473 60
20473 61
20473 62
20473 63
20473 64
20473 65
20473 66
20473 67
20473 68
20473 69
20473 70
20473 71
20473 72
20473 73
20473 74
20473 75
20473 76
20473 77
20473 78
20473 79
20473 80
20473 81
20473 82
20473 83
20473 84
20473 85
20473 86
20473 87
20473 88
20473 89
20473 90
20473 91
20473 92
20473 93
20473 95
20473 96
20473 97
20473 98
20473 99
20473 100
20473 101
20473 102
20473 103
20473 104
20473 105
20473 106
20473 107
20473 108
20473 109
20473 110
20473 111
20473 112
20473 113
20473 114
20473 115
20473 116
20473 117
20473 118
20473 119
20473 120
20473 121
20473 122
20473 123
20473 124
20473 125
20473 126
20473 127
20473 128
20473 129
20473 130
20473 131
20473 132
20473 133
20473 134
20473 135
20473 136
20473 137
20473 138
20473 139
20473 140
20473 141
20473 142
20473 143
20473 144
20473 145
20473 146
20473 147
20473 148
20473 149
20473 150
20473 151
20473 152
20473 153
20473 154
20473 155
20473 156
20473 157
20474 0
20474 1
20474 2
20474 3
20474 4
20474 5
20474 6
20474 7
20474 8
20474 9
20474 10
20474 11
20474 12
20474 13
20474 14
20474 15
20474 16
20474 17
20474 18
20474 19
20474 20
20474 21
20474 22
20474 23
20474 24
20474 25
20474 26
20474 27
20474 28
20474 29
20474 30
20474 31
20474 32
20474 33
20474 34
20474 35
20474 36
20474 37
20474 38
20474 39
20474 40
20474 41
20474 42
20474 43
20474 44
20474 45
20474 46
20474 47
20474 48
20474 49
20474 50
20474 51
20474 52
20474 53
20474 54
20474 55
20474 56
20474 57
20474 58
20474 59
20474 60
20474 61
20474 62
20474 63
20474 64
20474 65
20474 67
20474 68
20474 69
20474 70
20474 71
20474 72
20474 73
20474 74
20474 75
20474 76
20474 77
20474 78
20474 79
20474 80
20474 81
20474 82
20474 83
20474 84
20474 85
20474 86
20474 87
20474 88
20474 89
20474 90
20474 91
20474 92
20474 93
20474 94
20474 95
20474 96
20474 97
20474 98
20474 99
20474 100
20474 101
20474 102
20474 103
20474 104
20474 105
20474 106
20474 107
20474 108
20474 109
20474 110
20474 111
20474 112
20474 113
20474 114
20474 115
20474 116
20474 117
20474 118
20474 119
20474 120
20474 121
20474 122
20474 123
20474 124
20474 125
20474 126
20474 127
20474 128
20474 129
20474 130
20474 131
20474 132
20474 133
20474 134
20474 135
20474 136
20474 137
20474 138
20474 139
20474 140
20474 141
20474 142
20474 143
20474 144
20474 145
20474 146
20474 147
20474 148
20474 149
20474 150
20474 151
20474 152
20474 153
20474 154
20474 155
20474 156
20474 157
20474 158
20474 159
20474 160
20474 161
20474 162
20474 163
20474 164
20474 165
20474 166
20474 167
20474 168
20474 169
20474 170
20474 171
20474 172
20474 173
20474 174
20474 175
20474 176
20474 177
20474 178
20474 179
20474 180
20474 181
20474 182
20474 183
20474 184
20474 185
20474 186
20474 187
20474 188
20474 189
20474 190
20474 191
20474 192
20474 194
20474 195
20474 196
20474 197
20474 198
20474 199
20474 200
20474 201
20474 202
20474 203
20474 204
20474 205
20474 206
20474 207
20474 208
20474 209
20474 210
20474 211
20474 212
20474 213
20474 214
20474 215
20474 216
20474 217
20474 218
20475 0
20475 1
20475 2
20475 3
20475 4
20475 5
20475 6
20475 7
20475 8
20475 9
20475 10
20475 11
20475 12
20475 13
20475 14
20475 16
20475 17
20475 19
20475 20
20475 21
20475 22
20475 23
20475 24
20475 25
20475 26
20475 27
20475 28
20475 29
20475 30
20475 31
20475 32
20475 33
20475 34
20475 35
20475 36
20475 37
20475 38
20475 39
20475 40
20475 41
20475 42
20475 43
20475 44
20475 45
20475 46
20475 47
20475 48
20475 49
20475 50
20475 51
20475 52
20475 53
20475 54
20475 55
20475 56
20475 57
20475 58
20475 59
20475 60
20475 61
20475 62
20475 63
20475 64
20475 65
20475 66
20475 67
20475 68
20475 69
20475 70
20475 71
20475 72
20475 73
20475 74
20475 75
20475 76
20475 77
20476 0
20476 1
20476 3
20476 4
20476 6
20476 7
20476 8
20476 9
20476 10
20476 12
20476 13
20476 14
20476 15
20476 16
20476 18
20476 20
20476 21
20476 22
20476 23
20476 24
20476 25
20476 26
20476 27
20476 28
20476 29
20476 31
20476 35
20477 0
20477 2
20477 3
20477 4
20477 5
20477 6
20477 7
20477 8
20477 9
20477 10
20477 11
20477 12
20477 13
20477 14
20477 15
20477 16
20477 17
20477 18
20477 19
20477 20
20477 21
20477 22
20477 23
20477 24
20477 25
20477 26
20477 27
20477 28
20477 29
20477 30
20477 31
20477 32
20477 33
20477 34
20477 35
20477 36
20477 37
20477 38
20477 39
20477 40
20477 41
20477 42
20477 43
20477 44
20477 45
20477 47
20477 48
20477 49
20477 50
20477 51
20477 52
20477 53
20477 54
20477 55
20477 56
20477 59
20477 60
20477 61
20477 62
20477 63
20477 64
20477 65
20477 66
20477 67
20477 68
20477 70
20477 71
20477 73
20477 74
20477 75
20477 76
20477 77
20477 78
20477 79
20477 81
20477 82
20477 83
20477 84
20477 85
20477 86
20477 87
20477 88
20477 89
20477 90
20477 92
20477 93
20477 95
20477 96
20477 97
20477 98
20477 99
20477 100
20477 101
20477 102
20477 103
20477 104
20477 105
20477 106
20477 107
20477 108
20477 109
20477 110
20477 111
20477 112
20477 113
20477 114
20477 115
20477 116
20477 117
20477 119
20477 120
20477 121
20477 122
20477 123
20477 124
20477 125
20477 126
20477 127
20477 129
20477 130
20477 131
20477 132
20477 133
20477 134
20477 135
20477 136
20477 137
20477 138
20477 139
20477 140
20477 141
20477 142
20477 143
20477 144
20477 145
20477 146
20477 147
20477 148
20477 150
20477 151
20477 152
20477 153
20477 154
20477 155
20477 156
20477 157
20477 158
20477 159
20477 160
20477 161
20477 162
20477 163
20477 164
20477 165
20477 166
20477 167
20477 168
20477 169
20477 170
20477 171
20477 172
20477 174
20477 175
20477 176
20477 177
20477 178
20477 179
20477 180
20477 181
20477 182
20477 183
20477 184
20477 185
20477 186
20477 187
20477 188
20477 189
20477 190
20477 191
20477 192
20477 193
20477 194
20477 195
20477 196
20477 197
20477 198
20477 199
20477 200
20477 201
20477 202
20477 203
20477 206
20477 207
20477 208
20477 209
20477 213
20477 214
20477 215
20477 216
20477 217
20477 218
20477 219
20477 220
20477 222
20477 223
20477 224
20477 225
20477 226
20477 227
20477 228
20477 229
20477 230
20477 231
20477 232
20477 233
20477 234
20477 235
20477 236
20477 237
20477 238
20477 239
20477 240
20477 241
20477 242
20477 243
20477 244
20477 245
20477 246
20477 247
20477 248
20477 249
20477 250
20477 251
20477 252
20477 253
20477 255
20477 256
20477 257
20477 258
20477 259
20477 260
20477 261
20477 262
20477 263
20477 264
20477 265
20477 266
20477 267
20477 268
20477 269
20477 270
20477 271
20477 272
20477 274
20477 275
20477 276
20477 277
20477 279
20477 280
20477 281
20477 282
20477 283
20477 284
20477 285
20477 286
20477 287
20477 288
20477 289
20477 290
20477 291
20477 292
20477 293
20477 294
20477 295
20477 296
20477 297
20477 298
20477 299
20477 300
20477 301
20477 302
20477 303
20477 304
20477 305
20477 306
20477 307
20477 308
20477 309
20477 310
20477 311
20477 312
20477 313
20477 314
20477 316
20477 317
20477 318
20477 319
20477 320
20477 321
20477 322
20477 323
20477 324
20477 325
20477 326
20477 327
20477 328
20477 329
20477 330
20477 331
20477 332
20477 333
20477 334
20477 335
20477 336
20477 337
20477 338
20477 339
20477 340
20477 341
20477 342
20477 343
20477 344
20477 345
20477 346
20477 347
20477 348
20477 349
20477 350
20477 351
20477 352
20477 353
20477 354
20477 355
20477 356
20477 357
20477 358
20477 359
20477 360
20477 361
20477 362
20477 363
20477 364
20477 365
20477 366
20477 367
20477 368
20477 369
20477 370
20477 371
20477 372
20477 373
20477 374
20477 375
20477 376
20477 377
20477 378
20477 379
20477 380
20477 381
20477 382
20477 383
20477 384
20477 386
20477 387
20477 388
20477 389
20477 390
20477 391
20477 392
20477 393
20477 394
20477 395
20477 396
20477 397
20477 398
20477 399
20477 400
20477 401
20477 402
20477 403
20477 404
20477 405
20477 406
20477 407
20477 408
20477 409
20477 410
20477 411
20477 412
20477 413
20477 414
20477 415
20477 416
20477 417
20477 419
20477 420
20477 421
20477 422
20477 423
20477 424
20477 425
20477 426
20477 427
20477 428
20477 429
20477 430
20477 431
20477 432
20477 433
20477 434
20477 435
20477 436
20477 437
20477 438
20477 439
20477 440
20477 442
20477 443
20477 444
20477 445
20477 446
20477 447
20477 448
20477 449
20477 450
20477 451
20477 452
20477 453
20477 454
20477 455
20477 456
20477 458
20477 459
20477 460
20477 461
20477 463
20477 464
20477 465
20477 466
20477 467
20477 468
20477 469
20477 470
20477 471
20477 472
20477 473
20477 474
20477 475
20477 476
20477 477
20477 478
20477 479
20477 480
20477 481
20477 482
20477 483
20477 484
20477 485
20477 486
20477 487
20477 488
20477 490
20477 492
20477 493
20477 499
20477 500
20477 501
20477 502
20477 503
20477 504
20477 505
20477 506
20477 507
20477 508
20477 509
20477 510
20477 511
20477 512
20477 513
20477 514
20477 515
20477 516
20477 517
20477 518
20477 519
20477 520
20477 521
20477 522
20477 523
20477 524
20477 525
20477 526
20477 527
20477 528
20477 529
20477 530
20477 531
20477 532
20477 533
20477 534
20477 535
20477 536
20477 537
20477 538
20477 539
20477 540
20477 541
20477 542
20477 543
20477 544
20477 546
20477 547
20477 548
20477 549
20477 550
20477 551
20477 552
20477 553
20477 554
20477 555
20477 556
20477 558
20477 560
20477 561
20477 562
20477 563
20477 564
20477 565
20477 566
20477 568
20477 569
20477 570
20477 571
20477 573
20477 574
20477 575
20477 576
20477 577
20477 578
20477 579
20477 580
20477 581
20477 582
20478 0
20478 1
20478 2
20478 3
20478 4
20478 5
20478 6
20478 7
20478 8
20478 9
20478 10
20478 11
20478 12
20478 13
20478 14
20478 15
20478 16
20478 17
20478 18
20478 19
20478 20
20478 21
20478 22
20478 23
20478 24
20478 25
20478 26
20478 27
20478 28
20478 29
20478 31
20478 32
20478 33
20478 34
20478 35
20478 36
20478 37
20478 38
20478 39
20478 40
20478 41
20478 42
20478 43
20478 44
20478 45
20478 46
20478 47
20478 48
20478 49
20478 50
20478 51
20478 52
20478 53
20478 54
20478 55
20478 56
20478 57
20478 58
20478 59
20478 60
20478 61
20478 62
20478 63
20478 64
20478 65
20478 66
20478 67
20478 68
20478 69
20478 70
20478 71
20478 72
20478 73
20478 74
20478 75
20478 76
20478 77
20478 78
20478 79
20478 80
20478 81
20478 82
20478 83
20478 84
20478 85
20478 86
20478 87
20478 88
20478 89
20478 90
20478 91
20478 92
20478 93
20478 94
20478 95
20478 96
20478 97
20478 98
20478 99
20478 100
20478 101
20478 102
20478 103
20478 104
20478 105
20478 106
20478 107
20478 108
20478 109
20478 110
20478 111
20478 112
20478 113
20478 114
20478 115
20478 116
20478 117
20478 118
20478 119
20478 120
20478 121
20478 122
20478 123
20478 124
20478 126
20478 128
20478 129
20478 130
20478 131
20478 132
20478 133
20478 134
20478 135
20478 136
20478 137
20478 138
20478 139
20478 140
20478 141
20478 142
20478 143
20478 144
20478 145
20478 146
20478 147
20478 148
20478 149
20478 150
20478 151
20478 152
20480 0
20480 1
20480 2
20480 3
20480 4
20480 5
20480 6
20480 7
20480 8
20480 9
20480 10
20480 11
20480 12
20480 13
20480 14
20480 15
20480 16
20480 17
20480 18
20480 19
20480 20
20480 21
20480 22
20480 23
20480 24
20480 25
20480 26
20480 27
20480 28
20480 29
20480 30
20480 31
20480 32
20480 33
20480 34
20480 35
20480 36
20480 37
20480 38
20480 39
20480 40
20480 41
20480 42
20480 43
20480 44
20480 45
20480 46
20480 47
20480 48
20480 49
20480 50
20480 51
20480 52
20480 53
20480 54
20480 55
20480 56
20480 57
20480 58
20480 59
20480 60
20480 61
20480 62
20480 63
20480 64
20480 65
20480 66
20480 67
20480 68
20480 69
20480 70
20480 71
20480 72
20480 73
20480 74
20480 75
20480 76
20480 77
20480 78
20480 79
20480 80
20480 81
20480 82
20480 83
20480 84
20480 85
20480 86
20480 87
20480 88
20480 89
20480 90
20480 91
20480 92
20480 93
20480 94
20480 95
20480 96
20480 97
20480 98
20480 99
20480 100
20480 101
20480 102
20480 103
20480 104
20480 105
20480 106
20480 107
20480 108
20480 109
20480 110
20480 111
20480 112
20480 113
20480 114
20480 115
20480 116
20480 117
20480 118
20480 119
20480 120
20480 122
20480 123
20480 124
20480 125
20480 126
20480 127
20480 128
20480 129
20480 130
20480 131
20480 132
20480 133
20480 134
20480 135
20480 136
20480 137
20480 138
20480 139
20480 140
20480 141
20480 142
20480 143
20480 144
20480 145
20480 146
20480 147
20480 148
20480 149
20480 150
20480 151
20480 152
20480 153
20480 154
20480 155
20480 156
20480 157
20480 158
20480 159
20480 160
20480 161
20480 162
20480 163
20480 164
20480 165
20480 166
20480 167
20483 0
20483 1
20483 2
20484 0
20484 1
20484 2
20484 3
20484 4
20484 5
20484 6
20484 7
20484 8
20484 9
20484 10
20484 11
20484 12
20484 13
20484 14
20484 15
20484 16
20484 17
20484 18
20484 19
20484 20
20484 21
20484 22
20484 23
20484 24
20484 25
20484 26
20484 27
20484 28
20484 30
20484 31
20484 32
20484 33
20484 34
20484 35
20484 36
20484 37
20484 38
20484 39
20484 40
20484 41
20484 42
20484 43
20484 44
20484 45
20484 46
20484 47
20484 48
20484 49
20484 50
20484 51
20484 52
20484 53
20484 54
20484 55
20484 56
20484 57
20484 58
20484 59
20484 61
20484 62
20484 63
20484 64
20484 65
20484 66
20484 67
20484 68
20484 69
20484 70
20484 72
20484 73
20484 74
20484 75
20484 76
20484 77
20484 78
20484 79
20484 80
20484 81
20484 82
20484 83
20484 84
20484 85
20484 86
20484 87
20484 88
20484 89
20484 90
20484 91
20484 92
20484 93
20484 94
20484 95
20484 96
20484 97
20484 98
20484 99
20484 100
20484 101
20484 102
20484 103
20484 104
20484 105
20484 106
20484 108
20484 109
20484 110
20484 111
20484 112
20484 113
20484 114
20484 115
20484 116
20484 117
20484 118
20484 119
20484 120
20484 121
20484 122
20484 123
20484 124
20484 125
20484 126
20484 127
20484 128
20484 129
20484 130
20484 131
20484 132
20484 133
20484 134
20484 135
20484 136
20484 137
20484 138
20484 139
20484 140
20484 141
20484 142
20484 143
20484 144
20484 145
20484 146
20484 147
20484 148
20484 149
20484 151
20484 152
20484 154
20484 155
20484 156
20484 157
20484 158
20484 159
20484 160
20484 161
20484 162
20484 163
20484 164
20484 165
20484 166
20484 167
20484 168
20484 169
20484 170
20484 171
20484 172
20484 173
20484 174
20484 175
20484 176
20484 177
20484 178
20484 179
20484 180
20484 181
20484 182
20484 183
20484 184
20484 185
20484 186
20484 187
20484 188
20484 189
20484 190
20484 191
20484 192
20484 193
20484 194
20484 195
20484 196
20484 197
20484 198
20484 199
20484 200
20484 201
20484 202
20484 203
20484 204
20484 205
20484 206
20484 207
20484 208
20484 209
20484 210
20484 211
20484 212
20484 213
20484 214
20484 215
20484 216
20484 217
20484 218
20484 219
20484 220
20484 221
20484 222
20484 223
20484 224
20484 225
20484 226
20484 227
20484 228
20484 229
20484 230
20484 231
20484 232
20484 233
20484 235
20484 236
20484 237
20484 238
20484 239
20484 240
20484 241
20484 242
20484 243
20484 245
20484 246
20484 247
20484 248
20484 249
20484 250
20484 251
20484 252
20484 253
20484 254
20484 255
20484 256
20484 257
20484 258
20484 259
20484 260
20484 261
20484 262
20484 263
20484 265
20484 266
20484 267
20484 268
20484 269
20484 270
20484 272
20484 273
20484 274
20484 275
20484 276
20484 277
20484 278
20484 279
20484 280
20484 281
20484 282
20484 283
20484 284
20484 285
20484 286
20484 287
20484 288
20484 289
20484 290
20484 291
20484 292
20484 293
20484 294
20484 295
20484 296
20484 297
20484 298
20484 299
20484 300
20484 301
20484 302
20484 303
20484 304
20484 305
20484 306
20484 307
20484 308
20484 309
20484 310
20484 311
20484 312
20484 313
20484 314
20484 315
20484 316
20484 317
20484 318
20484 319
20484 320
20484 321
20484 322
20484 323
20484 324
20484 325
20484 326
20484 327
20484 328
20484 329
20484 330
20484 331
20484 332
20484 333
20484 334
20484 335
20484 336
20484 337
20484 338
20484 339
20484 340
20484 342
20484 343
20484 344
20484 345
20484 346
20484 347
20484 348
20484 349
20484 350
20484 351
20484 352
20484 353
20484 354
20484 355
20484 356
20484 357
20484 358
20484 359
20484 360
20484 361
20484 362
20484 363
20484 364
20484 365
20484 366
20484 367
20484 368
20484 369
20484 370
20484 371
20484 372
20484 373
20484 374
20484 375
20484 376
20484 377
20484 378
20484 379
20484 380
20484 381
20484 382
20484 383
20484 384
20484 385
20484 386
20484 387
20484 388
20484 389
20484 390
20484 391
20484 392
20484 393
20484 394
20484 395
20484 396
20484 397
20484 398
20484 399
20484 400
20484 401
20484 402
20484 404
20484 405
20484 406
20484 407
20484 408
20484 409
20484 410
20484 411
20484 412
20484 413
20484 415
20484 416
20484 417
20484 418
20484 419
20484 420
20484 421
20484 422
20484 423
20484 424
20484 425
20484 426
20484 427
20484 428
20484 430
20484 431
20484 432
20484 433
20484 434
20484 435
20484 436
20484 437
20484 438
20484 439
20484 440
20484 441
20484 443
20484 444
20484 445
20484 446
20484 447
20484 448
20484 449
20484 450
20484 451
20484 452
20484 453
20484 454
20484 455
20484 456
20484 457
20484 458
20484 459
20484 460
20484 461
20484 462
20484 463
20484 464
20484 465
20484 466
20484 467
20484 468
20484 469
20484 470
20484 471
20484 472
20484 473
20484 474
20484 475
20484 476
20484 477
20484 478
20484 479
20484 480
20484 481
20484 482
20484 483
20484 484
20484 485
20484 486
20484 487
20484 488
20484 490
20484 491
20484 492
20484 493
20484 494
20484 495
20484 496
20484 497
20484 498
20484 499
20484 500
20484 501
20484 502
20484 503
20484 504
20484 505
20484 506
20484 507
20484 508
20484 509
20484 510
20484 511
20484 512
20484 513
20484 514
20484 515
20484 516
20484 517
20484 518
20484 519
20484 520
20484 521
20484 522
20484 523
20484 524
20484 525
20484 526
20484 527
20484 528
20484 529
20484 530
20484 531
20484 533
20484 534
20484 535
20484 536
20484 537
20484 538
20484 539
20484 540
20484 541
20484 542
20484 543
20484 544
20484 545
20484 546
20484 547
20484 548
20484 549
20484 550
20484 551
20484 552
20484 553
20484 554
20484 555
20484 556
20484 557
20484 558
20484 559
20484 560
20484 561
20484 562
20484 563
20484 564
20484 566
20484 567
20484 568
20484 569
20484 570
20484 571
20484 572
20484 573
20484 574
20484 575
20484 576
20484 577
20484 578
20485 0
20485 1
20485 2
20485 3
20485 4
20485 5
20485 6
20485 7
20485 8
20485 9
20485 10
20485 11
20485 12
20485 13
20485 14
20486 0
20486 1
20486 2
20486 3
20486 4
20486 5
20486 6
20486 7
20486 8
20486 9
20486 10
20486 11
20486 12
20486 13
20486 14
20486 15
20486 16
20486 17
20486 18
20486 20
20486 21
20486 22
20486 23
20486 24
20486 25
20486 26
20486 27
20486 28
20486 29
20486 30
20486 31
20486 32
20486 33
20486 34
20486 35
20486 36
20486 37
20486 38
20486 39
20486 40
20486 41
20486 43
20486 44
20486 45
20486 46
20486 47
20486 48
20486 49
20486 51
20486 52
20486 53
20486 54
20486 55
20486 56
20486 57
20486 58
20486 59
20486 60
20486 61
20486 62
20486 63
20486 64
20486 65
20486 66
20486 67
20486 68
20486 69
20486 70
20486 71
20486 72
20486 74
20486 75
20486 76
20486 77
20486 78
20486 79
20486 81
20486 82
20486 83
20486 84
20486 85
20486 86
20486 87
20486 88
20486 89
20486 90
20486 91
20486 92
20486 93
20486 94
20486 95
20486 96
20486 97
20486 98
20486 99
20486 100
20486 101
20486 102
20486 103
20486 104
20486 105
20486 106
20486 107
20486 108
20486 109
20486 110
20486 111
20486 112
20486 113
20486 114
20486 115
20486 116
20486 117
20486 118
20486 119
20486 120
20486 122
20486 123
20486 125
20486 126
20486 127
20486 128
20486 129
20486 130
20486 131
20486 132
20486 134
20486 136
20486 137
20486 138
20486 139
20486 140
20486 141
20486 142
20486 143
20486 144
20486 145
20486 146
20486 147
20486 148
20486 149
20486 150
20486 151
20486 152
20486 153
20486 154
20486 155
20486 156
20486 157
20486 158
20486 159
20486 160
20486 161
20486 162
20486 163
20486 164
20486 165
20486 166
20486 168
20486 170
20486 171
20486 172
20486 173
20486 174
20486 175
20486 176
20486 177
20486 178
20486 179
20486 181
20486 182
20486 183
20486 184
20486 185
20486 186
20486 187
20486 188
20486 189
20486 190
20486 191
20486 192
20486 193
20486 194
20486 195
20486 196
20486 197
20486 198
20486 199
20486 200
20486 201
20486 202
20486 203
20486 204
20486 205
20486 206
20486 207
20486 208
20486 209
20486 210
20486 211
20486 212
20486 213
20486 214
20486 215
20486 216
20486 217
20486 218
20486 219
20486 220
20486 221
20486 222
20486 223
20486 225
20486 226
20486 227
20486 228
20486 229
20486 230
20486 231
20486 232
20486 233
20486 234
20486 236
20486 237
20486 238
20486 239
20486 240
20486 241
20486 243
20486 244
20486 245
20486 246
20486 247
20486 248
20486 249
20486 250
20486 251
20486 252
20486 253
20486 254
20486 255
20486 256
20486 257
20486 258
20486 259
20486 260
20486 261
20486 262
20486 263
20486 264
20486 265
20486 266
20486 267
20486 268
20486 269
20486 270
20486 271
20486 272
20486 273
20486 274
20486 275
20486 276
20486 277
20486 278
20486 279
20486 280
20486 281
20486 282
20486 283
20486 284
20486 285
20486 286
20486 287
20486 288
20486 289
20486 290
20486 291
20486 292
20486 293
20486 294
20486 295
20486 296
20486 297
20486 298
20486 299
20486 300
20486 302
20486 303
20486 304
20486 305
20486 306
20486 307
20486 308
20486 309
20486 310
20486 311
20486 312
20486 313
20486 314
20486 315
20486 316
20486 317
20486 319
20486 320
20486 321
20486 322
20486 323
20486 324
20486 325
20486 326
20486 327
20486 328
20486 330
20486 331
20486 332
20486 333
20486 334
20486 335
20486 336
20486 337
20486 338
20486 339
20486 340
20486 341
20486 342
20486 343
20486 344
20486 345
20486 346
20486 347
20486 348
20486 350
20486 351
20486 352
20486 353
20486 354
20486 355
20486 357
20486 358
20486 359
20486 360
20486 361
20486 362
20486 363
20486 364
20486 365
20486 366
20486 367
20486 368
20486 369
20486 370
20486 371
20486 372
20486 373
20486 374
20486 375
20486 376
20486 377
20486 378
20486 379
20486 380
20486 381
20486 382
20486 383
20486 385
20486 386
20486 387
20486 388
20486 389
20486 390
20486 391
20486 392
20486 393
20486 394
20486 395
20486 396
20486 397
20486 398
20486 399
20486 400
20486 401
20486 402
20486 403
20486 404
20486 405
20486 406
20486 407
20486 408
20486 409
20486 410
20486 411
20486 412
20486 413
20486 414
20486 415
20486 416
20486 417
20486 418
20486 419
20486 420
20486 421
20486 422
20486 423
20486 424
20486 425
20486 426
20486 427
20486 428
20486 429
20486 430
20486 431
20486 432
20486 434
20486 435
20486 436
20486 437
20486 438
20486 439
20486 440
20486 441
20486 442
20486 443
20486 444
20486 445
20486 446
20486 447
20486 448
20486 449
20486 450
20486 451
20486 452
20486 453
20486 454
20486 455
20486 456
20486 458
20486 459
20486 460
20486 461
20486 462
20486 463
20486 464
20486 465
20486 466
20486 467
20486 468
20486 469
20486 470
20486 471
20486 472
20486 473
20486 474
20486 475
20486 476
20486 477
20486 478
20486 480
20486 481
20486 482
20486 483
20486 484
20486 485
20486 486
20486 488
20486 489
20486 490
20486 491
20486 492
20486 493
20486 494
20486 495
20486 496
20486 497
20486 498
20486 499
20486 500
20486 501
20486 502
20486 503
20486 504
20486 505
20486 506
20486 507
20486 508
20486 509
20486 510
20486 511
20486 512
20486 513
20486 514
20486 515
20486 516
20486 517
20486 518
20486 519
20486 520
20486 521
20486 522
20486 523
20486 524
20486 525
20486 526
20486 527
20486 528
20486 529
20486 530
20486 531
20486 532
20486 534
20486 535
20486 536
20486 537
20486 538
20486 539
20486 540
20486 541
20486 542
20486 543
20486 544
20486 545
20486 546
20486 547
20486 548
20486 549
20486 550
20486 551
20486 552
20486 553
20486 554
20486 555
20486 556
20486 557
20486 558
20486 559
20486 560
20486 561
20486 563
20486 564
20486 565
20486 566
20486 567
20486 568
20486 569
20486 570
20486 571
20486 572
20486 573
20486 574
20486 575
20486 576
20486 577
20486 578
20486 579
20486 580
20486 581
20486 582
20486 583
20486 584
20486 585
20486 586
20486 587
20486 588
20486 589
20486 590
20486 591
20486 592
20486 593
20486 594
20486 595
20486 596
20486 597
20486 598
20486 599
20486 600
20486 601
20486 602
20486 603
20486 604
20486 605
20486 606
20486 607
20486 608
20486 609
20486 610
20487 0
20487 1
20487 2
20487 3
20487 4
20487 5
20487 6
20487 7
20487 8
20487 9
20487 10
20487 11
20487 12
20487 13
20487 14
20487 15
20487 16
20487 17
20487 18
20487 19
20487 20
20487 21
20487 22
20487 23
20487 24
20487 25
20487 26
20487 27
20487 28
20487 29
20487 30
20487 31
20487 32
20487 33
20487 34
20487 35
20487 36
20487 37
20489 0
20489 1
20489 2
20489 3
20489 4
20489 5
20489 6
20489 7
20489 8
20489 9
20489 10
20489 12
20489 13
20489 14
20489 15
20489 16
20489 17
20489 18
20489 19
20489 20
20489 21
20489 22
20489 23
20489 24
20489 25
20489 26
20489 27
20489 28
20489 29
20489 30
20489 31
20489 32
20489 34
20489 36
20489 37
20489 38
20489 39
20489 40
20489 41
20489 42
20489 43
20489 44
20489 45
20489 46
20489 47
20489 48
20489 49
20489 50
20489 51
20489 52
20489 53
20489 54
20489 55
20489 56
20489 57
20489 58
20489 59
20489 60
20489 61
20489 62
20489 63
20489 64
20489 65
20489 66
20489 67
20489 68
20489 69
20489 70
20489 71
20489 72
20489 73
20489 74
20489 75
20489 76
20489 77
20489 78
20489 79
20489 80
20489 81
20489 82
20489 83
20489 84
20489 85
20489 86
20489 87
20489 89
20489 91
20489 92
20489 93
20489 94
20489 95
20489 96
20489 97
20489 98
20489 99
20489 100
20489 101
20489 102
20489 103
20489 104
20489 105
20489 106
20489 107
20489 108
20489 109
20489 110
20489 111
20489 112
20489 113
20489 115
20489 116
20489 117
20489 118
20489 119
20489 120
20489 122
20489 123
20489 124
20489 125
20489 126
20489 128
20489 129
20489 130
20489 131
20489 132
20489 133
20489 135
20489 136
20489 137
20489 138
20489 139
20489 140
20489 141
20489 142
20489 143
20489 144
20489 145
20489 146
20489 147
20489 148
20489 149
20489 150
20489 151
20489 152
20489 153
20489 154
20489 155
20489 156
20489 157
20489 158
20489 159
20489 160
20489 161
20489 162
20489 164
20489 165
20489 166
20489 167
20489 168
20489 169
20489 170
20489 171
20489 172
20489 173
20489 174
20489 175
20489 176
20490 0
20490 1
20490 2
20490 3
20490 4
20490 5
20490 6
20490 7
20490 8
20490 9
20490 10
20490 11
20490 12
20490 14
20490 15
20490 16
20490 17
20490 18
20490 19
20490 20
20490 21
20490 22
20490 23
20490 24
20490 25
20490 26
20490 27
20490 28
20490 29
20490 30
20490 31
20490 32
20490 33
20490 34
20490 36
20490 37
20490 38
20490 39
20490 40
20490 41
20490 42
20490 43
20490 44
20490 46
20490 47
20490 49
20490 50
20490 51
20490 52
20490 53
20490 54
20490 56
20490 57
20490 58
20490 59
20490 60
20490 61
20490 62
20490 63
20490 64
20490 68
20490 69
20490 70
20490 71
20490 72
20490 73
20490 74
20490 75
20490 76
20490 77
20490 78
20490 80
20490 81
20490 82
20490 83
20490 85
20490 86
20490 87
20490 88
20490 89
20490 90
20490 91
20490 93
20490 94
20490 95
20490 96
20490 97
20490 98
20490 99
20490 100
20490 101
20490 102
20490 103
20490 105
20490 108
20490 109
20490 110
20490 111
20490 112
20490 113
20490 114
20490 115
20490 118
20490 119
20490 120
20490 121
20490 123
20490 124
20490 125
20490 126
20490 127
20490 128
20490 129
20490 130
20490 131
20490 132
20490 133
20490 134
20490 135
20490 137
20490 138
20490 139
20490 140
20490 141
20490 145
20490 146
20490 147
20490 148
20490 149
20490 150
20490 151
20490 152
20490 153
20490 154
20490 155
20490 156
20490 157
20490 158
20490 159
20490 160
20490 161
20490 162
20490 163
20490 164
20490 165
20490 166
20490 167
20490 168
20490 169
20490 170
20490 171
20490 172
20490 173
20490 174
20490 175
20490 176
20490 177
20490 178
20490 179
20490 180
20490 181
20490 182
20490 183
20490 184
20490 185
20490 186
20490 187
20490 188
20490 189
20490 190
20490 191
20490 192
20490 193
20490 194
20490 195
20490 196
20490 197
20490 199
20490 202
20490 203
20490 204
20490 205
20490 207
20490 208
20490 209
20490 210
20490 211
20490 212
20490 213
20490 214
20490 216
20490 217
20490 218
20490 219
20490 220
20490 221
20490 222
20490 223
20490 224
20490 225
20490 226
20490 227
20490 229
20490 230
20490 231
20490 232
20490 233
20490 234
20490 236
20490 237
20490 238
20490 239
20490 241
20490 242
20490 243
20490 244
20490 245
20490 246
20490 249
20490 251
20490 252
20490 253
20490 254
20490 255
20490 256
20490 257
20490 258
20490 259
20490 260
20490 261
20490 262
20490 263
20491 0
20491 1
20491 2
20491 3
20491 4
20491 5
20491 6
20491 8
20491 9
20491 10
20491 11
20491 12
20491 13
20491 14
20491 15
20491 16
20491 17
20491 18
20491 19
20491 20
20491 21
20491 22
20491 23
20491 24
20491 25
20491 26
20491 27
20491 28
20491 29
20491 30
20491 31
20491 32
20491 33
20491 34
20491 35
20491 36
20491 37
20491 38
20491 39
20491 40
20491 41
20491 42
20491 43
20491 44
20491 45
20491 46
20491 47
20491 48
20491 49
20491 50
20491 51
20491 52
20491 53
20491 54
20491 55
20491 56
20491 57
20491 58
20491 59
20491 60
20491 61
20491 62
20491 64
20491 65
20491 66
20491 67
20491 68
20491 69
20491 70
20491 71
20491 72
20491 73
20491 74
20491 75
20491 76
20491 77
20491 78
20491 79
20491 80
20491 81
20491 82
20491 83
20491 84
20491 85
20491 86
20491 87
20491 88
20491 89
20491 90
20491 91
20491 92
20491 93
20491 94
20491 95
20491 96
20491 97
20491 98
20491 99
20491 100
20491 101
20491 102
20491 103
20491 104
20491 105
20491 106
20491 108
20491 109
20491 110
20491 111
20491 112
20491 113
20491 115
20491 116
20491 117
20491 120
20491 121
20491 122
20491 123
20491 124
20491 125
20491 126
20491 127
20491 128
20491 129
20491 130
20491 131
20491 132
20491 133
20491 134
20491 135
20491 136
20491 137
20491 138
20491 139
20491 140
20491 141
20491 142
20491 143
20491 144
20491 145
20491 146
20491 147
20491 148
20491 149
20491 150
20491 151
20491 152
20491 153
20491 154
20491 155
20491 156
20491 157
20491 158
20491 159
20491 160
20491 161
20491 162
20491 163
20491 164
20491 165
20491 166
20491 167
20491 168
20491 169
20491 170
20491 171
20491 172
20491 173
20491 174
20491 175
20491 176
20491 177
20491 178
20491 179
20491 180
20491 181
20491 182
20491 183
20491 184
20491 185
20491 186
20491 187
20491 188
20491 189
20491 191
20491 192
20491 193
20491 194
20491 195
20491 196
20491 197
20491 198
20491 199
20491 200
20491 201
20491 202
20491 203
20491 204
20491 205
20491 206
20491 207
20491 208
20491 209
20491 210
20491 211
20491 212
20491 213
20491 214
20491 215
20491 216
20491 217
20491 218
20491 219
20491 220
20491 221
20491 222
20491 223
20491 224
20491 225
20491 226
20491 228
20491 229
20491 230
20491 231
20491 232
20491 234
20491 235
20491 236
20491 237
20491 238
20491 239
20491 240
20491 241
20491 242
20491 243
20491 244
20491 245
20491 246
20491 247
20491 248
20491 249
20491 250
20491 251
20491 252
20491 253
20491 254
20491 255
20491 256
20491 257
20491 258
20491 259
20491 260
20491 261
20491 262
20491 263
20491 264
20491 265
20491 268
20491 269
20491 270
20491 271
20491 272
20491 273
20491 274
20491 275
20491 276
20491 277
20491 278
20491 279
20491 280
20491 281
20491 283
20491 284
20491 285
20491 286
20491 287
20491 288
20491 289
20491 290
20491 291
20491 292
20491 293
20491 294
20491 295
20491 296
20491 297
20491 298
20491 299
20491 300
20491 301
20491 302
20491 303
20491 304
20491 305
20491 306
20491 307
20491 308
20491 309
20491 310
20491 311
20491 312
20491 313
20491 314
20491 315
20491 316
20491 317
20491 318
20491 319
20491 320
20491 321
20491 322
20491 323
20491 324
20491 325
20491 326
20491 328
20491 329
20491 330
20491 331
20491 332
20491 333
20491 334
20491 335
20491 336
20491 337
20491 338
20491 339
20491 340
20491 341
20491 342
20491 343
20491 344
20491 345
20491 346
20491 347
20491 348
20491 350
20491 351
20491 353
20491 354
20491 355
20491 356
20491 358
20491 359
20491 360
20491 361
20491 362
20491 363
20491 364
20491 365
20491 366
20491 367
20491 368
20491 369
20491 370
20491 371
20491 372
20491 373
20491 374
20491 375
20491 376
20491 377
20491 378
20491 379
20491 380
20491 381
20491 382
20491 383
20491 384
20491 385
20491 386
20491 387
20491 388
20491 389
20491 390
20491 391
20492 0
20492 1
20492 2
20492 3
20492 4
20492 5
20492 6
20492 7
20492 8
20492 9
20492 10
20492 12
20492 13
20492 14
20492 15
20492 16
20492 17
20492 20
20492 21
20492 22
20492 23
20492 25
20492 26
20492 27
20492 28
20492 29
20492 30
20492 32
20492 33
20492 34
20492 36
20492 37
20492 38
20492 39
20492 41
20492 42
20492 43
20492 45
20492 46
20492 47
20492 48
20492 49
20492 50
20492 51
20492 54
20492 55
20492 57
20492 58
20492 59
20492 60
20492 61
20492 62
20492 63
20492 64
20492 65
20492 66
20492 67
20492 68
20492 69
20492 70
20492 71
20492 72
20492 73
20492 74
20492 75
20492 76
20492 77
20492 78
20492 79
20492 80
20492 81
20492 82
20492 83
20492 84
20492 86
20492 87
20492 88
20492 89
20492 91
20492 92
20492 93
20492 94
20492 95
20492 96
20492 97
20492 98
20492 99
20492 100
20492 101
20492 102
20492 104
20492 105
20492 106
20492 107
20492 108
20492 109
20492 110
20492 111
20492 112
20492 113
20492 114
20492 115
20492 116
20492 117
20492 118
20492 119
20492 120
20492 121
20492 122
20492 124
20492 125
20492 126
20492 127
20492 128
20492 129
20492 130
20492 131
20492 132
20492 133
20492 134
20492 135
20492 136
20492 137
20492 138
20492 139
20492 140
20492 141
20492 142
20492 143
20492 144
20492 145
20492 146
20492 147
20492 148
20492 149
20492 150
20492 151
20492 152
20492 153
20492 154
20492 155
20492 158
20492 159
20492 160
20492 161
20492 162
20492 163
20492 164
20492 165
20492 166
20492 167
20492 168
20492 169
20492 170
20492 171
20492 172
20492 173
20492 174
20492 175
20492 176
20492 178
20492 179
20492 180
20492 181
20492 182
20492 183
20492 184
20492 185
20492 186
20492 187
20492 188
20492 189
20492 190
20492 191
20492 192
20492 194
20492 195
20492 196
20492 197
20492 199
20492 200
20492 201
20492 202
20492 203
20492 204
20492 205
20492 206
20492 207
20492 208
20492 209
20492 211
20492 212
20492 213
20492 214
20492 215
20492 216
20492 217
20492 218
20492 219
20492 220
20492 221
20492 222
20492 223
20492 224
20492 226
20492 227
20492 228
20492 229
20492 230
20492 231
20492 232
20492 233
20492 234
20492 235
20492 236
20492 237
20492 238
20492 239
20492 240
20492 241
20492 242
20492 243
20492 244
20492 245
20492 246
20492 247
20492 248
20492 249
20492 250
20492 251
20492 252
20492 254
20492 255
20492 256
20492 257
20492 258
20492 259
20492 260
20492 261
20492 262
20492 263
20492 264
20492 265
20492 266
20492 267
20492 268
20492 269
20492 270
20492 271
20492 272
20492 273
20492 274
20492 275
20492 276
20492 277
20492 278
20492 279
20492 280
20492 281
20492 282
20492 283
20492 284
20492 285
20492 287
20492 288
20492 289
20492 290
20492 291
20492 292
20492 293
20492 294
20492 295
20492 296
20492 297
20492 298
20492 299
20492 300
20492 301
20492 302
20492 303
20492 304
20492 305
20492 306
20492 307
20492 308
20492 309
20492 310
20492 311
20492 312
20492 313
20492 314
20492 315
20492 316
20492 317
20492 318
20492 319
20492 320
20492 322
20492 323
20492 325
20492 326
20492 327
20492 329
20492 330
20492 331
20492 332
20492 333
20492 334
20492 335
20492 336
20492 337
20492 338
20492 339
20492 340
20492 341
20492 342
20492 344
20492 345
20492 346
20492 347
20492 348
20492 349
20492 351
20492 352
20492 353
20492 354
20492 355
20492 356
20492 357
20492 358
20492 359
20492 360
20492 361
20492 362
20492 364
20492 365
20492 366
20492 367
20492 368
20492 369
20492 370
20492 371
20492 372
20492 373
20492 374
20492 375
20492 376
20492 377
20492 378
20492 379
20492 380
20492 381
20492 382
20492 383
20492 385
20492 388
20492 389
20492 390
20492 391
20492 392
20492 393
20492 394
20492 395
20492 396
20492 397
20492 398
20492 399
20492 400
20492 401
20492 402
20492 403
20494 0
20494 1
20494 2
20494 4
20494 5
20494 6
20494 7
20494 8
20494 9
20494 10
20494 11
20494 12
20494 13
20494 14
20494 15
20494 18
20494 19
20494 21
20494 22
20494 23
20494 24
20494 25
20494 26
20494 29
20494 31
20494 32
20494 34
20494 35
20494 36
20494 37
20494 38
20494 40
20494 41
20494 42
20494 43
20494 44
20494 46
20494 47
20494 48
20494 49
20494 50
20494 51
20494 52
20495 1
20495 2
20495 3
20495 4
20495 5
20495 6
20495 7
20495 8
20495 9
20495 10
20495 15
20495 16
20495 17
20495 19
20495 21
20495 22
20495 23
20495 26
20495 27
20495 30
20495 33
20495 34
20495 35
20495 37
20495 38
20495 39
20495 40
20495 43
20496 0
20496 1
20496 2
20496 3
20496 4
20496 5
20496 6
20496 7
20496 8
20496 9
20496 10
20496 11
20496 12
20496 13
20496 14
20496 15
20496 16
20496 17
20496 18
20496 19
20496 20
20496 21
20496 22
20496 23
20496 24
20496 25
20496 26
20496 27
20496 28
20496 29
20496 30
20496 31
20496 32
20496 33
20496 34
20496 35
20496 36
20496 37
20496 38
20496 39
20496 40
20496 41
20496 42
20496 43
20496 44
20496 45
20496 46
20496 47
20496 48
20496 49
20496 50
20496 51
20496 52
20496 53
20496 54
20496 55
20496 56
20496 57
20496 58
20496 59
20496 60
20496 61
20496 62
20496 63
20496 64
20496 65
20496 66
20496 67
20496 68
20496 69
20496 70
20496 71
20496 72
20496 73
20496 74
20496 75
20496 76
20496 77
20496 78
20496 79
20496 80
20497 0
20497 1
20497 2
20497 3
20497 4
20497 5
20497 6
20497 7
20497 8
20497 9
20497 11
20497 12
20497 13
20497 14
20497 15
20497 16
20497 17
20497 18
20497 19
20497 20
20497 21
20497 22
20497 23
20497 24
20497 25
20497 26
20497 27
20497 28
20497 30
20497 31
20497 33
20497 34
20497 35
20497 36
20497 37
20497 38
20497 39
20497 40
20497 41
20497 42
20497 43
20497 44
20497 45
20497 46
20497 47
20497 48
20497 49
20497 50
20497 51
20497 52
20497 53
20497 54
20497 55
20497 56
20497 57
20497 58
20497 59
20497 60
20497 61
20497 62
20497 63
20497 64
20497 65
20497 66
20497 67
20497 68
20497 69
20497 70
20497 71
20497 72
20497 73
20497 74
20497 75
20497 76
20498 2
20498 3
20498 4
20498 5
20498 6
20498 7
20498 8
20498 9
20498 10
20498 11
20498 12
20498 13
20498 14
20498 15
20498 16
20498 17
20498 18
20498 19
20498 20
20498 21
20498 22
20498 23
20498 24
20498 25
20498 26
20498 27
20498 28
20498 29
20498 30
20498 31
20498 32
20498 33
20498 34
20498 35
20498 36
20498 37
20498 38
20498 39
20498 40
20498 41
20498 42
20498 43
20498 44
20498 45
20498 46
20498 47
20498 48
20498 49
20498 50
20498 51
20498 52
20498 53
20498 54
20498 56
20498 57
20498 58
20498 59
20498 60
20498 61
20498 62
20498 64
20498 65
20498 66
20498 69
20498 70
20498 71
20498 72
20498 73
20498 74
20498 75
20498 76
20498 77
20498 78
20498 79
20498 80
20498 81
20498 82
20498 83
20498 84
20498 85
20498 86
20498 87
20498 88
20498 89
20498 90
20498 91
20498 92
20498 93
20498 94
20498 95
20498 96
20498 97
20498 98
20498 99
20498 100
20498 101
20498 102
20498 103
20498 104
20498 105
20498 106
20498 107
20498 108
20498 109
20498 110
20498 112
20498 114
20498 115
20498 116
20498 117
20498 118
20498 119
20498 120
20498 121
20498 122
20498 124
20498 125
20498 127
20498 128
20498 129
20498 130
20498 131
20498 132
20498 133
20498 134
20498 135
20498 136
20498 137
20498 138
20498 139
20498 140
20498 141
20498 142
20498 143
20498 144
20498 145
20498 146
20498 147
20498 148
20498 149
20498 150
20498 151
20498 152
20498 153
20498 154
20498 155
20498 156
20499 0
20499 1
20499 2
20499 3
20499 4
20499 5
20499 6
20499 7
20499 8
20499 9
20499 10
20499 11
20499 12
20499 13
20499 14
20499 15
20499 16
20499 17
20499 18
20499 19
20499 20
20499 21
20499 22
20499 23
20499 24
20499 25
20499 26
20499 27
20499 28
20499 29
20499 30
20499 31
20499 32
20499 33
20499 34
20499 35
20499 36
20499 37
20499 38
20499 39
20499 40
20499 41
20499 42
20499 43
20499 44
20499 45
20499 46
20499 47
20499 48
20499 49
20499 50
20499 51
20499 52
20499 53
20499 54
20499 55
20499 56
20499 57
20499 58
20499 59
20499 60
20499 61
20499 62
20499 63
20499 64
20499 65
20499 66
20499 67
20499 68
20499 69
20499 70
20499 71
20499 72
20499 73
20500 0
20500 1
20500 2
20500 3
20500 4
20500 5
20500 6
20500 7
20500 8
20500 9
20500 10
20500 11
20500 12
20500 13
20500 14
20500 15
20500 16
20500 17
20500 18
20500 19
20500 20
20500 21
20500 22
20500 23
20500 24
20501 0
20501 1
20501 2
20501 3
20501 4
20501 5
20501 7
20501 8
20501 9
20501 10
20501 11
20501 12
20501 13
20501 14
20501 15
20501 16
20501 17
20501 18
20501 19
20501 20
20501 21
20501 22
20501 23
20501 24
20501 25
20501 26
20501 27
20501 28
20501 29
20501 30
20501 31
20501 32
20501 33
20501 34
20501 35
20501 36
20501 37
20501 38
20502 0
20502 1
20502 2
20502 3
20502 4
20502 5
20502 6
20502 7
20502 8
20502 9
20502 11
20502 12
20502 13
20502 14
20502 15
20502 16
20502 17
20502 18
20502 19
20502 20
20502 21
20502 23
20502 24
20502 25
20502 26
20502 27
20502 28
20502 29
20502 30
20502 31
20502 32
20502 33
20502 34
20502 35
20502 36
20502 37
20502 38
20502 40
20502 41
20502 42
20502 43
20502 45
20502 46
20502 48
20502 49
20502 50
20502 52
20502 53
20502 54
20502 55
20502 57
20502 58
20502 59
20502 60
20502 61
20502 63
20502 64
20502 65
20502 66
20502 67
20502 68
20502 69
20502 70
20502 71
20502 72
20502 73
20502 74
20502 75
20502 76
20502 77
20502 78
20502 79
20502 80
20502 81
20502 82
20502 83
20502 84
20502 85
20502 87
20502 88
20502 89
20502 90
20502 91
20502 92
20502 93
20502 94
20502 95
20502 96
20502 97
20502 98
20502 99
20502 100
20502 101
20502 102
20502 103
20502 104
20502 105
20502 106
20502 107
20502 108
20502 109
20502 110
20502 111
20502 112
20502 113
20502 114
20502 115
20502 116
20502 117
20502 118
20502 119
20502 120
20502 121
20502 122
20502 123
20502 124
20502 125
20502 126
20502 127
20502 128
20502 129
20502 130
20502 131
20502 132
20502 133
20502 134
20502 135
20502 136
20502 137
20502 139
20502 141
20502 142
20502 143
20502 145
20502 146
20502 147
20502 149
20502 150
20502 151
20502 152
20502 154
20502 155
20502 156
20502 157
20502 158
20502 159
20502 160
20502 161
20502 162
20502 163
20502 164
20502 165
20502 166
20502 167
20502 168
20502 169
20502 170
20502 171
20502 172
20502 173
20502 174
20502 175
20502 176
20502 177
20502 178
20502 179
20502 180
20502 182
20502 183
20502 184
20502 185
20502 186
20502 187
20502 188
20502 189
20502 190
20502 191
20502 192
20502 193
20502 194
20502 195
20502 196
20502 197
20502 198
20502 199
20502 200
20502 201
20502 202
20502 203
20502 204
20502 205
20502 206
20502 207
20502 209
20502 210
20502 211
20502 212
20502 213
20502 215
20502 217
20502 218
20502 219
20502 222
20502 223
20502 224
20502 225
20502 226
20502 228
20502 229
20502 230
20502 231
20502 232
20502 233
20502 234
20502 235
20502 236
20502 237
20502 238
20502 239
20502 240
20502 242
20502 243
20502 244
20502 245
20502 246
20502 247
20502 248
20502 249
20502 250
20502 251
20502 252
20502 253
20502 254
20502 255
20502 256
20502 257
20502 258
20502 259
20502 260
20502 261
20502 262
20502 263
20502 264
20502 265
20502 266
20502 267
20502 268
20502 269
20502 270
20502 271
20502 272
20502 273
20502 274
20502 275
20502 276
20502 277
20502 278
20502 279
20502 280
20502 281
20502 282
20502 283
20502 284
20502 285
20502 286
20502 287
20502 288
20502 289
20502 291
20502 292
20502 293
20502 294
20502 295
20502 296
20502 297
20502 298
20502 299
20502 300
20502 302
20502 303
20502 304
20502 305
20502 306
20502 307
20502 308
20502 310
20502 311
20502 312
20502 314
20502 315
20502 316
20502 317
20502 318
20502 319
20502 320
20502 321
20502 322
20502 323
20502 324
20502 325
20502 326
20502 327
20502 328
20502 330
20502 331
20502 332
20502 333
20502 334
20502 335
20502 336
20502 337
20502 338
20502 339
20502 340
20502 341
20502 342
20502 343
20502 344
20502 345
20502 347
20502 348
20502 349
20502 350
20502 351
20502 352
20502 353
20502 354
20502 355
20502 356
20502 357
20502 358
20502 359
20502 360
20502 361
20502 363
20502 364
20502 365
20502 366
20502 367
20502 368
20502 369
20502 370
20502 371
20502 372
20502 373
20502 374
20502 376
20502 377
20502 378
20502 379
20502 380
20502 381
20502 382
20502 383
20502 384
20502 386
20502 387
20502 388
20502 389
20502 390
20502 391
20502 392
20502 393
20502 394
20502 396
20502 397
20502 398
20502 399
20502 401
20502 402
20502 403
20502 404
20502 405
20502 406
20502 408
20502 409
20502 410
20502 411
20502 412
20502 413
20502 414
20502 415
20502 416
20502 417
20502 418
20502 419
20502 420
20502 421
20502 423
20502 424
20502 425
20502 426
20502 428
20502 429
20502 430
20502 431
20502 432
20502 433
20502 434
20502 435
20502 436
20502 437
20502 438
20502 439
20502 440
20502 441
20502 442
20502 444
20502 445
20502 447
20502 448
20502 449
20502 450
20502 451
20502 452
20502 453
20502 454
20502 455
20502 456
20502 457
20502 458
20502 459
20502 460
20502 461
20502 462
20502 463
20502 464
20502 465
20502 466
20502 467
20502 468
20502 469
20502 470
20502 471
20502 472
20502 474
20502 475
20502 477
20502 478
20502 479
20502 480
20502 481
20502 483
20502 484
20502 485
20502 486
20502 487
20502 488
20502 489
20502 490
20502 491
20502 492
20502 493
20502 494
20502 495
20502 496
20502 497
20502 498
20502 499
20502 500
20502 501
20502 502
20502 503
20502 504
20502 505
20502 506
20502 507
20502 508
20502 509
20502 510
20502 511
20502 512
20502 513
20502 514
20502 515
20502 516
20502 517
20502 518
20502 519
20502 520
20502 521
20502 522
20502 523
20502 524
20502 526
20502 527
20502 528
20502 529
20502 530
20502 531
20502 532
20502 533
20502 534
20502 535
20502 536
20502 537
20502 538
20502 539
20502 540
20502 541
20502 542
20502 543
20502 544
20502 545
20502 546
20502 547
20502 548
20502 549
20502 550
20502 551
20502 552
20502 553
20502 554
20502 555
20502 556
20502 557
20502 558
20502 559
20502 560
20502 561
20502 562
20502 563
20502 564
20502 565
20503 0
20503 1
20503 2
20503 3
20503 5
20503 6
20503 7
20503 8
20503 9
20503 10
20503 11
20503 12
20503 13
20503 14
20503 15
20503 16
20503 17
20503 18
20503 19
20503 20
20503 21
20503 22
20503 23
20503 24
20503 25
20503 26
20503 27
20503 28
20503 30
20503 31
20503 32
20503 33
20503 34
20503 35
20503 36
20503 37
20503 38
20503 39
20503 40
20503 41
20503 42
20503 43
20503 44
20503 45
20503 46
20503 47
20503 49
20503 50
20503 51
20503 52
20503 53
20503 54
20503 55
20503 56
20503 57
20503 58
20503 59
20503 60
20503 61
20503 62
20503 63
20503 65
20503 67
20503 68
20503 69
20503 70
20503 71
20503 72
20503 74
20503 75
20503 76
20503 77
20503 78
20503 79
20503 80
20503 81
20503 82
20503 83
20503 84
20503 85
20503 86
20503 87
20503 88
20503 89
20503 90
20503 91
20503 92
20503 93
20503 94
20503 95
20503 96
20503 98
20503 99
20503 100
20503 101
20503 102
20503 103
20503 104
20503 105
20503 106
20503 107
20503 108
20503 109
20503 110
20503 112
20503 113
20503 114
20503 115
20503 116
20503 117
20503 118
20503 119
20503 120
20503 121
20503 122
20503 123
20503 124
20503 125
20503 127
20503 128
20503 129
20503 130
20503 131
20503 132
20503 133
20503 134
20503 135
20503 136
20503 137
20503 138
20503 139
20503 140
20503 141
20503 142
20503 143
20503 144
20503 145
20503 146
20503 147
20503 148
20503 149
20503 150
20503 151
20503 152
20503 154
20503 155
20503 156
20503 157
20503 158
20503 160
20503 162
20503 163
20503 164
20503 165
20503 166
20503 167
20503 168
20503 169
20503 170
20503 171
20503 172
20503 173
20503 174
20503 176
20503 177
20503 178
20503 179
20503 180
20503 181
20503 182
20503 183
20503 184
20503 185
20503 187
20503 188
20503 189
20503 191
20503 192
20503 193
20503 194
20503 195
20503 196
20503 197
20503 198
20503 199
20503 200
20503 201
20503 202
20503 203
20503 204
20503 205
20503 206
20503 207
20503 208
20503 209
20503 210
20503 211
20503 212
20503 213
20503 214
20503 215
20503 216
20503 217
20503 218
20503 219
20503 220
20503 221
20503 222
20503 223
20503 224
20503 225
20503 226
20503 227
20503 228
20503 230
20503 231
20503 232
20503 233
20503 234
20503 235
20503 236
20503 237
20503 238
20503 239
20503 240
20503 241
20503 242
20503 243
20503 244
20503 246
20503 247
20503 248
20503 249
20503 250
20503 251
20503 252
20503 253
20503 254
20503 255
20503 256
20503 257
20503 258
20503 259
20503 260
20503 261
20503 262
20503 263
20503 264
20503 265
20503 266
20503 267
20503 268
20503 269
20503 271
20503 272
20503 273
20503 274
20503 275
20503 276
20503 277
20503 278
20503 279
20503 280
20503 281
20503 282
20503 283
20503 284
20503 285
20503 286
20503 287
20503 288
20503 289
20503 290
20503 291
20503 292
20503 293
20503 294
20503 295
20503 296
20503 297
20503 298
20503 299
20503 300
20503 301
20503 302
20503 303
20503 304
20503 305
20503 306
20503 307
20503 308
20503 309
20503 310
20503 311
20503 312
20503 313
20503 314
20503 315
20503 316
20503 317
20503 318
20503 319
20503 320
20503 321
20503 322
20503 323
20503 324
20503 325
20503 326
20503 327
20503 328
20503 329
20503 330
20503 331
20503 332
20503 333
20503 334
20503 335
20503 336
20503 337
20503 338
20503 339
20503 340
20503 341
20503 342
20503 343
20503 344
20503 346
20503 347
20503 348
20503 349
20503 350
20503 351
20503 352
20503 355
20503 356
20503 358
20503 360
20503 361
20503 362
20503 363
20503 364
20503 365
20503 366
20503 367
20503 368
20503 369
20503 370
20503 371
20503 373
20503 374
20503 375
20503 376
20503 377
20503 378
20503 379
20503 380
20503 381
20503 382
20503 383
20503 384
20503 385
20503 386
20503 387
20503 388
20503 389
20503 390
20503 391
20503 393
20503 394
20503 395
20503 396
20503 397
20503 398
20503 399
20503 400
20503 401
20503 402
20503 403
20503 404
20503 405
20503 406
20503 407
20503 408
20503 409
20503 410
20503 411
20503 412
20503 413
20503 414
20503 415
20503 416
20503 417
20503 418
20503 419
20503 420
20503 421
20503 422
20503 423
20503 424
20503 425
20503 426
20503 427
20503 428
20503 429
20503 430
20503 431
20504 0
20504 1
20504 2
20504 3
20504 4
20504 5
20504 6
20504 7
20504 8
20504 9
20504 10
20504 11
20504 13
20504 14
20504 15
20504 16
20504 17
20504 18
20504 19
20504 20
20504 21
20504 22
20504 23
20504 24
20504 25
20504 26
20504 27
20504 28
20504 29
20504 30
20504 31
20504 32
20504 33
20504 34
20504 35
20504 36
20504 37
20504 38
20504 39
20504 40
20504 41
20504 42
20504 43
20504 44
20504 45
20504 46
20504 47
20504 48
20504 49
20504 50
20504 51
20504 52
20504 53
20504 54
20504 55
20504 56
20504 57
20504 58
20504 59
20504 60
20504 61
20504 62
20504 63
20504 64
20504 65
20504 66
20504 68
20504 69
20504 70
20504 71
20504 72
20504 73
20504 74
20504 75
20504 76
20504 77
20504 78
20504 79
20504 80
20504 81
20504 82
20504 83
20504 84
20504 85
20504 86
20504 87
20504 88
20504 89
20504 90
20504 91
20504 92
20504 93
20504 94
20504 95
20504 96
20504 97
20504 98
20504 99
20504 100
20504 101
20504 102
20504 103
20504 104
20504 105
20504 106
20504 107
20504 108
20504 109
20504 110
20504 111
20504 114
20504 115
20504 116
20504 117
20504 118
20504 119
20504 120
20504 121
20504 122
20504 123
20504 124
20504 125
20504 126
20504 131
20504 132
20504 133
20504 134
20504 135
20504 136
20504 137
20504 139
20504 140
20504 141
20504 142
20504 143
20504 144
20504 145
20504 146
20504 147
20504 148
20504 149
20504 150
20504 151
20504 152
20504 153
20504 154
20504 155
20504 156
20504 157
20504 158
20504 159
20504 160
20504 161
20504 162
20504 163
20504 164
20505 0
20505 1
20505 2
20505 3
20505 4
20505 5
20505 6
20505 7
20505 8
20505 9
20505 10
20505 11
20505 12
20505 13
20505 15
20505 16
20505 17
20505 18
20505 19
20505 20
20505 21
20505 22
20505 23
20505 24
20505 25
20505 26
20505 27
20505 28
20505 29
20505 30
20505 31
20505 32
20505 33
20505 34
20505 35
20505 36
20505 37
20505 38
20505 39
20505 40
20505 41
20505 42
20505 43
20505 44
20505 45
20505 46
20505 47
20505 48
20505 49
20505 50
20505 51
20505 52
20505 53
20505 54
20505 55
20505 56
20505 57
20505 58
20505 59
20505 60
20505 61
20505 62
20505 63
20505 64
20505 65
20505 66
20505 67
20505 68
20505 69
20505 70
20505 71
20505 72
20505 73
20505 74
20505 75
20505 76
20505 77
20505 78
20505 79
20505 80
20505 81
20505 82
20505 83
20505 84
20505 85
20505 86
20505 87
20505 88
20505 89
20505 90
20505 91
20505 92
20505 93
20505 94
20505 95
20505 96
20505 97
20505 98
20505 99
20505 100
20505 101
20505 102
20505 103
20505 104
20505 105
20505 106
20505 107
20505 108
20505 109
20505 110
20505 111
20505 112
20505 113
20505 114
20505 115
20505 116
20505 117
20505 118
20505 119
20505 120
20505 121
20505 122
20505 124
20505 125
20505 126
20505 127
20505 128
20505 129
20505 130
20505 131
20505 132
20505 133
20505 134
20505 135
20505 136
20505 137
20505 138
20505 139
20505 140
20505 141
20505 142
20505 143
20505 144
20505 145
20505 146
20505 147
20505 148
20505 149
20505 150
20505 151
20505 152
20505 153
20505 154
20505 155
20505 156
20505 157
20505 158
20505 159
20505 160
20505 161
20505 162
20505 163
20505 164
20505 165
20505 166
20505 167
20505 168
20505 169
20505 170
20505 171
20505 172
20505 173
20505 174
20505 175
20505 176
20505 177
20506 0
20506 1
20506 2
20506 3
20506 4
20506 5
20506 6
20506 7
20506 8
20506 12
20506 13
20506 14
20506 15
20506 16
20506 17
20506 18
20506 20
20506 21
20506 22
20506 23
20506 25
20506 26
20506 27
20506 28
20506 29
20506 30
20506 31
20506 32
20506 33
20506 34
20506 35
20506 36
20506 38
20506 39
20506 40
20506 42
20506 43
20506 44
20506 45
20506 46
20506 47
20506 48
20506 49
20506 50
20506 51
20506 53
20506 54
20506 55
20506 56
20506 57
20506 58
20506 59
20506 60
20506 62
20506 63
20506 65
20506 66
20506 67
20506 68
20506 69
20506 71
20506 72
20506 73
20506 74
20506 75
20506 76
20506 77
20506 78
20506 79
20506 81
20506 83
20506 84
20506 85
20506 86
20506 87
20506 88
20506 89
20506 90
20506 92
20506 93
20506 94
20506 95
20506 96
20506 98
20506 99
20506 100
20506 101
20506 103
20506 104
20506 106
20506 107
20506 108
20506 109
20506 110
20506 111
20506 112
20506 113
20506 114
20506 117
20506 118
20506 119
20506 120
20506 121
20506 122
20508 0
20508 1
20508 2
20508 3
20508 4
20508 5
20508 6
20508 7
20508 9
20508 10
20508 11
20508 13
20508 15
20508 16
20508 19
20508 20
20508 21
20508 22
20508 23
20508 24
20508 25
20508 26
20508 27
20508 28
20508 30
20508 31
20508 32
20508 34
20508 35
20508 36
20508 37
20508 38
20508 39
20508 41
20508 42
20508 43
20508 44
20508 46
20508 47
20508 48
20508 49
20508 50
20508 51
20508 52
20508 53
20508 54
20508 56
20508 57
20508 59
20508 60
20508 61
20508 62
20508 63
20508 64
20508 65
20508 66
20508 67
20508 68
20508 70
20508 71
20508 72
20508 73
20508 74
20508 75
20508 76
20508 79
20508 80
20508 81
20508 82
20508 83
20508 84
20508 85
20508 86
20508 87
20508 88
20508 89
20508 90
20508 91
20508 92
20508 93
20508 94
20508 95
20508 96
20508 97
20508 98
20508 99
20508 100
20508 101
20508 102
20508 103
20508 104
20508 105
20508 106
20508 107
20508 108
20508 109
20508 111
20508 112
20508 113
20508 114
20508 115
20508 116
20508 117
20508 118
20508 119
20508 120
20508 121
20508 123
20508 124
20508 125
20508 127
20508 128
20508 129
20508 130
20508 131
20508 132
20508 133
20508 134
20508 135
20508 136
20508 137
20508 138
20508 139
20508 140
20508 141
20508 142
20508 143
20508 144
20508 145
20508 146
20508 147
20508 148
20508 149
20508 150
20508 151
20508 152
20508 153
20508 154
20508 155
20508 156
20508 157
20508 158
20508 159
20508 160
20508 161
20508 162
20508 163
20508 164
20508 165
20508 166
20508 167
20508 168
20508 169
20508 170
20508 171
20508 172
20508 173
20508 174
20508 175
20508 176
20508 177
20508 178
20508 179
20508 181
20508 182
20508 183
20508 184
20508 185
20508 186
20508 187
20508 189
20508 190
20508 191
20508 192
20508 193
20508 194
20508 195
20508 196
20508 197
20508 198
20508 199
20508 200
20508 201
20508 202
20508 204
20508 205
20508 206
20508 207
20508 208
20508 209
20508 210
20508 211
20508 212
20508 213
20508 214
20508 215
20508 216
20508 217
20508 218
20508 219
20508 220
20508 221
20508 222
20508 223
20508 224
20508 225
20508 226
20508 227
20508 228
20508 229
20508 230
20508 231
20508 233
20508 234
20508 235
20508 236
20508 237
20508 238
20508 239
20508 240
20508 241
20508 242
20508 243
20508 244
20508 245
20508 246
20508 247
20508 248
20508 249
20508 250
20508 251
20508 252
20508 253
20508 254
20508 255
20508 256
20508 257
20508 258
20508 259
20508 261
20508 262
20508 263
20508 264
20508 265
20508 267
20508 268
20508 269
20508 270
20508 271
20508 272
20508 273
20508 274
20508 275
20508 276
20508 277
20508 278
20508 279
20508 280
20508 281
20508 282
20508 283
20508 284
20508 285
20508 286
20508 287
20508 288
20508 289
20508 290
20508 291
20508 292
20508 293
20508 294
20508 295
20509 0
20509 1
20509 2
20509 3
20509 4
20509 5
20509 6
20509 7
20509 8
20509 11
20509 12
20509 13
20509 14
20509 15
20509 16
20509 18
20509 20
20509 21
20509 22
20509 24
20509 25
20509 26
20509 27
20509 28
20509 30
20509 31
20509 32
20509 33
20509 34
20509 35
20509 36
20509 37
20509 39
20509 40
20509 41
20509 42
20509 43
20509 44
20509 45
20509 46
20509 48
20509 49
20509 50
20509 52
20509 53
20509 54
20509 55
20509 56
20509 57
20509 59
20509 60
20509 61
20509 62
20509 63
20509 64
20509 65
20509 66
20509 67
20509 68
20510 0
20510 1
20510 2
20510 3
20510 4
20510 5
20510 6
20510 7
20510 8
20510 9
20510 10
20510 11
20510 12
20512 0
20512 1
20512 2
20512 3
20512 4
20512 5
20512 6
20512 7
20512 8
20512 10
20512 11
20512 12
20512 13
20512 14
20512 15
20512 16
20512 17
20512 18
20512 19
20512 20
20512 21
20512 22
20512 23
20512 24
20512 25
20512 26
20512 27
20512 28
20512 29
20512 30
20512 31
20512 32
20512 33
20512 34
20512 35
20512 36
20512 37
20512 38
20512 39
20512 40
20512 41
20512 42
20512 43
20512 44
20512 45
20512 46
20512 47
20512 48
20512 49
20512 50
20512 51
20512 52
20512 53
20512 54
20512 55
20512 56
20512 57
20512 58
20512 59
20512 60
20512 61
20512 62
20512 63
20512 64
20512 65
20512 66
20512 67
20512 68
20512 69
20512 70
20512 71
20512 72
20512 73
20512 74
20512 75
20512 76
20512 77
20512 78
20512 79
20512 80
20512 81
20512 82
20512 83
20512 84
20512 85
20512 86
20512 87
20512 88
20512 89
20512 90
20512 91
20512 92
20512 93
20512 94
20512 95
20512 96
20512 97
20512 98
20512 99
20512 100
20512 101
20512 102
20512 103
20512 104
20512 105
20512 106
20512 107
20512 108
20512 109
20512 110
20512 111
20512 112
20512 113
20512 114
20512 115
20512 116
20512 117
20512 118
20512 119
20512 120
20512 121
20512 122
20512 123
20512 124
20512 125
20512 126
20512 127
20512 128
20512 129
20512 130
20512 131
20512 132
20512 133
20512 134
20512 135
20512 136
20512 137
20512 138
20512 139
20512 140
20512 141
20512 142
20512 143
20512 144
20512 145
20512 146
20512 147
20512 148
20512 149
20512 150
20512 151
20512 152
20512 153
20512 154
20512 155
20512 156
20512 157
20512 158
20512 159
20512 160
20512 161
20512 162
20512 163
20512 164
20512 165
20512 166
20512 167
20512 168
20512 169
20512 170
20512 171
20512 172
20512 173
20512 174
20512 175
20512 176
20512 177
20512 178
20512 179
20512 180
20512 181
20512 182
20512 183
20512 184
20512 185
20512 186
20512 187
20512 188
20512 189
20512 190
20512 191
20512 192
20512 193
20512 194
20512 195
20512 196
20512 197
20512 198
20512 199
20512 200
20512 201
20512 202
20512 203
20512 204
20512 205
20512 206
20512 207
20512 208
20512 209
20512 210
20512 211
20512 212
20512 213
20512 214
20512 215
20512 216
20512 217
20512 218
20512 219
20512 220
20512 221
20512 222
20512 223
20512 224
20512 225
20512 226
20512 227
20512 228
20512 229
20512 230
20512 231
20512 232
20512 233
20512 234
20512 235
20512 236
20512 237
20512 238
20512 239
20512 240
20512 241
20512 242
20512 243
20512 244
20512 245
20512 246
20512 247
20512 248
20512 249
20512 250
20512 251
20512 252
20512 253
20512 254
20512 255
20512 256
20512 257
20512 258
20512 259
20512 260
20512 261
20512 262
20512 263
20512 264
20512 265
20512 266
20512 267
20512 268
20512 269
20512 270
20512 271
20512 272
20512 273
20512 274
20512 275
20512 276
20512 277
20512 278
20512 279
20512 280
20512 281
20512 282
20512 283
20512 284
20512 285
20512 286
20512 287
20512 288
20512 289
20512 290
20512 291
20512 292
20512 293
20512 294
20512 295
20512 296
20512 297
20512 298
20512 299
20512 300
20512 301
20512 302
20512 303
20512 304
20512 305
20512 306
20512 307
20512 308
20512 309
20512 310
20512 311
20512 312
20512 313
20512 314
20512 315
20512 316
20512 317
20512 318
20512 319
20512 320
20512 321
20512 322
20512 323
20512 324
20512 325
20512 326
20512 327
20512 328
20512 329
20512 330
20512 331
20512 333
20512 334
20512 335
20512 336
20512 337
20512 338
20512 339
20512 340
20512 341
20512 342
20512 343
20512 344
20512 345
20512 346
20512 347
20512 348
20512 349
20512 350
20512 351
20512 352
20512 353
20512 354
20512 355
20513 0
20513 1
20513 2
20513 3
20513 4
20513 5
20513 6
20513 7
20513 8
20513 9
20513 10
20513 11
20513 12
20513 13
20513 14
20513 15
20513 16
20513 18
20513 19
20513 20
20513 21
20513 22
20513 23
20513 24
20513 25
20514 0
20514 1
20514 2
20514 3
20514 4
20514 5
20514 6
20514 7
20514 8
20514 9
20514 14
20514 15
20514 16
20514 17
20514 18
20514 19
20514 20
20514 21
20514 22
20514 23
20514 24
20514 25
20514 26
20514 27
20514 28
20514 29
20514 30
20514 31
20514 32
20514 33
20514 34
20514 35
20514 36
20514 37
20514 38
20514 39
20514 40
20514 41
20514 42
20514 43
20514 44
20514 45
20514 46
20514 47
20514 48
20514 49
20514 50
20514 51
20514 52
20514 53
20514 54
20514 55
20514 56
20514 57
20514 58
20514 59
20514 60
20514 61
20514 62
20514 63
20514 64
20514 65
20514 66
20514 67
20514 68
20514 69
20514 70
20514 71
20514 72
20514 73
20514 74
20514 75
20514 76
20514 77
20514 78
20514 79
20514 80
20514 81
20514 82
20514 83
20514 84
20514 85
20514 86
20514 87
20514 88
20514 89
20514 90
20514 91
20514 92
20514 93
20514 94
20514 95
20514 96
20514 97
20514 98
20514 99
20514 100
20514 101
20514 102
20514 103
20514 104
20514 105
20514 106
20514 107
20514 108
20514 109
20514 110
20514 111
20514 112
20514 113
20514 114
20514 115
20514 116
20514 117
20514 118
20514 119
20514 120
20514 121
20514 122
20514 123
20514 124
20514 125
20514 126
20514 127
20514 128
20514 129
20514 130
20514 131
20514 132
20514 133
20514 134
20514 135
20514 136
20514 137
20514 138
20514 139
20514 140
20514 141
20514 142
20514 143
20514 144
20514 145
20514 146
20514 147
20514 148
20514 149
20514 150
20514 151
20514 152
20514 153
20514 154
20514 155
20514 156
20514 157
20514 158
20514 159
20514 160
20514 161
20514 162
20514 163
20514 164
20514 165
20514 166
20514 167
20514 168
20514 169
20514 170
20515 0
20515 1
20515 2
20515 3
20515 4
20515 5
20515 6
20515 7
20515 8
20515 9
20515 10
20515 11
20515 12
20515 13
20515 14
20515 15
20515 16
20515 17
20515 18
20515 19
20515 20
20515 21
20515 22
20515 23
20515 24
20515 25
20515 26
20515 27
20515 28
20515 29
20515 30
20515 31
20515 32
20515 33
20515 34
20515 35
20515 36
20515 37
20515 38
20515 39
20515 40
20515 41
20515 42
20515 43
20515 44
20515 45
20515 46
20515 48
20515 49
20515 50
20515 51
20515 52
20515 53
20515 54
20515 55
20515 56
20515 57
20515 58
20515 59
20515 60
20515 61
20515 62
20515 63
20515 64
20515 65
20515 66
20515 67
20515 68
20515 69
20515 70
20515 71
20515 72
20515 73
20515 74
20515 75
20515 76
20515 77
20515 78
20515 79
20515 80
20515 81
20515 82
20515 83
20515 84
20515 85
20515 86
20515 87
20515 88
20515 89
20515 90
20515 91
20515 92
20515 93
20515 94
20515 95
20515 96
20515 97
20515 98
20515 99
20515 100
20515 101
20515 102
20515 103
20515 104
20515 105
20515 106
20515 107
20515 108
20515 109
20515 110
20515 111
20515 112
20515 113
20515 114
20515 115
20515 116
20515 117
20515 118
20515 119
20515 120
20515 121
20517 0
20517 1
20517 2
20517 4
20517 6
20517 7
20517 8
20517 9
20517 10
20517 11
20517 12
20517 13
20517 14
20517 17
20517 18
20517 19
20517 20
20517 21
20517 22
20517 23
20517 24
20517 25
20517 27
20517 28
20517 29
20517 34
20517 35
20517 37
20517 38
20517 39
20517 40
20517 42
20517 43
20517 44
20517 46
20517 47
20517 48
20517 49
20517 50
20517 51
20517 52
20517 53
20517 54
20517 55
20517 56
20517 57
20517 58
20517 59
20517 60
20517 61
20517 62
20517 63
20517 64
20517 65
20517 66
20517 67
20517 68
20517 69
20517 70
20517 71
20517 72
20517 73
20517 74
20517 75
20517 77
20517 78
20517 79
20517 80
20517 81
20517 82
20517 83
20517 84
20517 85
20517 86
20517 87
20517 89
20517 90
20517 91
20517 92
20517 93
20517 94
20517 95
20517 96
20517 97
20517 98
20517 99
20517 100
20517 101
20517 102
20517 104
20517 105
20517 106
20517 107
20517 109
20517 110
20517 111
20517 112
20517 113
20517 114
20517 116
20517 117
20517 118
20517 119
20517 120
20517 122
20517 123
20517 124
20517 125
20517 126
20517 127
20517 129
20517 130
20517 132
20517 133
20517 135
20517 136
20517 137
20517 138
20517 139
20517 140
20517 141
20517 142
20517 143
20517 144
20517 146
20517 147
20517 148
20517 149
20517 150
20517 151
20517 154
20517 155
20517 156
20517 157
20517 158
20517 159
20517 160
20517 161
20517 162
20517 163
20517 164
20517 165
20517 166
20517 167
20517 168
20517 169
20517 170
20517 171
20517 172
20517 174
20517 175
20517 177
20517 178
20517 179
20517 180
20517 181
20517 183
20517 185
20517 187
20517 188
20517 189
20517 190
20517 191
20517 192
20517 193
20517 194
20517 195
20517 196
20517 197
20517 198
20517 199
20517 200
20517 201
20517 202
20517 203
20517 204
20517 205
20517 206
20517 207
20517 208
20517 209
20517 210
20517 211
20517 212
20517 213
20517 214
20517 215
20517 216
20517 217
20517 218
20517 219
20517 220
20517 221
20517 222
20517 223
20517 224
20517 225
20517 226
20517 227
20517 228
20517 229
20517 230
20517 231
20517 232
20517 233
20517 234
20517 235
20517 236
20517 237
20517 238
20517 239
20517 240
20517 241
20517 242
20517 243
20517 244
20517 245
20517 247
20517 248
20517 249
20517 250
20517 251
20517 252
20517 253
20517 254
20517 255
20517 256
20517 257
20517 258
20517 259
20517 260
20517 261
20518 0
20518 1
20518 2
20518 3
20518 4
20518 5
20518 6
20518 7
20518 8
20518 9
20518 10
20518 11
20518 12
20518 13
20518 14
20518 15
20518 16
20518 17
20518 18
20518 19
20518 20
20518 21
20518 22
20518 23
20518 24
20518 25
20518 26
20518 27
20518 28
20518 29
20518 30
20518 31
20518 32
20518 33
20518 34
20518 35
20518 36
20518 37
20518 38
20518 39
20518 40
20518 41
20518 42
20518 43
20518 44
20518 45
20518 46
20518 47
20518 48
20518 49
20518 50
20518 51
20518 52
20518 53
20518 54
20518 55
20518 56
20518 57
20518 58
20518 59
20518 60
20518 61
20518 62
20518 63
20518 64
20518 65
20518 66
20518 67
20518 68
20518 69
20518 70
20518 71
20518 72
20518 73
20518 74
20518 75
20518 76
20518 77
20518 78
20518 79
20518 80
20518 81
20518 82
20518 83
20518 84
20518 85
20518 86
20518 87
20520 0
20520 1
20520 2
20520 3
20520 4
20520 5
20520 6
20520 7
20520 8
20520 9
20520 10
20520 11
20520 12
20520 13
20520 14
20520 16
20520 17
20520 18
20520 19
20520 20
20520 21
20520 22
20520 23
20520 24
20520 25
20520 26
20520 27
20520 28
20520 29
20520 30
20520 31
20520 32
20520 33
20520 34
20520 35
20520 36
20520 37
20520 38
20520 39
20520 40
20520 41
20520 42
20520 43
20520 44
20520 45
20520 46
20520 47
20520 48
20520 49
20520 50
20520 51
20520 52
20520 53
20520 54
20520 55
20520 56
20520 57
20520 58
20520 59
20520 60
20520 61
20520 62
20520 63
20520 64
20520 65
20520 66
20520 67
20520 68
20520 69
20520 70
20520 71
20520 72
20520 73
20520 74
20520 75
20520 76
20520 77
20520 78
20520 79
20520 80
20520 81
20520 82
20520 83
20520 84
20520 85
20520 86
20520 87
20520 88
20520 89
20520 90
20520 91
20520 92
20520 93
20520 94
20520 95
20520 96
20520 97
20520 98
20520 99
20520 100
20520 101
20520 102
20520 103
20520 104
20520 105
20520 106
20520 107
20520 108
20520 109
20520 110
20520 111
20520 112
20520 113
20520 114
20520 115
20520 116
20520 117
20520 118
20520 119
20520 120
20520 121
20520 122
20520 123
20520 124
20520 125
20520 126
20520 127
20520 128
20520 129
20520 130
20520 131
20520 132
20520 133
20520 134
20520 135
20520 136
20520 137
20520 138
20520 139
20520 140
20520 141
20520 142
20520 143
20520 144
20520 145
20520 146
20520 147
20520 148
20520 149
20520 150
20520 151
20520 152
20520 153
20520 154
20520 155
20520 156
20520 157
20520 158
20520 159
20520 160
20520 161
20520 162
20520 163
20520 164
20520 165
20520 166
20520 167
20520 168
20520 169
20520 170
20520 171
20520 172
20520 173
20520 174
20520 175
20520 176
20520 177
20520 178
20520 179
20520 180
20520 181
20520 182
20520 183
20520 184
20520 185
20520 186
20520 187
20520 188
20520 189
20520 190
20520 191
20520 193
20520 194
20520 195
20520 196
20520 197
20520 198
20520 199
20520 200
20520 201
20520 202
20520 203
20520 204
20520 205
20520 206
20520 207
20520 208
20520 209
20520 210
20520 211
20520 212
20520 213
20520 214
20520 215
20520 216
20520 217
20520 218
20520 219
20520 220
20520 221
20520 222
20520 223
20520 224
20520 225
20520 226
20520 227
20520 228
20520 229
20520 230
20520 231
20520 232
20520 233
20520 234
20520 235
20520 236
20520 237
20520 238
20520 239
20520 240
20520 241
20520 242
20520 243
20520 244
20520 245
20520 246
20520 247
20520 248
20520 249
20520 250
20520 251
20520 252
20520 253
20520 254
20520 255
20520 256
20520 257
20520 258
20520 259
20520 260
20520 261
20520 262
20520 263
20520 264
20520 265
20520 266
20520 267
20520 268
20520 269
20520 270
20520 271
20520 272
20520 273
20520 274
20520 275
20520 276
20520 277
20520 278
20520 279
20520 280
20520 281
20520 282
20520 283
20520 284
20520 285
20520 286
20520 287
20520 288
20520 289
20520 290
20520 291
20520 292
20520 293
20520 294
20520 295
20520 296
20520 297
20520 298
20520 299
20520 300
20520 301
20520 302
20520 303
20520 304
20520 305
20520 306
20520 307
20520 308
20520 309
20520 310
20520 312
20520 313
20520 314
20520 315
20520 316
20520 317
20520 318
20520 319
20520 320
20520 321
20520 322
20520 323
20520 324
20520 325
20520 326
20520 327
20520 328
20520 329
20520 330
20520 331
20520 332
20520 333
20520 334
20520 335
20520 336
20520 337
20520 338
20520 339
20520 341
20520 342
20520 343
20520 344
20520 345
20520 346
20520 347
20520 348
20520 349
20520 350
20520 351
20520 352
20520 353
20520 354
20520 355
20520 356
20520 357
20520 358
20520 359
20520 360
20520 361
20520 362
20520 363
20520 364
20520 365
20520 366
20520 367
20520 368
20520 369
20520 370
20520 371
20520 372
20520 373
20520 374
20520 375
20520 376
20520 377
20520 378
20520 379
20520 380
20520 381
20520 382
20520 383
20520 384
20520 385
20520 386
20520 387
20520 388
20520 389
20520 390
20520 391
20520 392
20520 393
20520 394
20520 395
20520 396
20520 397
20520 398
20520 399
20520 400
20520 401
20520 402
20520 403
20520 404
20520 405
20520 406
20520 407
20520 409
20520 410
20520 411
20520 412
20520 413
20520 414
20520 415
20520 416
20520 417
20520 418
20520 419
20520 421
20520 422
20520 423
20520 424
20520 425
20520 426
20520 427
20520 428
20520 429
20520 430
20520 431
20520 432
20520 433
20520 435
20520 436
20520 437
20520 438
20520 439
20520 440
20520 441
20520 442
20520 443
20520 444
20520 445
20520 446
20520 447
20520 448
20520 449
20520 450
20520 451
20520 452
20520 453
20520 454
20520 455
20520 456
20520 457
20520 458
20520 459
20520 460
20520 461
20520 462
20520 463
20520 464
20520 465
20520 466
20520 467
20520 468
20520 469
20520 470
20520 471
20520 472
20520 473
20520 474
20520 475
20520 476
20520 477
20520 478
20520 479
20520 480
20520 481
20520 482
20520 483
20520 484
20520 485
20520 486
20520 487
20520 488
20520 489
20520 490
20520 491
20520 492
20520 493
20520 494
20520 495
20520 496
20520 497
20520 498
20520 499
20520 500
20520 501
20520 502
20520 503
20520 504
20520 505
20520 506
20520 507
20520 508
20520 510
20520 511
20520 512
20520 513
20520 514
20520 515
20520 516
20520 517
20520 518
20520 519
20520 520
20520 521
20520 522
20520 523
20520 524
20520 525
20520 526
20520 527
20520 528
20520 529
20520 530
20520 531
20520 532
20520 533
20520 534
20520 535
20520 536
20520 537
20520 538
20520 539
20520 540
20520 541
20520 542
20520 543
20520 544
20520 545
20520 546
20520 547
20520 548
20520 549
20520 550
20520 551
20520 552
20520 553
20520 554
20520 555
20520 556
20520 557
20520 558
20520 559
20520 560
20520 561
20520 562
20520 563
20520 564
20520 565
20520 566
20520 567
20520 568
20520 569
20520 570
20520 571
20520 572
20520 573
20523 0
20523 1
20523 2
20523 3
20523 5
20523 6
20523 7
20523 9
20523 10
20523 11
20523 12
20523 13
20523 14
20523 15
20523 17
20523 18
20523 19
20523 20
20523 21
20523 22
20523 23
20523 24
20523 25
20523 26
20523 27
20523 28
20523 29
20523 30
20523 31
20523 32
20523 33
20523 35
20523 36
20523 37
20523 38
20523 39
20523 40
20523 41
20523 42
20523 43
20523 44
20523 45
20523 46
20523 47
20523 48
20523 49
20523 50
20523 51
20523 54
20523 55
20523 57
20523 58
20523 59
20523 60
20523 61
20523 62
20523 64
20523 65
20523 66
20523 67
20523 68
20523 69
20523 70
20523 71
20523 72
20523 73
20523 74
20523 76
20523 77
20523 78
20523 79
20523 80
20523 81
20523 82
20523 83
20523 84
20523 85
20523 86
20523 88
20523 89
20523 90
20523 91
20523 92
20523 94
20523 95
20523 96
20523 97
20523 98
20523 99
20523 100
20523 101
20523 102
20523 104
20523 105
20523 106
20523 107
20523 108
20523 109
20523 110
20523 111
20523 112
20523 113
20523 114
20523 115
20523 116
20523 117
20523 118
20523 119
20523 120
20523 121
20523 122
20523 123
20523 124
20523 125
20523 126
20523 127
20523 128
20523 129
20523 130
20523 131
20523 132
20523 133
20523 134
20523 135
20523 136
20523 137
20523 138
20523 140
20523 141
20523 142
20523 144
20523 145
20523 146
20523 147
20523 148
20523 149
20523 151
20523 152
20523 153
20523 154
20523 155
20523 156
20523 157
20523 158
20523 159
20523 160
20523 161
20523 162
20523 163
20523 164
20523 165
20523 167
20523 168
20523 169
20523 170
20523 171
20523 172
20523 173
20523 176
20523 177
20523 178
20523 179
20523 180
20523 181
20523 182
20523 183
20523 184
20523 185
20523 186
20523 187
20523 188
20523 189
20523 190
20523 191
20523 192
20523 193
20523 194
20523 195
20523 196
20523 197
20523 198
20523 199
20523 200
20523 201
20523 202
20523 203
20523 204
20523 205
20523 206
20523 207
20523 208
20523 209
20523 210
20523 211
20523 212
20523 213
20523 214
20523 215
20523 216
20523 217
20523 218
20523 219
20523 220
20523 221
20523 222
20523 223
20523 224
20523 225
20523 226
20523 227
20523 228
20523 229
20523 230
20523 232
20523 233
20523 234
20523 235
20523 236
20523 237
20523 238
20523 239
20523 240
20523 241
20523 242
20523 243
20523 244
20523 245
20523 246
20523 247
20523 248
20523 249
20523 250
20523 251
20523 252
20523 253
20523 254
20523 255
20523 256
20523 257
20523 258
20523 259
20523 260
20523 261
20523 262
20523 263
20523 264
20523 265
20523 266
20523 267
20523 268
20523 269
20523 270
20523 271
20523 272
20523 273
20523 274
20523 275
20523 276
20523 277
20523 278
20523 279
20523 280
20523 281
20523 282
20523 283
20523 284
20523 285
20523 286
20523 287
20523 288
20523 289
20523 290
20523 291
20523 292
20523 293
20523 294
20523 295
20523 296
20523 297
20523 298
20523 299
20523 300
20523 301
20523 302
20523 303
20523 304
20523 305
20523 306
20523 307
20523 308
20523 309
20523 310
20523 311
20523 312
20523 313
20523 314
20523 315
20523 316
20523 317
20523 318
20523 319
20523 320
20523 321
20523 322
20523 323
20523 324
20523 325
20523 326
20523 328
20523 329
20523 330
20523 331
20523 332
20523 333
20523 334
20523 335
20523 336
20523 337
20523 338
20523 339
20523 340
20523 341
20523 342
20523 343
20523 344
20523 345
20523 346
20523 347
20523 348
20523 349
20523 350
20523 351
20523 352
20523 353
20523 354
20523 356
20523 357
20523 358
20523 359
20523 360
20523 361
20524 0
20524 1
20524 2
20524 3
20524 4
20524 5
20524 6
20524 7
20524 8
20525 0
20525 1
20525 2
20525 3
20525 5
20525 6
20525 7
20525 8
20525 9
20525 10
20525 11
20525 12
20525 14
20525 15
20525 16
20525 17
20525 18
20525 19
20525 20
20525 21
20525 23
20525 24
20525 25
20525 27
20525 28
20525 29
20525 30
20525 31
20525 32
20525 33
20525 34
20525 35
20525 36
20525 37
20525 38
20525 39
20525 41
20525 43
20525 44
20525 46
20525 47
20525 48
20525 49
20525 50
20525 51
20525 52
20525 53
20525 54
20525 55
20525 56
20525 57
20525 58
20525 59
20525 60
20525 61
20525 62
20525 63
20525 64
20525 65
20525 66
20525 67
20525 68
20525 69
20525 70
20525 72
20525 74
20525 75
20525 76
20525 77
20525 78
20525 79
20525 80
20525 81
20525 82
20525 83
20525 84
20525 85
20525 86
20525 87
20525 88
20525 89
20525 91
20525 92
20525 93
20525 94
20525 95
20525 96
20525 97
20525 98
20525 99
20526 0
20526 1
20526 2
20526 3
20526 4
20526 5
20526 6
20526 7
20526 8
20526 9
20526 10
20526 11
20526 12
20526 13
20526 14
20526 15
20526 16
20526 17
20526 18
20526 19
20526 20
20526 21
20526 22
20526 23
20526 24
20526 25
20526 26
20526 27
20526 28
20526 29
20526 30
20526 31
20526 32
20526 33
20526 34
20526 35
20526 36
20526 37
20526 38
20526 39
20526 40
20526 41
20526 42
20526 43
20526 45
20526 46
20526 47
20526 48
20526 49
20526 50
20526 51
20526 52
20526 53
20526 54
20526 55
20526 56
20526 57
20526 58
20526 59
20526 60
20526 61
20526 62
20526 63
20526 64
20526 65
20526 66
20526 67
20526 68
20526 69
20526 70
20526 71
20526 72
20526 73
20526 74
20526 76
20526 77
20526 78
20526 79
20526 80
20526 81
20526 82
20526 83
20526 84
20526 85
20526 86
20526 87
20526 88
20526 89
20526 90
20526 91
20526 92
20526 93
20526 94
20526 95
20526 96
20526 97
20526 98
20526 99
20526 100
20526 101
20526 102
20526 103
20526 104
20526 105
20526 106
20526 107
20526 108
20526 109
20526 110
20527 0
20527 1
20527 2
20527 3
20527 4
20527 5
20527 6
20527 7
20527 8
20527 9
20527 10
20527 11
20527 12
20527 13
20527 14
20527 15
20527 16
20527 18
20527 19
20527 20
20527 21
20527 22
20527 23
20527 24
20527 25
20528 0
20528 1
20528 2
20528 3
20528 4
20528 5
20528 6
20528 7
20528 8
20528 9
20528 10
20528 11
20528 12
20528 13
20528 14
20528 15
20528 16
20528 17
20528 18
20528 19
20528 20
20528 21
20528 22
20528 23
20528 24
20528 26
20528 27
20528 28
20528 29
20528 30
20528 31
20528 32
20528 33
20528 34
20528 36
20528 37
20528 38
20528 39
20528 40
20528 41
20528 42
20528 43
20528 44
20528 45
20528 46
20528 47
20528 48
20528 49
20528 50
20528 52
20528 54
20528 55
20528 57
20528 58
20528 59
20528 61
20528 62
20528 63
20528 64
20528 65
20528 66
20528 67
20528 68
20528 69
20528 70
20528 71
20528 73
20528 74
20528 75
20528 76
20528 77
20528 79
20528 80
20528 81
20528 82
20528 83
20528 84
20528 85
20528 86
20528 87
20528 88
20528 89
20528 90
20528 91
20528 92
20528 93
20528 94
20528 95
20528 96
20528 97
20528 98
20528 99
20528 100
20528 101
20528 102
20528 103
20528 105
20528 106
20528 107
20528 108
20528 109
20528 110
20528 111
20528 112
20528 114
20528 115
20528 116
20528 117
20528 118
20528 119
20528 120
20528 121
20528 122
20528 123
20528 124
20528 125
20528 126
20528 127
20528 128
20528 129
20528 130
20528 131
20528 132
20528 133
20528 134
20528 135
20528 136
20528 138
20528 139
20528 140
20528 141
20528 142
20528 143
20528 144
20528 145
20528 146
20528 147
20528 149
20528 150
20528 151
20528 152
20528 153
20528 154
20528 155
20528 156
20528 157
20528 158
20528 159
20528 160
20528 161
20528 162
20528 163
20528 164
20528 165
20528 166
20528 167
20528 168
20528 169
20528 170
20528 171
20528 172
20528 174
20528 175
20528 176
20528 177
20528 178
20528 180
20528 181
20528 182
20528 183
20528 184
20528 185
20528 186
20528 187
20528 188
20528 189
20528 190
20528 192
20528 193
20528 194
20528 195
20528 196
20528 197
20528 198
20528 199
20528 202
20528 203
20528 204
20528 205
20528 206
20528 207
20528 208
20528 209
20528 210
20528 211
20528 212
20528 213
20528 214
20528 215
20528 216
20528 217
20528 218
20528 219
20528 220
20528 221
20528 222
20528 223
20528 224
20528 225
20528 226
20528 227
20528 228
20528 229
20528 230
20528 231
20528 232
20528 233
20528 234
20528 235
20528 236
20528 237
20528 238
20528 239
20528 240
20528 241
20528 242
20528 243
20528 244
20528 246
20528 247
20528 248
20528 249
20528 252
20528 253
20528 255
20528 256
20528 257
20528 258
20528 259
20529 0
20529 1
20529 2
20529 3
20529 4
20529 5
20529 6
20529 7
20529 8
20529 9
20529 13
20529 14
20529 15
20529 16
20529 18
20529 21
20529 22
20529 23
20529 25
20529 26
20529 27
20529 28
20529 29
20529 30
20529 31
20529 32
20529 33
20529 34
20529 35
20529 36
20529 37
20529 38
20529 39
20529 40
20529 41
20529 42
20529 43
20529 44
20529 45
20529 46
20529 47
20529 48
20529 49
20529 50
20529 51
20529 54
20529 55
20529 56
20529 57
20529 58
20529 59
20529 60
20529 61
20529 62
20529 63
20529 64
20529 65
20529 66
20529 67
20529 68
20529 69
20529 70
20529 71
20529 72
20529 73
20529 74
20529 75
20529 76
20529 77
20529 78
20529 79
20529 80
20529 81
20529 82
20529 83
20529 84
20529 85
20529 86
20529 88
20529 89
20529 90
20530 0
20530 1
20530 4
20530 6
20530 8
20530 10
20530 12
20530 13
20530 14
20530 16
20530 18
20530 21
20530 22
20530 23
20530 24
20530 25
20530 26
20530 27
20530 28
20530 32
20530 33
20530 34
20530 35
20530 37
20530 38
20530 40
20530 42
20530 43
20530 44
20530 46
20530 47
20530 48
20530 50
20530 51
20530 52
20530 53
20530 54
20530 56
20530 57
20530 59
20531 0
20531 1
20531 2
20531 3
20531 4
20531 5
20531 6
20531 7
20531 8
20531 9
20531 10
20531 12
20531 13
20531 14
20531 15
20531 16
20531 17
20531 18
20531 19
20531 20
20531 21
20531 22
20531 23
20531 24
20531 25
20531 26
20531 27
20531 28
20531 29
20531 30
20531 31
20531 32
20531 33
20531 34
20531 35
20531 36
20531 37
20531 38
20531 39
20531 40
20531 41
20531 43
20531 44
20531 47
20531 48
20531 49
20531 50
20531 51
20531 52
20531 53
20531 54
20531 55
20531 56
20531 57
20531 58
20531 59
20531 60
20531 61
20531 64
20531 66
20531 67
20531 68
20531 69
20531 70
20531 71
20531 72
20531 73
20531 75
20531 76
20531 77
20531 78
20531 79
20531 80
20531 81
20531 82
20531 83
20531 84
20531 85
20531 86
20531 87
20531 88
20531 89
20531 90
20531 91
20531 92
20531 93
20531 94
20531 95
20531 96
20531 97
20531 98
20531 99
20531 100
20531 101
20531 102
20531 103
20531 104
20531 105
20531 106
20531 107
20531 108
20531 109
20531 110
20531 111
20531 112
20531 113
20531 114
20531 115
20531 116
20531 117
20531 118
20531 119
20531 120
20531 122
20531 123
20531 124
20531 125
20531 126
20531 127
20531 128
20531 130
20531 132
20531 133
20531 134
20531 135
20531 136
20531 137
20531 138
20531 139
20531 140
20531 141
20531 142
20531 143
20531 144
20531 145
20531 146
20531 147
20531 148
20531 149
20531 150
20531 151
20531 152
20531 153
20531 154
20531 155
20531 156
20531 157
20531 158
20531 160
20531 161
20531 162
20531 163
20531 164
20531 165
20531 166
20531 167
20531 168
20531 169
20531 170
20531 171
20531 172
20531 173
20531 174
20531 175
20531 176
20531 177
20531 178
20531 179
20531 180
20531 181
20531 182
20531 183
20531 184
20531 185
20531 186
20531 187
20531 188
20531 189
20531 190
20531 191
20531 192
20531 193
20531 194
20531 195
20531 196
20531 197
20531 198
20531 199
20531 200
20531 201
20531 202
20531 203
20531 204
20531 205
20531 206
20531 207
20531 208
20531 209
20531 210
20531 211
20531 212
20531 214
20531 215
20531 216
20531 217
20531 218
20531 219
20531 220
20531 221
20531 222
20531 223
20531 224
20531 225
20531 226
20531 227
20531 228
20531 229
20531 230
20531 231
20531 232
20531 233
20531 234
20531 235
20531 236
20531 237
20531 238
20531 239
20531 240
20531 241
20531 242
20531 243
20531 244
20531 246
20531 247
20531 248
20531 249
20531 250
20532 0
20532 1
20532 2
20532 3
20532 4
20532 6
20532 7
20532 10
20532 11
20532 12
20532 13
20532 14
20532 15
20532 16
20532 17
20532 18
20532 19
20532 20
20532 21
20532 23
20532 24
20532 25
20532 26
20532 27
20532 28
20532 29
20532 30
20532 31
20532 32
20532 33
20532 34
20532 35
20532 36
20532 37
20532 38
20532 39
20532 40
20532 41
20532 42
20532 43
20532 44
20532 45
20532 47
20532 48
20532 49
20532 50
20532 52
20532 53
20532 54
20532 55
20532 56
20532 57
20532 58
20532 59
20532 60
20532 61
20532 62
20532 63
20532 64
20532 65
20532 66
20532 67
20532 68
20532 69
20532 70
20532 71
20532 72
20532 73
20532 75
20532 77
20532 78
20532 79
20532 80
20532 81
20532 82
20532 83
20532 84
20532 85
20532 86
20532 87
20532 88
20532 89
20532 90
20532 91
20532 92
20532 93
20532 94
20532 95
20532 97
20532 98
20532 99
20532 100
20532 101
20532 102
20532 103
20532 104
20532 105
20532 106
20532 107
20532 108
20532 110
20532 111
20532 112
20532 113
20532 114
20532 115
20532 116
20532 117
20532 118
20532 119
20532 120
20532 121
20532 122
20532 123
20532 124
20532 127
20532 128
20532 129
20532 130
20532 131
20532 132
20532 133
20532 134
20532 135
20532 136
20532 137
20532 138
20532 139
20532 140
20532 141
20532 142
20532 143
20532 144
20532 145
20532 146
20532 147
20532 148
20532 149
20532 150
20532 151
20532 152
20532 153
20533 0
20533 1
20533 2
20533 3
20533 4
20533 5
20533 8
20533 9
20533 10
20533 11
20533 12
20533 13
20533 14
20533 15
20533 16
20533 17
20533 18
20533 19
20533 20
20533 21
20533 22
20533 23
20533 24
20533 25
20533 26
20533 27
20533 28
20533 29
20533 30
20533 32
20533 33
20533 34
20533 35
20533 37
20533 38
20533 39
20533 41
20533 42
20533 43
20533 44
20533 45
20533 46
20533 47
20533 48
20533 49
20533 50
20533 51
20533 53
20533 55
20533 56
20533 57
20533 59
20533 61
20533 62
20533 63
20533 64
20533 65
20533 66
20533 67
20533 68
20533 69
20533 70
20533 105
20533 106
20533 107
20533 108
20533 109
20533 111
20533 112
20533 113
20533 114
20533 115
20533 116
20533 226
20533 227
20533 228
20533 229
20533 230
20533 231
20533 232
20533 233
20533 234
20533 235
20533 236
20533 237
20533 239
20533 242
20533 243
20533 244
20533 245
20533 247
20533 248
20533 249
20533 250
20533 251
20533 252
20533 253
20533 254
20533 255
20533 256
20533 257
20533 362
20533 364
20533 365
20533 366
20533 367
20533 368
20533 369
20533 370
20533 371
20533 374
20533 375
20533 376
20533 378
20533 379
20533 380
20533 381
20533 382
20533 383
20533 384
20533 385
20533 386
20533 387
20533 388
20533 389
20533 391
20533 393
20533 394
20533 395
20533 396
20533 397
20533 398
20533 401
20533 402
20533 404
20533 405
20533 407
20533 408
20533 409
20533 412
20533 413
20533 414
20533 415
20533 417
20533 418
20533 419
20533 420
20533 421
20533 422
20533 423
20533 424
20533 425
20533 426
20533 428
20533 429
20533 430
20533 431
20533 432
20534 0
20534 1
20534 2
20534 3
20534 4
20534 5
20534 6
20534 7
20534 8
20534 9
20534 10
20534 11
20534 12
20534 13
20534 14
20534 15
20534 16
20534 17
20534 18
20534 19
20534 20
20534 21
20534 22
20534 23
20534 24
20534 25
20534 26
20534 27
20534 28
20534 29
20534 30
20534 31
20534 32
20534 33
20534 34
20534 35
20534 36
20534 37
20534 38
20534 39
20534 40
20534 41
20534 42
20535 0
20535 1
20535 2
20535 4
20535 5
20535 7
20535 8
20535 9
20535 10
20535 11
20535 12
20535 13
20535 14
20535 15
20535 16
20535 17
20535 18
20535 19
20535 20
20535 21
20535 22
20535 23
20535 24
20535 25
20535 26
20535 28
20535 29
20535 30
20535 31
20535 32
20535 33
20535 34
20535 35
20535 36
20535 37
20535 38
20535 39
20535 40
20535 41
20535 42
20535 43
20535 44
20535 45
20535 46
20535 47
20535 48
20535 49
20535 50
20535 51
20535 52
20535 53
20535 54
20535 55
20535 56
20535 57
20535 58
20535 60
20535 61
20535 62
20535 63
20535 64
20535 65
20535 67
20535 68
20535 69
20535 70
20535 72
20535 73
20535 74
20535 75
20535 76
20535 77
20535 78
20535 79
20535 80
20535 81
20535 82
20535 83
20535 84
20535 85
20535 86
20535 87
20535 88
20535 89
20535 90
20535 91
20535 92
20535 93
20535 94
20535 95
20535 96
20535 97
20535 98
20535 99
20535 100
20535 101
20535 102
20535 103
20535 104
20535 105
20535 106
20535 107
20535 108
20535 110
20535 111
20535 112
20535 113
20535 114
20535 115
20535 117
20535 118
20535 119
20535 120
20535 121
20535 122
20535 124
20535 125
20535 126
20535 127
20535 128
20535 129
20535 130
20535 131
20535 132
20535 133
20535 134
20535 135
20535 136
20535 137
20535 138
20535 139
20535 140
20535 141
20535 142
20535 143
20535 144
20535 145
20535 146
20535 147
20535 148
20535 149
20535 150
20535 151
20535 152
20535 153
20535 154
20535 155
20535 157
20535 158
20535 159
20535 160
20535 161
20535 162
20535 163
20535 164
20535 165
20535 166
20535 167
20535 168
20535 169
20535 170
20535 172
20535 173
20535 174
20535 175
20535 176
20535 177
20535 178
20535 179
20535 180
20535 181
20535 182
20535 183
20535 184
20535 185
20535 186
20535 187
20535 188
20535 189
20535 190
20535 191
20535 192
20535 193
20535 196
20535 197
20535 199
20535 200
20535 201
20535 202
20535 203
20535 204
20535 206
20535 207
20535 208
20535 209
20535 210
20535 211
20535 212
20535 213
20535 214
20535 215
20535 216
20535 217
20535 218
20535 219
20535 220
20535 221
20535 222
20535 223
20535 224
20535 225
20535 226
20535 227
20535 228
20535 229
20535 230
20535 231
20535 232
20535 234
20535 235
20535 236
20535 237
20535 239
20535 240
20535 241
20535 242
20535 243
20535 244
20535 245
20535 246
20535 248
20535 249
20536 0
20536 1
20536 2
20536 3
20536 4
20536 5
20536 6
20536 9
20536 10
20536 11
20536 12
20536 13
20536 14
20536 15
20536 16
20536 17
20536 18
20536 19
20536 20
20536 21
20536 22
20536 23
20536 24
20536 25
20536 26
20536 27
20536 28
20536 29
20536 30
20536 31
20536 32
20536 33
20536 34
20536 35
20536 36
20536 37
20536 38
20536 39
20536 40
20536 41
20536 42
20536 43
20536 44
20536 45
20536 46
20536 47
20536 48
20536 49
20536 50
20536 52
20536 53
20536 54
20536 55
20536 56
20536 57
20536 58
20536 59
20536 60
20536 61
20536 62
20536 63
20536 64
20536 65
20536 66
20536 67
20536 68
20536 69
20536 70
20536 71
20536 72
20536 73
20536 74
20536 75
20536 76
20536 77
20536 78
20536 79
20536 80
20536 81
20536 82
20536 83
20536 84
20536 85
20536 86
20536 89
20536 90
20536 91
20536 92
20536 93
20536 95
20536 96
20536 97
20536 98
20536 99
20536 100
20536 101
20536 102
20536 103
20536 104
20536 105
20536 106
20536 108
20536 109
20536 110
20536 111
20536 112
20536 113
20536 114
20536 115
20536 116
20536 118
20536 119
20536 120
20536 121
20536 122
20536 123
20536 124
20536 125
20536 126
20536 127
20536 128
20536 129
20536 130
20536 131
20536 132
20536 133
20536 134
20536 135
20536 136
20536 137
20536 138
20536 139
20536 141
20536 142
20536 143
20536 144
20536 145
20536 146
20536 147
20536 148
20536 149
20536 150
20536 151
20536 152
20536 153
20536 154
20536 155
20536 156
20536 157
20536 158
20536 159
20536 160
20536 161
20536 162
20536 163
20536 164
20536 165
20536 167
20536 168
20536 169
20536 170
20536 171
20536 172
20536 173
20536 174
20536 175
20536 176
20536 177
20536 178
20536 179
20536 180
20536 181
20536 182
20536 183
20536 184
20536 185
20536 186
20536 188
20536 189
20536 190
20536 191
20536 192
20536 193
20536 194
20536 195
20536 196
20536 197
20536 198
20536 199
20536 200
20536 201
20536 202
20536 203
20536 205
20536 206
20536 207
20536 208
20536 209
20536 210
20536 211
20536 212
20536 213
20536 214
20536 215
20536 216
20536 217
20536 218
20536 219
20536 220
20536 221
20536 222
20536 223
20536 224
20536 225
20536 226
20536 228
20536 229
20536 230
20536 231
20536 232
20536 233
20536 234
20536 235
20536 236
20536 237
20536 238
20536 239
20536 240
20536 241
20536 242
20537 0
20537 1
20537 2
20537 3
20537 4
20537 5
20537 6
20537 7
20537 8
20537 9
20537 10
20537 11
20537 12
20537 13
20537 14
20537 15
20537 16
20537 17
20537 18
20537 19
20537 20
20537 21
20537 22
20537 23
20537 24
20537 25
20537 26
20537 27
20537 28
20537 29
20537 30
20537 31
20537 32
20537 33
20537 34
20537 35
20537 36
20537 37
20537 38
20537 39
20537 40
20537 41
20537 42
20537 43
20537 44
20537 45
20537 46
20537 47
20537 48
20537 49
20537 50
20537 51
20537 52
20537 53
20537 54
20537 55
20537 56
20537 57
20537 58
20537 59
20537 60
20537 61
20537 62
20537 63
20537 64
20537 65
20537 66
20537 67
20537 68
20537 69
20537 70
20537 71
20537 72
20537 73
20537 74
20537 75
20537 76
20537 77
20537 78
20537 79
20537 80
20537 81
20537 82
20537 83
20537 84
20537 85
20537 86
20537 87
20537 88
20537 89
20537 90
20537 91
20537 92
20537 93
20537 94
20537 95
20537 96
20537 97
20537 98
20537 99
20537 100
20537 101
20537 102
20537 103
20537 104
20537 105
20537 106
20537 109
20537 110
20537 111
20537 112
20537 113
20537 114
20537 115
20537 116
20537 117
20537 118
20537 119
20537 120
20537 121
20537 122
20537 123
20537 124
20537 125
20537 126
20537 127
20537 128
20537 129
20537 130
20537 131
20537 132
20537 133
20537 134
20537 135
20537 136
20537 137
20537 138
20537 139
20537 140
20537 141
20537 142
20537 143
20537 144
20537 145
20537 146
20537 147
20537 148
20537 149
20537 150
20537 151
20537 152
20537 153
20537 154
20537 155
20537 156
20537 157
20537 158
20537 159
20537 160
20537 161
20537 162
20537 163
20537 164
20537 165
20537 166
20537 167
20537 168
20537 169
20537 170
20537 171
20537 172
20537 173
20537 174
20537 175
20537 176
20537 177
20537 178
20537 179
20537 180
20537 181
20537 182
20537 183
20537 184
20537 185
20537 186
20537 187
20537 188
20537 189
20537 190
20537 191
20537 192
20537 193
20537 194
20537 195
20537 196
20537 197
20537 198
20537 199
20537 200
20537 201
20537 202
20537 203
20537 204
20537 205
20537 206
20537 207
20537 208
20537 209
20537 210
20537 211
20537 212
20537 213
20537 214
20537 215
20537 216
20537 217
20537 218
20537 219
20537 220
20537 221
20537 222
20537 223
20537 224
20537 225
20537 226
20537 227
20537 228
20537 229
20537 230
20537 231
20537 232
20537 233
20537 234
20537 235
20537 236
20537 237
20537 238
20537 239
20537 240
20537 241
20537 242
20537 243
20537 244
20537 245
20537 246
20537 247
20537 248
20537 249
20537 250
20537 251
20537 252
20537 253
20537 254
20537 255
20537 256
20537 257
20537 258
20537 259
20537 260
20537 261
20537 262
20537 263
20537 264
20537 265
20537 266
20537 267
20537 268
20537 269
20537 270
20537 271
20537 272
20537 273
20537 274
20537 275
20537 276
20537 279
20537 280
20537 281
20537 282
20537 283
20537 284
20537 285
20537 286
20537 287
20537 303
20537 304
20537 305
20537 306
20537 307
20537 308
20537 309
20537 310
20537 311
20537 312
20537 313
20537 314
20537 315
20537 316
20537 317
20537 318
20537 319
20537 320
20537 321
20537 322
20537 323
20537 324
20537 325
20537 326
20537 327
20537 328
20537 329
20537 330
20537 331
20537 332
20537 333
20537 334
20537 335
20537 336
20537 337
20537 338
20537 339
20537 340
20537 341
20537 342
20537 343
20537 344
20537 345
20537 346
20537 347
20537 348
20537 349
20537 350
20537 351
20537 352
20537 353
20537 354
20537 355
20537 356
20537 357
20537 358
20537 359
20537 360
20537 361
20537 362
20537 363
20537 364
20537 365
20537 366
20538 0
20538 1
20538 2
20538 3
20538 4
20538 5
20538 6
20538 7
20538 8
20538 9
20538 10
20538 11
20538 12
20538 16
20538 23
20538 26
20538 27
20538 28
20538 30
20538 31
20538 32
20538 33
20538 34
20538 35
20538 36
20538 37
20538 38
20538 39
20538 40
20538 41
20538 42
20538 50
20538 51
20538 52
20538 53
20538 54
20538 55
20538 57
20538 58
20538 59
20538 60
20538 61
20538 62
20538 63
20538 64
20538 65
20538 66
20538 68
20538 69
20538 70
20538 73
20538 74
20538 76
20538 77
20538 78
20538 79
20538 80
20538 82
20538 83
20538 84
20538 85
20538 86
20538 87
20538 88
20538 89
20538 90
20538 91
20538 92
20538 93
20538 94
20538 95
20538 96
20538 97
20538 98
20538 99
20538 101
20538 102
20538 103
20538 104
20538 105
20538 106
20538 107
20538 108
20538 109
20538 110
20538 111
20538 112
20538 113
20538 114
20538 115
20538 116
20538 117
20538 120
20538 121
20538 122
20538 123
20538 124
20538 126
20538 127
20538 128
20538 130
20538 131
20538 132
20538 133
20538 135
20538 136
20538 137
20538 139
20538 143
20538 144
20538 145
20538 146
20538 149
20538 150
20538 152
20538 153
20538 154
20538 155
20538 157
20538 158
20538 159
20538 160
20538 161
20538 162
20538 163
20538 164
20538 165
20538 166
20538 167
20538 168
20538 169
20538 170
20538 171
20538 172
20538 173
20538 174
20538 175
20538 176
20538 177
20538 178
20538 179
20538 181
20538 182
20538 183
20538 184
20538 185
20538 186
20538 187
20538 188
20538 189
20538 191
20538 192
20538 193
20538 194
20538 195
20538 196
20538 198
20538 199
20538 200
20538 201
20538 203
20538 204
20538 206
20538 207
20538 208
20538 209
20538 210
20538 211
20538 212
20538 213
20538 214
20538 215
20538 216
20538 217
20538 218
20538 220
20538 221
20538 222
20538 223
20538 224
20538 225
20538 226
20538 227
20538 229
20538 230
20538 231
20538 232
20538 235
20538 236
20538 237
20538 238
20538 239
20538 240
20538 241
20538 242
20538 243
20538 244
20538 245
20538 246
20538 247
20538 248
20538 249
20538 250
20538 251
20538 252
20538 253
20538 254
20538 256
20538 257
20538 258
20538 259
20538 260
20538 261
20538 262
20538 263
20538 265
20538 266
20538 267
20538 268
20538 269
20538 270
20538 271
20538 272
20538 273
20538 274
20538 275
20538 276
20538 278
20538 279
20538 280
20538 281
20538 282
20538 283
20538 284
20538 285
20538 286
20538 287
20538 288
20538 289
20538 290
20538 291
20538 292
20538 294
20538 295
20538 296
20538 297
20538 298
20538 299
20538 300
20538 302
20538 303
20538 304
20538 305
20538 306
20538 307
20538 309
20538 310
20538 311
20538 312
20538 313
20538 314
20538 315
20538 316
20538 317
20538 318
20538 319
20538 320
20538 321
20538 323
20538 324
20538 325
20538 326
20538 327
20538 328
20538 329
20538 330
20538 331
20538 335
20538 336
20538 338
20538 339
20538 340
20538 342
20538 343
20538 344
20541 0
20541 1
20541 9
20541 10
20541 11
20541 12
20541 13
20541 14
20541 15
20541 16
20541 17
20541 18
20541 19
20541 20
20541 21
20541 22
20541 23
20541 24
20541 25
20541 26
20541 27
20541 28
20541 29
20541 30
20541 31
20541 32
20541 33
20541 34
20541 35
20541 36
20541 37
20541 38
20541 39
20541 40
20541 41
20541 42
20541 43
20541 44
20541 45
20541 46
20541 47
20541 48
20541 49
20541 50
20541 51
20541 52
20541 53
20541 54
20541 55
20541 56
20541 57
20541 58
20541 59
20541 60
20541 61
20541 63
20541 64
20541 65
20541 66
20541 67
20541 68
20541 69
20541 70
20541 71
20541 72
20541 73
20541 74
20541 75
20541 76
20541 77
20541 78
20541 79
20541 80
20541 81
20541 82
20541 83
20541 84
20541 85
20541 86
20541 87
20541 88
20541 89
20541 90
20541 91
20541 92
20541 93
20541 94
20541 95
20541 96
20541 97
20541 98
20541 99
20541 100
20541 101
20541 102
20541 103
20541 104
20541 105
20541 106
20541 107
20541 108
20541 109
20541 110
20541 111
20541 112
20541 113
20541 114
20541 115
20541 116
20541 117
20541 118
20541 119
20541 120
20541 121
20541 122
20541 123
20541 124
20541 125
20541 126
20541 127
20541 128
20541 129
20541 130
20541 131
20541 132
20541 133
20541 134
20541 135
20541 136
20541 137
20541 138
20541 139
20541 140
20541 141
20541 142
20541 143
20541 144
20541 145
20541 146
20541 147
20541 148
20541 149
20541 150
20541 151
20541 152
20541 153
20541 154
20541 155
20541 156
20541 157
20541 158
20541 159
20541 160
20541 161
20541 162
20541 163
20541 164
20541 165
20541 166
20541 167
20541 168
20541 169
20541 170
20541 171
20541 172
20541 173
20541 174
20541 175
20541 176
20541 177
20541 178
20541 179
20541 180
20541 181
20541 182
20541 183
20541 184
20541 185
20541 186
20541 187
20541 188
20541 189
20541 190
20541 191
20541 192
20541 193
20541 194
20541 195
20541 196
20541 197
20541 198
20541 199
20541 200
20541 201
20541 202
20541 203
20541 204
20541 205
20541 206
20541 207
20541 208
20541 209
20541 210
20541 211
20541 212
20541 213
20541 214
20541 215
20541 216
20541 217
20541 218
20541 219
20541 220
20541 221
20541 222
20541 223
20541 224
20541 225
20541 226
20541 227
20541 228
20541 229
20541 230
20541 231
20541 232
20541 233
20541 234
20541 235
20541 236
20541 237
20541 238
20541 239
20541 240
20541 241
20541 242
20541 243
20541 244
20541 245
20541 246
20541 247
20541 248
20541 249
20541 250
20541 251
20541 252
20541 253
20541 254
20541 255
20541 256
20541 257
20541 258
20541 259
20541 260
20541 261
20541 262
20541 265
20541 266
20541 267
20541 268
20541 269
20541 270
20541 271
20541 272
20541 273
20541 274
20541 275
20541 276
20541 277
20541 278
20541 279
20541 280
20541 281
20541 282
20541 283
20541 284
20541 285
20541 286
20541 287
20541 288
20541 289
20541 290
20541 291
20541 292
20541 293
20541 294
20541 295
20541 296
20541 297
20541 298
20541 300
20541 301
20541 302
20541 303
20541 304
20541 305
20541 306
20541 307
20541 308
20541 309
20541 310
20541 311
20541 312
20541 313
20541 314
20541 315
20541 316
20541 317
20541 318
20541 319
20541 320
20541 321
20541 322
20541 323
20541 324
20541 325
20541 326
20541 327
20541 328
20541 329
20541 330
20541 331
20541 332
20541 333
20541 334
20541 335
20541 337
20541 338
20541 340
20541 341
20541 342
20541 343
20541 344
20541 345
20541 346
20541 347
20541 348
20541 349
20541 350
20541 351
20541 352
20541 353
20541 354
20541 355
20541 356
20541 357
20541 358
20541 359
20541 360
20541 361
20541 362
20541 363
20541 364
20541 365
20541 366
20541 367
20541 368
20541 369
20541 370
20541 371
20541 372
20541 373
20541 374
20541 375
20541 376
20541 377
20541 378
20541 379
20541 380
20541 381
20541 382
20541 383
20541 384
20541 385
20541 386
20541 387
20541 388
20541 389
20541 390
20541 391
20541 392
20541 393
20541 395
20541 396
20541 398
20541 399
20541 400
20541 401
20541 402
20541 403
20541 404
20541 405
20541 406
20541 407
20541 408
20541 409
20541 410
20541 411
20541 412
20541 413
20541 414
20541 415
20541 416
20541 417
20541 419
20541 420
20541 421
20541 422
20541 423
20541 424
20541 425
20541 426
20541 428
20541 429
20541 430
20541 431
20541 432
20541 433
20541 434
20541 435
20541 436
20541 437
20541 438
20541 439
20541 440
20541 441
20541 442
20541 443
20541 444
20541 445
20541 446
20541 447
20541 448
20541 449
20541 450
20541 451
20541 452
20541 453
20541 454
20542 0
20542 1
20542 2
20542 3
20542 4
20542 6
20542 7
20542 8
20542 9
20542 10
20542 11
20542 12
20542 13
20542 14
20542 15
20542 16
20542 18
20542 19
20542 20
20542 21
20542 22
20542 25
20542 26
20542 27
20542 28
20542 30
20542 31
20542 32
20542 33
20542 34
20542 35
20542 36
20542 37
20542 38
20542 39
20542 40
20542 41
20542 42
20542 43
20542 44
20542 45
20542 46
20542 47
20542 48
20542 49
20542 50
20542 51
20542 53
20542 54
20542 55
20542 56
20542 57
20542 58
20542 59
20542 60
20542 61
20542 62
20542 63
20542 65
20542 66
20542 67
20542 68
20542 69
20542 70
20542 71
20542 72
20542 74
20542 75
20542 76
20542 77
20542 78
20542 79
20542 80
20542 81
20542 82
20542 83
20542 85
20542 86
20542 87
20542 88
20542 89
20542 90
20542 91
20542 92
20542 93
20542 94
20542 95
20542 96
20542 97
20542 98
20542 99
20542 100
20542 101
20542 102
20542 103
20542 104
20542 105
20542 106
20542 107
20542 108
20542 109
20542 110
20542 111
20542 112
20542 113
20542 114
20542 115
20542 116
20542 117
20542 119
20542 120
20542 121
20542 123
20542 124
20542 125
20542 126
20542 127
20542 128
20542 129
20542 131
20542 132
20542 133
20542 134
20542 135
20542 136
20542 137
20542 143
20542 144
20542 145
20542 146
20542 147
20542 148
20542 149
20542 150
20542 151
20542 152
20542 153
20542 154
20542 155
20542 156
20542 157
20543 0
20543 1
20543 2
20543 3
20543 4
20543 5
20543 6
20543 8
20543 9
20543 10
20543 11
20543 12
20543 13
20543 14
20543 15
20543 16
20543 17
20543 18
20543 19
20543 20
20543 21
20543 22
20543 23
20543 24
20543 25
20543 26
20543 27
20543 28
20543 29
20543 30
20543 31
20543 32
20543 33
20543 34
20543 35
20543 36
20543 37
20543 38
20543 40
20543 42
20543 43
20543 44
20543 45
20543 46
20543 47
20543 48
20543 49
20543 50
20543 51
20543 52
20543 53
20543 54
20543 56
20543 57
20543 58
20543 59
20543 60
20543 61
20543 62
20543 63
20543 64
20543 65
20543 66
20543 67
20543 68
20543 69
20543 70
20543 71
20543 72
20543 73
20543 74
20543 77
20543 78
20543 79
20543 81
20543 82
20543 83
20543 84
20543 85
20543 86
20543 87
20543 88
20543 89
20543 90
20543 91
20543 92
20543 95
20543 96
20543 97
20543 98
20543 99
20543 100
20543 101
20543 102
20543 103
20543 104
20543 105
20543 106
20543 107
20543 108
20543 109
20543 110
20543 111
20543 112
20543 113
20543 114
20543 115
20543 117
20543 119
20543 120
20543 121
20543 122
20543 123
20543 124
20543 125
20543 126
20543 128
20543 129
20543 130
20543 131
20543 132
20543 133
20543 134
20543 135
20543 136
20543 137
20543 138
20543 139
20543 140
20543 141
20543 142
20543 143
20543 144
20543 145
20543 146
20543 147
20543 148
20543 149
20543 150
20543 151
20543 152
20543 153
20543 154
20543 155
20544 0
20544 1
20544 2
20544 3
20544 4
20544 5
20544 6
20544 7
20544 8
20544 9
20544 10
20544 11
20544 12
20544 13
20544 14
20544 15
20544 16
20544 17
20544 18
20544 19
20544 20
20544 21
20544 22
20544 23
20544 24
20544 25
20544 26
20544 27
20544 28
20544 29
20544 30
20544 31
20544 32
20544 33
20544 35
20544 36
20544 37
20544 38
20544 39
20544 40
20544 41
20544 42
20544 43
20544 44
20544 46
20544 47
20544 49
20544 50
20544 51
20544 52
20544 53
20544 54
20544 55
20544 56
20544 57
20544 59
20544 60
20544 61
20544 62
20544 63
20544 64
20544 65
20544 66
20544 67
20544 68
20544 69
20544 70
20544 71
20544 72
20544 75
20544 76
20544 77
20544 78
20544 79
20544 80
20544 81
20544 82
20544 83
20544 84
20544 85
20544 86
20544 87
20544 88
20544 89
20544 90
20544 91
20544 92
20544 93
20544 94
20544 95
20544 96
20544 97
20544 98
20544 99
20544 100
20544 101
20544 102
20544 103
20544 104
20544 105
20544 106
20544 107
20544 108
20544 110
20544 113
20544 114
20544 115
20544 116
20544 117
20544 118
20544 119
20544 120
20544 121
20544 122
20544 123
20544 124
20544 125
20544 126
20544 127
20544 128
20544 129
20544 130
20544 131
20544 132
20544 133
20544 134
20544 135
20544 136
20544 138
20544 139
20544 140
20544 141
20544 142
20544 143
20544 144
20544 145
20544 146
20544 147
20544 148
20544 149
20544 150
20544 151
20544 152
20544 153
20544 154
20544 155
20544 156
20544 157
20544 158
20544 159
20544 160
20544 161
20544 162
20544 163
20544 164
20544 165
20544 166
20544 167
20544 168
20544 169
20544 170
20544 171
20544 172
20544 173
20544 174
20544 175
20544 176
20544 177
20544 178
20544 180
20544 182
20544 183
20544 184
20544 185
20544 186
20544 187
20544 188
20544 189
20544 190
20544 191
20544 193
20544 194
20544 195
20544 196
20544 197
20544 198
20544 200
20544 201
20544 202
20544 203
20544 204
20544 205
20544 206
20544 207
20544 208
20544 209
20544 210
20544 211
20544 212
20544 213
20544 214
20544 215
20544 216
20544 218
20544 219
20544 220
20544 221
20544 222
20544 223
20544 224
20544 225
20544 226
20544 227
20544 229
20544 230
20544 231
20544 232
20544 234
20544 235
20544 236
20544 237
20544 238
20544 239
20544 240
20544 241
20544 242
20544 243
20544 244
20544 245
20544 247
20544 248
20544 249
20544 250
20544 251
20544 252
20544 253
20544 254
20544 255
20544 256
20544 257
20544 258
20544 259
20544 260
20544 261
20544 262
20544 263
20544 264
20544 265
20544 266
20544 267
20544 268
20544 269
20544 270
20544 271
20544 272
20544 273
20544 275
20544 276
20544 278
20544 279
20544 280
20544 281
20544 283
20544 284
20544 285
20544 286
20544 287
20544 288
20544 289
20544 290
20544 291
20544 292
20544 293
20544 294
20544 295
20544 296
20544 297
20544 298
20544 299
20544 300
20544 301
20544 302
20544 303
20544 304
20544 305
20544 307
20544 308
20544 309
20544 310
20544 311
20544 312
20544 313
20544 314
20544 315
20544 316
20544 317
20544 318
20544 319
20544 320
20544 321
20544 322
20544 323
20544 324
20544 325
20544 326
20544 327
20544 328
20544 329
20544 330
20544 331
20544 332
20544 333
20544 334
20544 335
20544 336
20544 337
20544 338
20544 339
20544 340
20544 341
20544 342
20544 343
20544 345
20544 346
20544 347
20544 348
20544 349
20544 351
20544 352
20544 353
20544 354
20544 355
20544 356
20544 357
20544 358
20544 359
20544 360
20544 361
20544 362
20544 363
20544 364
20544 365
20544 366
20544 367
20544 368
20544 369
20544 370
20544 371
20544 372
20544 373
20544 374
20544 375
20544 376
20544 377
20544 378
20544 379
20544 380
20544 382
20544 383
20544 384
20544 385
20544 386
20544 387
20544 388
20544 389
20544 390
20544 391
20544 392
20544 393
20544 394
20544 395
20544 396
20544 397
20544 398
20544 399
20544 400
20544 401
20544 402
20544 403
20544 404
20544 405
20544 406
20544 407
20544 408
20544 409
20544 410
20544 411
20544 413
20544 414
20544 415
20544 416
20544 417
20544 418
20544 419
20544 420
20544 421
20544 422
20544 423
20544 424
20544 425
20544 426
20544 427
20544 429
20544 432
20544 433
20544 434
20544 435
20544 436
20544 437
20544 438
20544 439
20544 440
20544 441
20544 442
20544 443
20544 444
20544 445
20544 446
20544 447
20544 448
20544 449
20544 450
20544 451
20544 452
20544 453
20544 454
20544 455
20544 456
20544 457
20544 458
20544 459
20544 460
20544 461
20544 463
20544 464
20544 465
20544 466
20544 467
20544 468
20544 470
20544 471
20544 472
20544 473
20544 474
20544 475
20544 477
20544 478
20544 479
20544 480
20544 481
20544 482
20544 483
20544 484
20544 485
20544 486
20544 487
20544 488
20544 489
20544 490
20544 491
20544 492
20544 493
20544 494
20544 495
20544 496
20544 497
20544 498
20544 499
20544 500
20544 501
20544 503
20544 504
20544 505
20544 506
20544 507
20544 508
20544 509
20544 510
20544 511
20544 512
20544 513
20544 514
20544 515
20544 516
20544 517
20544 518
20544 519
20544 520
20544 521
20544 523
20544 524
20544 525
20544 526
20544 527
20544 528
20544 529
20544 530
20544 531
20544 533
20544 534
20544 535
20544 536
20544 537
20544 538
20544 539
20544 540
20544 541
20544 542
20544 543
20544 544
20544 545
20544 546
20544 547
20544 548
20544 549
20544 550
20544 551
20544 552
20544 553
20544 554
20544 555
20544 556
20544 557
20544 558
20544 559
20544 560
20544 561
20544 562
20544 563
20544 564
20544 565
20544 566
20544 567
20544 568
20544 569
20544 570
20544 571
20545 0
20545 1
20545 3
20545 4
20545 5
20545 6
20545 7
20545 8
20545 9
20545 10
20545 11
20545 12
20545 13
20545 14
20545 15
20545 16
20545 17
20545 18
20545 19
20545 20
20545 21
20545 22
20545 23
20545 24
20545 25
20545 26
20545 27
20545 28
20545 29
20545 30
20545 32
20545 33
20545 34
20545 35
20545 36
20545 37
20545 38
20545 39
20545 40
20545 41
20545 42
20545 43
20545 44
20545 45
20545 46
20545 47
20545 48
20545 49
20545 50
20545 51
20545 52
20545 53
20545 54
20545 55
20545 56
20545 57
20545 58
20545 59
20545 60
20545 61
20545 62
20545 63
20545 64
20545 65
20545 66
20545 67
20545 68
20545 69
20545 70
20545 71
20545 72
20545 73
20545 74
20545 75
20545 76
20545 77
20545 78
20545 79
20545 80
20545 81
20545 82
20545 83
20545 84
20545 85
20545 86
20545 87
20545 88
20545 89
20545 90
20545 92
20545 93
20545 94
20545 95
20545 96
20545 97
20545 98
20545 99
20545 100
20545 101
20545 102
20545 103
20545 104
20545 105
20545 106
20545 107
20545 108
20545 109
20545 110
20545 111
20545 112
20545 113
20545 115
20545 116
20545 117
20545 119
20545 120
20545 121
20545 122
20545 123
20545 124
20545 125
20545 126
20545 127
20545 128
20545 129
20545 130
20545 131
20545 132
20545 133
20545 134
20545 135
20545 136
20545 137
20545 138
20545 139
20545 141
20545 142
20545 143
20545 144
20545 145
20545 147
20545 148
20545 149
20545 150
20545 151
20545 152
20545 153
20545 154
20545 155
20545 156
20545 157
20545 158
20545 159
20545 160
20545 161
20545 162
20545 163
20545 164
20545 165
20545 166
20545 167
20545 168
20545 169
20545 170
20545 172
20545 173
20545 174
20545 175
20545 176
20545 177
20545 178
20545 179
20545 180
20545 182
20545 183
20545 184
20545 185
20545 186
20545 187
20545 188
20545 189
20545 190
20545 191
20545 192
20545 193
20545 194
20545 195
20545 196
20545 197
20545 198
20545 199
20545 200
20545 201
20545 202
20545 203
20545 204
20545 205
20545 206
20545 207
20545 208
20545 209
20545 210
20545 211
20545 212
20545 213
20545 214
20545 215
20545 216
20545 217
20545 218
20545 219
20545 220
20545 221
20545 222
20545 224
20545 225
20545 226
20545 227
20545 228
20545 229
20545 230
20545 231
20545 232
20545 233
20545 234
20545 235
20545 236
20545 237
20545 238
20545 239
20545 240
20545 241
20545 242
20545 243
20545 244
20545 245
20545 246
20545 247
20545 248
20545 249
20545 250
20545 251
20545 252
20545 253
20545 254
20545 255
20545 256
20545 257
20545 258
20545 259
20545 260
20545 261
20545 262
20545 263
20545 265
20545 266
20545 268
20545 270
20545 272
20545 273
20545 274
20545 275
20545 276
20545 277
20545 278
20545 279
20545 280
20545 281
20545 282
20545 283
20545 284
20545 285
20545 287
20545 288
20545 289
20545 290
20545 291
20545 292
20545 293
20545 294
20545 295
20545 296
20545 297
20545 298
20545 299
20545 300
20545 301
20545 302
20545 303
20545 304
20545 305
20545 306
20545 307
20545 308
20545 310
20545 311
20545 312
20545 313
20545 314
20545 315
20545 316
20545 317
20545 318
20545 319
20545 320
20545 321
20545 322
20545 323
20545 324
20545 325
20545 326
20545 327
20545 328
20545 329
20545 330
20545 331
20545 332
20545 333
20545 335
20545 336
20545 337
20545 338
20545 339
20545 340
20545 341
20545 342
20545 343
20545 344
20545 345
20545 346
20545 347
20545 348
20545 349
20545 350
20545 351
20545 352
20545 353
20545 354
20545 355
20545 357
20545 358
20545 359
20545 360
20545 361
20545 362
20545 363
20545 364
20545 365
20545 366
20545 367
20545 368
20545 369
20545 370
20545 371
20545 372
20545 373
20545 374
20545 375
20545 376
20545 377
20545 378
20545 379
20545 380
20545 381
20545 382
20545 383
20545 385
20545 386
20545 387
20545 388
20545 390
20545 391
20545 392
20545 393
20545 394
20545 395
20545 396
20545 398
20545 399
20545 400
20545 401
20545 402
20545 403
20545 404
20545 405
20545 407
20545 408
20545 409
20545 410
20545 411
20545 413
20546 0
20546 1
20546 2
20546 3
20546 4
20546 5
20546 6
20547 0
20547 1
20547 2
20547 3
20547 4
20547 5
20547 6
20547 8
20547 9
20547 10
20547 12
20547 13
20547 14
20547 15
20547 17
20547 18
20547 19
20547 20
20547 21
20547 22
20547 23
20547 24
20547 25
20547 26
20547 27
20547 28
20547 30
20547 31
20547 33
20547 34
20547 35
20547 36
20547 37
20547 38
20547 39
20547 41
20547 42
20547 43
20547 44
20547 45
20547 46
20547 47
20547 48
20547 49
20547 51
20547 52
20547 56
20547 57
20547 58
20547 59
20547 60
20547 61
20547 62
20547 63
20547 64
20547 65
20547 66
20547 67
20547 68
20547 69
20547 70
20547 72
20547 73
20547 74
20547 75
20547 76
20547 77
20547 78
20547 79
20547 80
20547 81
20547 82
20547 83
20547 84
20547 85
20547 86
20547 87
20547 88
20547 89
20547 90
20547 91
20547 92
20547 93
20547 94
20547 95
20547 96
20547 97
20547 98
20547 99
20547 101
20547 102
20547 105
20547 106
20547 107
20547 108
20547 109
20547 110
20547 111
20547 112
20547 113
20547 114
20547 115
20547 117
20547 118
20547 119
20547 120
20547 121
20547 122
20547 123
20547 124
20547 125
20547 126
20547 127
20547 128
20547 129
20547 130
20547 131
20547 132
20547 133
20547 134
20547 135
20547 136
20547 137
20547 138
20547 140
20547 141
20547 142
20547 143
20547 144
20547 145
20547 147
20547 148
20547 149
20547 150
20547 151
20547 152
20547 153
20547 154
20547 155
20547 156
20547 157
20547 160
20547 161
20547 162
20547 163
20547 164
20547 165
20547 167
20547 168
20547 169
20547 170
20547 171
20547 172
20547 173
20547 174
20547 175
20547 176
20547 177
20547 178
20547 180
20547 181
20547 182
20547 183
20547 184
20547 185
20547 189
20547 190
20547 191
20547 192
20547 193
20547 194
20547 195
20547 196
20547 197
20547 198
20547 199
20547 200
20547 201
20547 202
20547 203
20547 204
20547 205
20547 206
20547 207
20547 208
20547 209
20547 210
20547 211
20547 212
20547 213
20547 214
20547 215
20547 216
20547 217
20547 219
20547 220
20547 221
20547 222
20547 223
20547 224
20547 225
20547 226
20547 227
20547 228
20547 229
20547 231
20547 232
20547 233
20547 234
20547 235
20547 236
20547 237
20547 238
20547 239
20547 241
20547 242
20547 243
20547 244
20547 245
20547 246
20547 247
20547 248
20547 250
20547 251
20547 253
20547 254
20547 255
20547 256
20547 257
20547 258
20547 259
20547 260
20547 261
20547 263
20547 264
20547 265
20547 266
20547 267
20547 268
20547 269
20547 270
20547 271
20547 272
20547 273
20547 274
20547 275
20547 276
20547 277
20547 278
20547 279
20547 280
20547 281
20547 282
20547 283
20547 284
20547 287
20547 288
20547 289
20547 290
20547 291
20547 292
20547 294
20547 295
20547 296
20547 297
20547 298
20547 299
20547 300
20547 301
20547 302
20547 303
20547 304
20547 305
20547 306
20547 307
20547 308
20547 309
20547 310
20547 311
20547 312
20547 313
20547 314
20547 315
20547 316
20547 317
20547 318
20547 319
20547 320
20547 321
20547 322
20547 323
20547 324
20547 325
20547 326
20547 327
20547 328
20547 329
20547 330
20547 331
20547 332
20547 333
20547 334
20547 335
20547 336
20547 338
20547 339
20547 340
20547 341
20547 342
20547 343
20547 344
20547 345
20547 346
20547 347
20547 348
20547 349
20547 350
20547 351
20547 352
20547 353
20547 354
20547 355
20547 356
20547 357
20547 358
20547 359
20547 360
20547 362
20547 363
20547 364
20547 365
20547 366
20547 367
20547 368
20547 369
20547 370
20547 371
20547 372
20547 374
20547 375
20547 376
20547 377
20547 378
20547 379
20547 380
20547 381
20547 382
20547 383
20547 384
20547 385
20547 386
20547 387
20547 389
20547 390
20547 391
20547 392
20547 393
20547 394
20547 395
20547 396
20547 397
20547 399
20547 400
20547 401
20547 402
20547 403
20547 404
20547 405
20547 406
20547 407
20547 408
20547 409
20547 410
20547 411
20547 412
20547 413
20547 414
20547 415
20548 0
20548 1
20548 2
20548 3
20548 4
20548 5
20548 6
20548 8
20548 9
20548 10
20548 11
20548 12
20548 13
20548 14
20548 16
20548 17
20548 18
20548 19
20548 20
20548 21
20548 22
20548 23
20548 25
20548 26
20548 27
20548 28
20548 29
20548 30
20548 31
20548 32
20548 33
20548 34
20548 35
20548 36
20548 37
20548 38
20548 39
20548 40
20548 41
20548 42
20548 43
20548 44
20548 46
20548 47
20548 48
20548 49
20548 50
20548 51
20548 52
20548 53
20548 54
20548 55
20548 56
20548 57
20548 59
20548 60
20548 61
20548 62
20548 63
20548 65
20548 66
20548 67
20548 68
20548 69
20548 70
20548 71
20548 72
20548 73
20548 74
20548 75
20548 76
20548 77
20548 80
20548 81
20548 82
20548 83
20548 85
20549 0
20549 1
20549 2
20549 3
20549 4
20549 5
20549 6
20549 7
20549 8
20549 11
20549 12
20549 13
20549 14
20549 15
20549 16
20549 17
20549 18
20549 19
20549 20
20549 21
20549 22
20549 23
20549 24
20549 25
20549 26
20549 27
20549 28
20549 29
20549 30
20549 31
20549 32
20549 33
20549 34
20549 35
20549 36
20549 37
20549 38
20549 39
20549 40
20549 41
20549 42
20549 43
20549 44
20549 45
20549 46
20549 47
20549 48
20549 49
20549 50
20549 51
20549 52
20549 53
20549 54
20549 55
20549 56
20549 57
20549 58
20549 59
20549 60
20549 62
20549 63
20549 64
20549 65
20549 66
20549 67
20549 68
20549 69
20549 70
20549 71
20549 72
20549 73
20549 74
20549 75
20549 76
20549 78
20549 79
20549 80
20549 81
20549 82
20549 83
20549 84
20549 85
20549 86
20549 87
20549 88
20549 89
20549 90
20549 92
20549 93
20549 94
20549 95
20549 96
20549 98
20549 99
20549 100
20549 101
20549 102
20549 103
20549 104
20549 105
20549 106
20549 107
20549 108
20549 109
20549 110
20549 111
20549 112
20549 113
20549 114
20549 115
20549 116
20549 117
20549 118
20549 119
20549 120
20549 121
20549 122
20549 123
20549 124
20549 125
20549 126
20549 127
20549 128
20549 129
20549 130
20549 132
20549 133
20549 134
20549 135
20549 136
20549 137
20549 138
20549 139
20549 140
20549 141
20549 143
20549 144
20549 145
20549 146
20549 147
20549 148
20549 149
20549 150
20549 151
20549 152
20549 153
20549 154
20549 155
20549 156
20549 157
20549 158
20549 159
20549 160
20549 161
20549 162
20549 164
20549 165
20549 166
20549 167
20549 168
20549 169
20549 171
20549 172
20549 173
20549 174
20549 175
20549 176
20549 177
20549 178
20549 179
20549 180
20549 181
20549 182
20549 183
20549 184
20549 185
20549 186
20549 187
20549 188
20549 189
20549 190
20549 191
20549 192
20549 193
20549 194
20549 195
20549 196
20549 197
20549 198
20549 199
20549 200
20549 201
20549 202
20549 203
20549 204
20549 205
20549 206
20549 207
20549 208
20549 209
20549 210
20549 211
20549 212
20549 213
20549 214
20549 215
20549 216
20549 217
20549 218
20549 219
20549 220
20549 221
20549 222
20549 223
20549 224
20549 225
20549 226
20549 227
20549 228
20549 229
20549 230
20549 231
20549 232
20549 233
20549 234
20549 235
20549 236
20549 237
20549 238
20549 239
20549 240
20549 241
20549 242
20549 243
20549 244
20549 245
20549 246
20549 247
20549 248
20549 249
20549 250
20549 251
20549 252
20549 253
20549 254
20549 255
20549 256
20549 257
20549 258
20549 259
20549 260
20549 261
20549 262
20549 264
20549 265
20549 266
20549 267
20549 269
20549 270
20549 271
20549 272
20549 273
20549 274
20549 275
20549 276
20549 277
20549 280
20549 281
20549 282
20549 283
20549 284
20549 285
20549 286
20549 287
20549 288
20549 289
20549 290
20549 291
20549 292
20549 293
20549 294
20549 295
20549 296
20549 297
20549 298
20549 299
20549 300
20549 301
20549 302
20549 303
20549 304
20549 305
20549 306
20549 307
20549 308
20549 309
20549 310
20549 311
20549 312
20549 313
20549 314
20549 315
20549 316
20549 317
20549 318
20549 319
20549 320
20549 321
20549 322
20549 323
20549 324
20549 326
20549 327
20549 328
20549 329
20549 330
20549 331
20549 332
20549 333
20549 334
20549 335
20549 336
20549 337
20549 338
20549 339
20549 340
20549 341
20549 342
20549 343
20549 344
20549 345
20549 346
20549 347
20549 348
20549 349
20549 350
20549 351
20549 352
20549 353
20549 354
20549 355
20549 356
20549 357
20549 358
20549 359
20549 360
20549 361
20549 362
20549 363
20549 364
20549 365
20549 366
20549 367
20549 368
20549 369
20549 370
20549 371
20549 372
20549 373
20549 374
20549 375
20549 376
20549 377
20549 378
20549 380
20549 381
20549 382
20549 383
20549 384
20549 385
20549 386
20549 387
20549 388
20549 389
20549 390
20549 391
20549 392
20549 393
20549 394
20549 396
20549 397
20549 398
20549 399
20549 400
20549 401
20549 402
20549 403
20549 404
20549 405
20549 406
20549 407
20549 408
20549 409
20549 410
20549 411
20549 412
20549 413
20549 414
20549 415
20549 417
20549 418
20549 419
20549 421
20549 422
20549 423
20549 424
20549 425
20549 426
20549 427
20549 428
20549 429
20549 431
20549 432
20549 433
20549 434
20549 435
20549 436
20549 437
20549 438
20549 439
20549 441
20549 442
20549 443
20549 444
20549 445
20549 446
20549 447
20549 448
20549 449
20549 450
20549 451
20549 452
20549 453
20549 454
20549 455
20549 456
20549 457
20549 458
20549 459
20549 460
20549 462
20549 463
20549 464
20549 465
20549 466
20549 467
20549 469
20549 470
20549 471
20549 472
20549 473
20549 474
20549 475
20549 476
20549 477
20549 478
20549 479
20549 480
20549 481
20549 482
20549 483
20549 484
20549 485
20549 486
20549 487
20549 488
20549 489
20549 490
20549 491
20549 492
20549 493
20549 494
20549 496
20549 497
20549 498
20549 499
20549 500
20549 502
20549 503
20549 504
20549 505
20549 506
20549 507
20549 508
20549 509
20549 510
20549 511
20549 512
20549 513
20549 514
20549 515
20549 516
20549 517
20549 518
20549 519
20549 520
20549 521
20549 522
20549 523
20549 524
20549 525
20549 526
20549 527
20549 528
20549 529
20549 530
20549 531
20549 532
20549 533
20549 534
20549 536
20549 537
20549 538
20549 539
20549 540
20549 541
20549 542
20549 543
20549 544
20549 545
20549 546
20549 547
20549 548
20549 549
20549 550
20549 551
20549 552
20549 553
20549 554
20549 555
20549 556
20549 557
20549 558
20549 559
20549 560
20549 561
20549 562
20549 563
20549 564
20549 565
20549 566
20549 567
20549 568
20549 569
20549 570
20549 572
20549 573
20549 574
20549 575
20549 576
20549 577
20549 578
20549 579
20549 580
20549 581
20549 582
20549 583
20549 584
20550 0
20550 1
20550 2
20550 3
20550 4
20550 5
20550 6
20550 7
20550 8
20550 10
20550 11
20550 12
20550 13
20550 14
20550 16
20550 17
20550 18
20550 19
20550 21
20550 22
20550 23
20550 24
20550 25
20550 26
20550 27
20550 28
20550 30
20550 32
20550 33
20550 35
20550 36
20550 37
20550 38
20550 40
20550 41
20550 42
20550 43
20550 44
20550 45
20550 46
20550 47
20550 48
20550 49
20550 51
20550 52
20550 53
20550 54
20550 55
20550 56
20550 57
20550 58
20550 59
20550 60
20550 61
20550 62
20550 64
20550 65
20550 66
20550 67
20550 68
20550 69
20550 70
20550 71
20550 73
20550 74
20550 75
20550 76
20550 78
20550 79
20550 81
20550 82
20550 83
20550 84
20550 85
20550 86
20550 87
20550 88
20550 89
20550 90
20550 91
20550 92
20550 93
20550 94
20550 95
20550 96
20550 97
20550 98
20550 99
20550 100
20550 101
20551 0
20551 1
20551 2
20551 3
20551 4
20551 5
20551 6
20551 7
20551 9
20551 10
20551 11
20551 12
20551 15
20551 16
20551 17
20551 18
20551 19
20551 20
20551 21
20551 22
20551 23
20551 24
20551 25
20551 26
20551 27
20551 28
20551 30
20551 31
20551 32
20551 33
20551 34
20551 35
20551 36
20551 37
20551 38
20551 39
20551 40
20551 41
20551 43
20551 45
20551 46
20551 47
20551 48
20551 49
20551 50
20551 51
20551 52
20551 53
20551 54
20551 55
20551 56
20551 57
20551 58
20551 60
20551 61
20551 62
20551 63
20551 64
20551 65
20551 66
20551 67
20551 68
20551 69
20551 70
20551 72
20551 73
20551 77
20551 78
20551 79
20551 80
20551 81
20551 82
20551 83
20551 84
20551 85
20551 86
20551 87
20551 88
20551 89
20551 90
20551 93
20551 94
20551 95
20551 96
20551 98
20551 100
20551 101
20551 102
20551 103
20551 104
20551 105
20551 106
20551 107
20551 108
20551 109
20551 110
20551 111
20551 112
20551 113
20551 114
20551 115
20551 116
20551 117
20551 118
20551 119
20551 120
20551 122
20551 123
20551 124
20551 126
20551 127
20551 128
20551 129
20551 130
20551 131
20551 132
20551 133
20551 134
20551 135
20551 136
20551 137
20551 138
20551 139
20551 140
20551 143
20551 144
20551 146
20551 147
20551 148
20551 149
20551 150
20551 151
20551 152
20551 153
20551 154
20551 156
20551 157
20551 158
20551 159
20551 160
20551 161
20551 162
20551 166
20551 168
20551 169
20551 171
20551 172
20551 173
20551 174
20551 175
20551 176
20551 177
20551 178
20551 179
20551 180
20551 182
20551 183
20551 185
20551 186
20551 188
20551 189
20551 190
20551 191
20551 192
20551 194
20551 195
20551 197
20551 198
20551 199
20551 200
20551 201
20551 202
20551 203
20551 204
20551 205
20551 206
20551 208
20551 209
20551 210
20551 211
20551 212
20551 213
20551 214
20551 215
20551 216
20551 217
20551 218
20551 219
20552 0
20552 1
20552 2
20552 3
20552 4
20552 5
20552 6
20552 7
20552 8
20552 9
20552 10
20552 11
20552 12
20552 13
20552 14
20552 15
20552 16
20552 17
20552 18
20552 19
20552 20
20552 21
20552 22
20553 0
20553 1
20553 3
20553 4
20553 5
20553 6
20553 7
20553 11
20553 14
20553 16
20553 17
20553 18
20553 19
20553 20
20553 21
20553 22
20553 25
20553 26
20553 28
20553 29
20553 31
20553 32
20553 33
20554 0
20554 1
20554 2
20554 3
20554 4
20554 5
20554 7
20554 8
20554 9
20554 10
20554 11
20554 12
20554 13
20554 14
20554 15
20554 16
20554 17
20554 18
20554 20
20554 21
20554 22
20554 23
20554 24
20554 25
20554 26
20554 27
20554 28
20554 29
20554 31
20554 32
20554 33
20554 34
20554 35
20554 36
20554 37
20554 38
20554 39
20554 40
20554 41
20554 42
20554 43
20554 44
20554 45
20554 46
20554 48
20554 49
20554 50
20554 52
20554 53
20554 54
20554 56
20554 57
20554 58
20554 59
20554 60
20554 61
20554 62
20554 63
20554 64
20554 65
20554 66
20554 67
20554 68
20554 69
20554 71
20554 72
20554 73
20554 74
20554 75
20554 76
20554 77
20554 78
20554 79
20554 80
20554 81
20554 83
20554 84
20554 85
20554 86
20554 87
20554 88
20554 89
20554 90
20554 91
20554 92
20554 93
20554 95
20554 96
20554 97
20554 99
20554 100
20554 101
20554 102
20554 103
20554 106
20554 107
20554 108
20554 109
20554 110
20554 111
20554 112
20554 114
20554 118
20554 119
20554 121
20554 122
20554 123
20554 124
20554 125
20554 126
20554 127
20554 128
20554 129
20554 130
20554 131
20554 132
20554 133
20554 134
20554 135
20554 136
20554 137
20554 138
20554 139
20554 140
20554 141
20554 143
20554 144
20554 145
20554 146
20554 147
20554 148
20554 149
20554 150
20554 151
20554 152
20554 153
20554 155
20554 156
20554 158
20554 159
20554 160
20554 162
20554 163
20554 164
20554 165
20554 166
20555 0
20555 1
20555 2
20555 3
20555 4
20555 5
20555 6
20555 7
20555 8
20555 9
20555 10
20555 11
20555 12
20555 13
20555 14
20555 15
20555 16
20555 17
20555 18
20555 19
20555 22
20555 23
20555 24
20555 25
20555 26
20555 28
20555 29
20555 30
20555 31
20555 32
20555 33
20555 34
20555 35
20555 37
20555 38
20555 39
20555 40
20555 41
20555 42
20555 43
20555 44
20555 45
20555 46
20555 47
20555 48
20555 49
20555 51
20555 52
20555 54
20555 55
20555 57
20555 58
20555 60
20555 61
20555 62
20555 63
20555 64
20555 65
20555 66
20555 67
20555 68
20555 69
20555 70
20555 71
20555 72
20555 73
20555 74
20555 75
20555 76
20555 78
20555 79
20555 80
20555 81
20555 83
20555 84
20555 85
20555 86
20555 87
20555 88
20555 89
20555 91
20555 93
20555 94
20555 95
20555 96
20555 97
20555 98
20555 99
20555 101
20555 102
20555 103
20555 104
20555 105
20555 106
20555 107
20555 108
20555 109
20555 110
20555 111
20555 112
20555 113
20555 114
20555 115
20555 116
20555 117
20555 118
20555 119
20555 120
20555 121
20555 122
20555 123
20555 124
20555 125
20555 126
20555 128
20555 129
20555 130
20555 131
20555 132
20555 133
20555 134
20555 136
20555 137
20555 138
20555 139
20555 140
20555 141
20555 142
20555 143
20555 144
20555 145
20555 146
20555 147
20555 148
20555 149
20555 150
20555 151
20555 152
20555 153
20555 154
20555 155
20555 156
20555 157
20555 158
20555 159
20555 160
20555 161
20555 162
20555 163
20555 164
20555 165
20555 166
20555 167
20555 168
20555 169
20555 170
20555 171
20555 172
20555 173
20555 174
20555 175
20555 176
20555 177
20555 178
20555 179
20555 181
20555 182
20555 184
20555 185
20555 186
20555 187
20555 188
20555 189
20555 190
20555 191
20555 192
20555 194
20555 195
20555 196
20555 197
20555 198
20555 199
20555 200
20555 201
20555 202
20555 203
20555 204
20555 205
20555 206
20555 207
20555 208
20555 209
20555 210
20555 211
20555 212
20555 213
20555 214
20555 215
20555 216
20555 217
20555 218
20555 219
20555 220
20555 222
20555 223
20555 224
20555 225
20555 226
20555 228
20555 229
20555 230
20555 231
20555 232
20555 235
20555 236
20555 237
20555 238
20555 239
20555 240
20555 241
20556 0
20556 1
20556 2
20556 3
20556 4
20556 5
20556 6
20556 7
20556 8
20556 9
20556 10
20556 11
20556 12
20556 13
20556 14
20556 15
20556 16
20556 17
20556 18
20556 19
20556 20
20556 21
20556 22
20556 23
20556 24
20556 25
20556 26
20556 27
20556 28
20556 29
20556 30
20557 0
20557 1
20557 2
20557 3
20557 4
20557 5
20557 6
20557 7
20557 9
20557 10
20557 11
20557 12
20557 13
20557 14
20557 15
20557 16
20557 17
20557 18
20557 19
20557 20
20557 21
20557 22
20557 23
20557 24
20557 25
20557 26
20557 27
20557 28
20557 29
20557 30
20557 31
20557 32
20557 34
20557 35
20557 36
20557 37
20557 38
20557 39
20557 40
20557 41
20557 43
20557 44
20557 45
20557 46
20557 47
20557 48
20557 49
20557 50
20557 51
20557 52
20557 53
20557 54
20557 55
20557 56
20557 57
20557 58
20557 59
20557 60
20557 61
20557 63
20557 64
20557 65
20557 66
20557 67
20557 68
20557 69
20557 70
20557 71
20557 72
20557 73
20557 74
20557 75
20557 76
20557 77
20557 78
20557 80
20557 81
20557 82
20557 83
20557 84
20557 85
20557 86
20557 87
20557 88
20557 89
20557 90
20557 91
20557 92
20557 93
20557 94
20557 95
20557 96
20557 97
20557 98
20557 99
20557 100
20557 101
20557 102
20557 103
20557 104
20557 105
20557 106
20557 107
20557 108
20557 109
20557 110
20557 111
20557 112
20557 114
20557 115
20557 116
20557 117
20557 118
20557 119
20557 120
20557 121
20557 122
20557 123
20557 124
20557 125
20557 126
20557 127
20557 128
20557 129
20557 130
20557 131
20557 132
20557 134
20557 135
20557 136
20557 137
20557 138
20557 139
20557 140
20557 141
20557 142
20557 143
20557 145
20557 146
20557 147
20557 148
20557 149
20557 150
20557 151
20557 152
20557 153
20557 154
20557 155
20557 156
20557 157
20557 158
20557 159
20557 160
20557 161
20557 162
20557 165
20557 166
20557 167
20557 168
20557 169
20557 170
20557 171
20557 172
20557 173
20557 174
20557 176
20557 177
20557 178
20557 179
20557 180
20557 181
20557 182
20557 183
20557 184
20557 185
20557 186
20557 187
20557 188
20558 2
20558 4
20558 5
20558 10
20558 11
20558 12
20558 13
20558 14
20558 15
20558 16
20558 17
20558 18
20558 20
20558 21
20558 25
20558 26
20558 27
20558 28
20558 29
20558 30
20558 35
20558 36
20558 37
20558 38
20558 39
20558 40
20558 41
20558 42
20558 44
20558 45
20558 46
20558 47
20558 48
20558 49
20558 50
20558 51
20558 53
20558 54
20558 55
20558 57
20558 58
20558 59
20558 60
20558 61
20558 62
20558 63
20558 64
20558 65
20558 67
20558 68
20558 69
20558 70
20558 71
20558 73
20558 74
20558 75
20558 77
20558 78
20558 79
20558 81
20558 82
20558 85
20558 86
20558 87
20558 89
20558 90
20558 91
20558 92
20558 94
20558 95
20558 96
20558 97
20558 98
20558 99
20558 100
20558 101
20558 102
20558 103
20558 104
20558 106
20558 107
20558 108
20558 109
20558 110
20558 111
20558 112
20558 113
20558 114
20558 115
20558 116
20558 117
20558 118
20558 119
20558 120
20558 121
20558 122
20558 123
20558 124
20558 125
20558 127
20558 128
20558 129
20558 130
20558 131
20558 132
20558 133
20558 134
20558 135
20558 137
20558 138
20558 139
20558 176
20559 0
20559 1
20559 2
20559 3
20559 4
20559 5
20559 7
20559 8
20559 9
20559 10
20559 11
20559 12
20559 13
20559 14
20559 15
20559 16
20559 17
20559 18
20559 19
20559 20
20559 21
20559 22
20559 23
20559 24
20559 25
20559 26
20559 27
20559 28
20559 29
20559 30
20559 31
20559 32
20559 33
20559 34
20559 35
20559 36
20559 38
20559 39
20559 40
20559 41
20559 42
20559 43
20559 44
20559 45
20559 46
20559 47
20559 48
20559 49
20559 50
20559 52
20559 53
20559 54
20559 55
20559 66
20559 67
20559 68
20559 69
20559 70
20559 71
20559 73
20559 74
20559 75
20559 76
20559 77
20559 78
20559 79
20559 80
20559 81
20559 82
20559 83
20559 84
20559 85
20559 86
20559 87
20559 89
20559 90
20559 91
20559 92
20559 93
20559 94
20559 95
20559 96
20559 97
20559 98
20559 99
20559 100
20559 101
20559 102
20559 103
20559 104
20559 105
20559 106
20559 107
20559 108
20559 109
20559 110
20559 111
20559 112
20559 113
20559 114
20559 115
20559 116
20559 117
20559 118
20559 119
20559 120
20559 121
20559 122
20559 123
20559 124
20559 125
20559 126
20559 127
20559 128
20559 129
20559 130
20559 131
20559 132
20559 133
20559 134
20559 135
20559 136
20559 137
20559 138
20559 139
20559 140
20559 141
20559 142
20559 143
20559 144
20559 145
20559 146
20559 147
20559 149
20559 150
20559 151
20559 152
20559 153
20559 154
20559 155
20559 156
20559 157
20559 158
20559 159
20559 160
20559 161
20559 162
20559 163
20559 164
20559 165
20559 166
20559 167
20559 168
20559 169
20559 170
20559 171
20559 172
20559 173
20559 174
20559 175
20559 176
20559 177
20559 178
20559 179
20559 180
20559 181
20559 182
20559 183
20559 184
20559 185
20559 186
20559 187
20559 188
20559 189
20559 190
20559 191
20559 193
20559 194
20559 195
20559 196
20559 197
20559 198
20559 199
20559 200
20559 201
20559 202
20559 203
20559 204
20559 205
20559 206
20559 207
20559 208
20559 209
20559 210
20559 231
20560 50
20560 51
20560 52
20560 53
20560 54
20560 55
20560 56
20561 0
20561 1
20561 2
20561 3
20561 4
20561 5
20561 6
20561 7
20561 8
20561 9
20561 10
20561 11
20561 12
20561 13
20561 14
20561 15
20561 16
20561 17
20561 18
20561 19
20561 20
20561 21
20561 22
20561 23
20561 24
20561 25
20561 26
20561 27
20561 28
20561 29
20561 30
20561 31
20561 32
20561 33
20561 34
20561 35
20561 36
20561 37
20561 38
20561 39
20561 40
20561 41
20561 42
20561 43
20562 0
20562 1
20562 2
20562 3
20562 4
20562 5
20562 6
20562 7
20562 8
20562 9
20562 10
20562 11
20562 12
20562 13
20562 14
20562 15
20562 16
20562 17
20562 18
20562 19
20562 20
20562 21
20562 22
20562 23
20562 24
20562 25
20562 26
20562 27
20562 28
20562 29
20562 30
20562 31
20562 32
20562 33
20562 34
20562 35
20562 36
20562 37
20562 38
20562 39
20562 40
20562 41
20562 42
20562 43
20562 44
20562 45
20562 46
20562 47
20562 48
20562 49
20562 50
20562 51
20562 52
20562 53
20562 54
20562 55
20562 56
20562 57
20562 58
20562 59
20562 60
20562 61
20562 62
20562 63
20562 64
20562 66
20562 67
20562 68
20562 69
20562 70
20562 71
20562 72
20562 73
20562 74
20562 75
20562 76
20562 77
20562 78
20562 79
20562 80
20562 81
20562 82
20562 83
20562 84
20562 85
20562 86
20562 87
20562 88
20562 89
20562 90
20562 91
20562 92
20562 93
20562 94
20562 95
20562 96
20562 97
20562 98
20562 99
20562 100
20562 101
20562 102
20562 103
20562 106
20562 107
20562 108
20562 109
20562 110
20562 111
20562 116
20562 117
20562 118
20562 119
20562 120
20562 121
20562 122
20562 123
20562 124
20562 125
20562 126
20562 127
20562 128
20562 129
20562 130
20562 131
20562 132
20562 133
20562 134
20562 135
20562 139
20562 140
20562 141
20562 142
20562 143
20562 144
20562 145
20562 146
20562 147
20562 148
20562 149
20562 150
20562 151
20562 152
20563 0
20563 1
20563 2
20563 3
20563 4
20563 5
20563 6
20563 7
20563 8
20563 9
20563 10
20563 11
20563 12
20563 13
20563 14
20563 15
20563 16
20563 17
20563 18
20563 19
20563 20
20563 21
20563 22
20563 23
20563 24
20563 25
20563 26
20563 27
20563 28
20563 29
20563 30
20563 31
20563 32
20563 33
20563 34
20563 35
20563 36
20563 37
20563 38
20563 39
20563 40
20563 42
20563 43
20563 44
20563 45
20563 46
20563 47
20563 48
20563 49
20563 50
20563 51
20563 52
20563 53
20565 2
20565 3
20565 4
20565 5
20565 6
20565 7
20565 8
20565 9
20565 10
20565 11
20565 12
20565 13
20565 14
20565 15
20565 16
20565 17
20565 19
20565 24
20565 25
20565 26
20565 27
20565 28
20565 29
20565 30
20565 31
20565 32
20565 33
20565 34
20565 35
20565 36
20565 37
20565 39
20565 40
20565 41
20565 42
20565 43
20565 44
20565 45
20565 47
20565 48
20565 50
20565 51
20565 52
20565 53
20565 54
20565 55
20565 56
20565 57
20565 59
20565 60
20565 61
20565 62
20565 63
20565 64
20565 65
20565 66
20565 67
20565 68
20565 69
20565 70
20565 71
20565 74
20565 76
20565 77
20565 79
20565 80
20565 81
20565 82
20565 83
20565 85
20565 86
20565 87
20565 88
20565 89
20565 90
20565 91
20565 92
20565 93
20565 95
20565 96
20565 97
20565 98
20565 99
20565 100
20565 101
20565 102
20565 103
20565 104
20565 105
20565 106
20565 107
20565 109
20565 110
20565 112
20565 113
20565 114
20565 115
20565 116
20565 117
20565 118
20565 119
20565 121
20565 122
20565 123
20565 124
20565 125
20565 126
20565 130
20565 132
20566 0
20566 1
20566 2
20566 3
20566 4
20566 5
20566 6
20566 7
20566 8
20566 9
20566 10
20566 11
20566 12
20566 13
20566 14
20566 15
20566 16
20566 17
20566 18
20566 19
20566 20
20566 21
20566 22
20566 23
20566 24
20566 25
20566 26
20566 27
20566 28
20566 29
20566 30
20566 31
20566 32
20566 33
20566 34
20566 35
20566 36
20566 37
20566 38
20566 39
20566 41
20566 42
20566 43
20566 44
20566 45
20566 46
20566 47
20566 48
20566 49
20566 50
20566 51
20566 52
20566 53
20566 54
20566 55
20566 56
20566 57
20566 58
20566 59
20566 60
20566 61
20566 62
20566 63
20566 64
20566 65
20566 66
20566 67
20566 68
20566 69
20566 70
20566 71
20566 72
20566 73
20566 74
20566 75
20566 76
20566 77
20566 78
20566 79
20566 80
20566 81
20566 82
20566 83
20566 84
20566 85
20566 86
20566 87
20566 88
20566 89
20566 90
20566 91
20566 92
20566 93
20566 94
20567 0
20567 1
20567 2
20567 3
20567 4
20567 5
20567 6
20567 7
20567 8
20567 9
20567 10
20567 11
20567 12
20567 13
20567 14
20567 15
20567 16
20567 17
20567 18
20567 19
20567 20
20567 21
20567 22
20567 23
20567 24
20567 25
20567 26
20567 27
20567 28
20567 29
20567 30
20567 31
20567 32
20567 33
20567 34
20567 35
20567 36
20567 37
20567 38
20567 39
20567 40
20567 41
20567 42
20567 43
20567 44
20567 45
20567 46
20567 47
20567 48
20567 49
20567 50
20567 51
20567 52
20567 53
20567 54
20567 55
20567 56
20567 57
20567 58
20567 59
20567 60
20567 61
20567 62
20567 63
20567 64
20567 65
20567 66
20567 67
20567 68
20567 69
20567 70
20567 71
20567 72
20567 73
20567 74
20567 75
20567 76
20567 77
20567 78
20567 79
20567 80
20567 81
20567 82
20567 83
20567 84
20567 85
20567 86
20567 87
20567 88
20567 89
20567 90
20567 91
20567 92
20567 93
20567 94
20567 95
20567 96
20567 97
20567 98
20567 99
20567 100
20567 101
20567 102
20567 103
20567 104
20567 105
20567 106
20567 107
20567 108
20567 109
20567 110
20567 111
20567 112
20567 113
20567 114
20567 115
20567 116
20567 117
20567 118
20567 119
20567 120
20567 121
20567 122
20567 123
20567 124
20567 125
20567 126
20567 127
20567 128
20567 129
20567 130
20567 131
20567 132
20567 133
20567 134
20567 135
20567 136
20567 137
20567 138
20567 139
20567 140
20567 141
20567 142
20567 143
20567 144
20567 145
20567 146
20567 147
20567 148
20567 149
20567 150
20567 151
20567 152
20567 153
20567 154
20567 155
20567 156
20567 157
20567 158
20567 159
20567 160
20567 161
20567 162
20567 163
20567 164
20567 165
20567 166
20567 167
20567 168
20567 169
20567 170
20567 171
20567 172
20567 173
20567 174
20567 175
20567 176
20567 177
20567 178
20567 179
20567 180
20567 181
20567 182
20567 183
20567 184
20567 185
20567 186
20567 187
20567 188
20567 189
20567 190
20567 191
20567 192
20567 193
20567 194
20567 195
20567 196
20567 197
20567 198
20567 199
20567 200
20567 201
20567 202
20567 203
20567 204
20567 205
20567 206
20567 207
20567 208
20567 209
20567 210
20567 211
20567 212
20567 213
20567 214
20567 215
20567 216
20567 217
20567 219
20567 220
20567 221
20567 222
20567 223
20567 224
20567 225
20567 226
20567 227
20567 228
20567 229
20567 230
20567 231
20567 232
20567 233
20567 234
20567 235
20567 236
20567 237
20567 238
20567 239
20567 240
20567 241
20567 242
20567 243
20567 244
20567 245
20567 246
20567 247
20567 248
20567 249
20567 250
20567 251
20567 252
20567 253
20567 254
20567 255
20567 256
20567 257
20567 258
20567 259
20567 260
20568 0
20568 1
20568 2
20568 3
20568 4
20568 5
20568 6
20568 7
20568 8
20568 9
20568 10
20568 11
20568 12
20568 13
20568 14
20568 15
20568 16
20568 17
20568 18
20568 19
20568 20
20568 21
20568 22
20568 23
20568 24
20568 25
20568 26
20568 27
20568 28
20568 29
20568 30
20568 31
20568 32
20568 33
20568 34
20568 35
20568 36
20568 37
20568 38
20568 39
20568 40
20568 41
20568 42
20568 43
20568 44
20568 45
20568 46
20568 47
20568 48
20568 49
20568 50
20568 51
20568 52
20568 53
20568 54
20568 55
20568 56
20568 57
20568 58
20568 59
20568 60
20568 61
20568 62
20568 63
20568 64
20568 65
20568 66
20568 67
20568 68
20568 69
20568 70
20568 71
20568 72
20568 73
20568 74
20568 75
20568 76
20568 77
20568 78
20568 79
20568 80
20568 81
20568 82
20568 83
20568 84
20568 85
20568 87
20568 88
20568 89
20568 90
20568 91
20568 92
20568 93
20568 94
20568 95
20568 96
20568 97
20568 98
20568 99
20568 100
20568 101
20568 102
20568 103
20568 104
20568 105
20568 106
20568 107
20568 108
20568 109
20568 110
20568 111
20568 112
20568 113
20568 114
20568 115
20568 116
20568 117
20568 118
20568 119
20568 120
20568 121
20568 122
20568 123
20568 124
20568 125
20568 126
20568 127
20568 128
20568 129
20568 130
20568 131
20568 132
20568 133
20568 134
20568 135
20568 136
20568 137
20568 138
20568 139
20568 140
20568 141
20568 142
20568 143
20568 144
20568 145
20568 146
20568 147
20568 148
20568 149
20568 150
20568 151
20568 152
20568 153
20568 154
20568 155
20568 156
20568 157
20568 158
20568 159
20568 160
20568 161
20568 162
20568 163
20568 164
20568 165
20568 166
20568 167
20568 168
20568 169
20568 170
20568 171
20568 172
20568 173
20568 174
20568 175
20568 176
20568 177
20568 178
20568 179
20568 180
20568 181
20568 182
20568 183
20568 184
20568 185
20568 186
20568 187
20568 188
20568 189
20568 190
20568 191
20568 192
20568 193
20568 194
20568 195
20568 196
20568 197
20568 198
20568 199
20568 200
20568 201
20568 202
20568 203
20568 204
20568 205
20568 206
20568 207
20568 208
20568 209
20568 210
20568 211
20568 212
20568 213
20568 214
20568 215
20568 216
20568 217
20568 218
20568 219
20568 220
20568 221
20568 222
20568 223
20568 224
20568 225
20568 226
20568 227
20568 228
20568 229
20568 230
20568 231
20568 232
20568 233
20568 234
20568 235
20568 236
20568 237
20568 238
20568 239
20568 240
20568 241
20568 242
20568 243
20568 244
20568 245
20568 246
20568 247
20568 248
20568 249
20568 250
20568 251
20568 252
20568 253
20568 254
20568 255
20568 256
20568 257
20568 258
20568 259
20568 260
20568 261
20568 262
20568 263
20568 264
20568 265
20568 266
20568 267
20568 268
20568 269
20568 270
20568 271
20568 272
20568 273
20568 274
20568 275
20568 276
20568 277
20568 278
20568 279
20568 280
20568 281
20568 282
20568 283
20568 284
20568 285
20568 286
20568 287
20568 288
20568 289
20568 290
20568 291
20568 292
20568 293
20568 294
20568 295
20568 296
20568 297
20568 298
20568 299
20568 300
20568 301
20568 302
20568 303
20568 304
20568 305
20568 306
20568 307
20568 308
20569 0
20569 1
20569 2
20569 3
20569 4
20569 5
20569 6
20569 7
20569 8
20569 9
20569 10
20569 11
20569 12
20569 13
20569 14
20569 15
20569 16
20569 17
20569 18
20569 19
20569 20
20569 21
20569 22
20569 23
20569 24
20569 25
20569 26
20569 27
20569 28
20569 29
20569 30
20569 31
20569 32
20569 33
20569 34
20569 35
20569 36
20569 37
20569 38
20569 39
20569 40
20569 41
20569 42
20569 43
20569 44
20569 45
20569 46
20569 47
20569 48
20569 49
20569 50
20569 51
20569 52
20569 53
20569 54
20569 55
20569 56
20569 57
20569 58
20569 59
20569 60
20569 61
20569 62
20569 63
20569 64
20569 65
20569 66
20569 67
20569 68
20569 69
20569 70
20569 71
20569 72
20569 73
20569 74
20569 75
20569 76
20569 77
20569 78
20569 79
20569 80
20569 81
20569 82
20569 83
20569 84
20569 85
20569 86
20569 87
20569 88
20569 89
20569 90
20569 91
20569 92
20570 0
20570 1
20570 2
20570 3
20570 4
20570 5
20570 6
20570 7
20570 8
20570 9
20570 10
20570 11
20570 12
20570 13
20570 14
20570 15
20570 16
20570 17
20570 18
20570 19
20570 20
20570 21
20570 22
20570 23
20570 24
20570 25
20570 26
20570 27
20570 28
20570 29
20570 30
20570 31
20570 32
20570 33
20570 34
20570 35
20570 36
20570 37
20570 38
20570 39
20570 40
20570 41
20570 42
20570 43
20570 44
20570 45
20570 46
20570 47
20570 48
20570 49
20570 50
20570 51
20570 52
20570 53
20570 54
20570 55
20570 56
20570 57
20570 58
20570 59
20570 60
20570 61
20570 62
20570 63
20570 64
20570 65
20570 66
20570 67
20570 68
20570 69
20570 70
20570 71
20570 72
20570 73
20570 74
20570 75
20570 76
20570 77
20570 78
20570 79
20570 80
20570 81
20570 82
20570 83
20570 84
20570 85
20570 86
20570 87
20570 88
20570 89
20570 90
20570 91
20570 92
20570 93
20570 94
20570 95
20570 96
20570 97
20570 98
20570 99
20570 100
20570 101
20570 102
20570 103
20570 104
20570 105
20570 106
20570 107
20570 108
20570 109
20570 110
20570 111
20570 112
20570 113
20570 114
20570 115
20570 116
20570 117
20570 118
20570 119
20570 120
20570 121
20570 122
20570 123
20570 124
20570 125
20570 126
20570 127
20570 128
20570 129
20570 130
20570 131
20570 132
20570 133
20570 134
20570 135
20570 136
20570 137
20570 138
20570 139
20570 140
20570 141
20570 142
20571 0
20571 1
20571 2
20571 3
20571 4
20571 5
20571 7
20571 8
20571 9
20571 10
20571 11
20571 12
20571 13
20571 14
20571 15
20571 16
20571 17
20571 18
20571 19
20571 20
20571 21
20571 22
20571 23
20571 24
20571 26
20571 27
20571 28
20571 29
20571 30
20571 32
20571 33
20571 34
20571 35
20571 36
20571 37
20571 38
20571 39
20571 40
20571 41
20571 42
20571 43
20571 45
20571 46
20571 47
20571 48
20571 49
20571 50
20571 51
20571 52
20571 53
20571 57
20571 58
20571 59
20571 60
20571 61
20571 62
20571 63
20571 64
20571 65
20571 66
20571 67
20571 68
20571 69
20571 70
20571 71
20571 72
20571 73
20571 74
20571 75
20571 76
20571 77
20571 79
20571 80
20571 81
20571 82
20571 83
20571 84
20571 85
20571 86
20571 87
20571 88
20571 89
20571 90
20571 91
20571 92
20571 93
20571 94
20571 95
20572 0
20572 1
20572 3
20572 4
20572 5
20572 6
20572 7
20572 8
20572 9
20572 10
20572 11
20572 12
20572 13
20572 14
20572 15
20572 16
20572 17
20572 18
20572 19
20572 20
20572 21
20572 22
20572 23
20572 24
20572 25
20572 26
20572 27
20572 28
20572 29
20572 30
20572 31
20572 32
20572 33
20572 34
20572 35
20572 36
20572 37
20572 38
20572 39
20572 40
20572 41
20572 42
20572 43
20572 44
20572 45
20572 46
20572 47
20572 48
20572 49
20572 50
20572 51
20572 52
20572 53
20572 54
20572 55
20572 56
20572 57
20572 58
20572 59
20572 61
20572 62
20572 63
20572 64
20572 65
20572 66
20572 67
20572 69
20572 70
20572 71
20572 72
20572 73
20572 74
20572 75
20572 76
20572 77
20572 78
20572 79
20572 80
20572 81
20572 82
20572 83
20572 84
20572 85
20572 86
20572 89
20572 90
20572 91
20572 92
20572 93
20572 94
20572 95
20572 96
20572 97
20572 98
20572 99
20572 100
20572 101
20572 102
20572 103
20572 104
20572 105
20572 106
20572 107
20572 108
20572 109
20572 110
20572 111
20572 112
20572 113
20572 114
20572 115
20572 116
20572 117
20572 118
20572 119
20572 120
20572 121
20572 122
20572 123
20572 124
20572 125
20572 126
20572 127
20572 128
20572 129
20572 130
20572 131
20572 132
20572 134
20572 135
20572 136
20572 137
20572 138
20572 139
20572 140
20572 141
20572 142
20572 143
20572 144
20572 145
20572 146
20572 147
20572 148
20572 149
20572 150
20572 151
20572 152
20572 153
20572 154
20572 155
20572 156
20572 157
20572 158
20572 159
20572 160
20572 161
20572 162
20572 163
20572 164
20572 165
20572 166
20572 167
20572 168
20572 169
20572 170
20572 171
20572 172
20572 173
20572 174
20572 175
20572 176
20572 177
20572 178
20572 179
20572 180
20572 181
20572 182
20572 183
20572 184
20572 185
20572 186
20572 187
20572 188
20572 189
20572 190
20572 191
20572 192
20572 193
20572 194
20572 195
20572 196
20572 197
20572 198
20572 199
20572 200
20572 201
20572 202
20572 203
20572 204
20572 205
20572 206
20572 207
20572 208
20572 209
20572 210
20572 211
20572 212
20572 213
20572 214
20572 215
20572 216
20572 218
20572 219
20572 221
20572 222
20572 223
20572 224
20572 225
20572 226
20572 227
20572 228
20572 229
20572 230
20572 231
20572 232
20572 233
20572 234
20572 236
20572 237
20572 238
20572 239
20572 240
20572 241
20572 242
20572 243
20572 244
20572 245
20572 246
20572 247
20572 248
20572 249
20572 250
20572 251
20572 252
20572 253
20572 254
20572 255
20572 256
20572 257
20572 258
20572 259
20572 260
20572 261
20572 262
20572 263
20572 264
20572 265
20572 267
20572 268
20572 269
20572 270
20572 271
20572 272
20572 273
20572 274
20572 275
20572 276
20572 277
20572 278
20572 279
20572 280
20572 281
20572 282
20572 283
20572 284
20572 285
20572 286
20572 287
20572 288
20572 289
20572 290
20572 291
20572 292
20572 293
20572 294
20572 295
20572 296
20572 297
20572 298
20572 299
20572 300
20572 301
20572 302
20572 303
20572 304
20572 305
20572 306
20572 307
20572 309
20572 310
20572 311
20572 312
20572 313
20572 314
20572 315
20572 316
20572 317
20572 318
20572 319
20572 320
20572 321
20572 322
20572 323
20572 324
20572 325
20572 326
20572 327
20572 328
20572 329
20572 330
20572 331
20572 332
20572 333
20572 334
20572 335
20572 336
20572 337
20572 338
20572 339
20572 340
20572 341
20572 342
20572 343
20572 344
20572 345
20572 346
20572 347
20572 348
20572 349
20572 350
20572 351
20572 352
20572 353
20572 354
20572 355
20572 356
20572 357
20572 358
20572 359
20572 360
20572 361
20572 362
20572 363
20572 364
20572 365
20572 366
20572 367
20572 368
20572 369
20572 370
20572 371
20572 372
20572 373
20572 374
20572 375
20572 376
20572 377
20572 378
20572 379
20572 380
20572 381
20572 382
20572 383
20572 384
20572 385
20572 386
20572 387
20572 388
20572 389
20572 390
20572 391
20572 392
20572 393
20572 394
20572 395
20572 396
20572 397
20572 398
20572 399
20572 400
20572 401
20572 402
20572 403
20572 404
20572 405
20572 406
20572 407
20572 408
20572 409
20572 410
20572 411
20572 412
20572 413
20572 414
20572 416
20572 417
20572 418
20572 419
20572 420
20572 421
20572 422
20572 423
20572 424
20572 425
20572 426
20572 427
20572 428
20572 429
20572 430
20572 431
20572 432
20572 433
20572 434
20572 435
20572 436
20572 437
20572 438
20572 439
20572 440
20572 441
20572 442
20572 443
20572 444
20572 445
20572 446
20572 447
20572 448
20572 449
20572 450
20572 451
20572 452
20572 453
20572 454
20572 455
20572 456
20572 469
20572 471
20572 473
20572 474
20572 475
20572 476
20572 477
20572 478
20572 479
20572 480
20572 481
20572 482
20572 483
20572 484
20572 485
20572 486
20572 487
20572 488
20572 489
20572 490
20572 491
20572 492
20572 493
20572 494
20572 495
20572 496
20572 497
20572 498
20572 499
20572 500
20572 501
20572 502
20572 503
20572 505
20572 506
20572 507
20572 508
20572 509
20572 510
20572 511
20572 512
20572 513
20572 514
20572 515
20572 518
20572 519
20572 520
20572 521
20572 522
20572 523
20572 524
20572 525
20572 526
20572 527
20572 528
20572 529
20572 530
20572 531
20572 532
20572 533
20572 534
20572 535
20572 536
20572 537
20572 538
20572 539
20572 540
20572 541
20572 542
20572 543
20572 544
20572 545
20572 546
20572 547
20572 548
20572 549
20572 550
20572 551
20572 552
20572 553
20572 554
20572 555
20572 556
20572 557
20572 558
20572 559
20572 560
20572 561
20572 562
20572 563
20572 564
20572 565
20572 576
20572 577
20572 578
20572 579
20572 580
20572 581
20572 582
20572 583
20572 584
20572 585
20572 586
20572 587
20572 588
20572 589
20572 590
20572 591
20572 592
20572 593
20572 594
20572 595
20572 596
20572 597
20572 598
20572 599
20572 600
20572 601
20572 602
20572 603
20572 604
20572 605
20572 606
20572 607
20572 608
20572 609
20572 610
20572 612
20572 613
20572 614
20572 615
20572 616
20572 617
20572 618
20572 619
20572 620
20572 621
20572 622
20572 623
20572 624
20572 625
20572 626
20572 627
20572 628
20572 629
20572 630
20572 631
20572 632
20572 633
20572 634
20572 635
20572 636
20572 637
20572 638
20572 639
20572 640
20572 641
20572 642
20572 643
20572 644
20572 645
20572 646
20572 647
20572 648
20572 649
20572 650
20572 651
20572 652
20572 653
20572 654
20572 655
20572 656
20573 0
20573 1
20573 2
20573 3
20573 4
20573 5
20573 6
20573 7
20573 8
20573 10
20573 11
20573 12
20573 13
20573 14
20573 15
20573 16
20573 17
20573 18
20573 19
20573 20
20573 21
20573 22
20573 23
20573 24
20573 25
20573 26
20573 27
20573 28
20573 29
20573 30
20573 31
20573 32
20573 33
20573 34
20573 35
20573 36
20573 37
20573 38
20573 39
20573 40
20573 41
20573 42
20573 43
20573 44
20573 45
20573 46
20573 47
20573 48
20573 49
20573 50
20573 51
20573 52
20573 53
20573 54
20573 55
20573 56
20573 57
20573 58
20573 59
20573 60
20573 61
20573 62
20573 63
20573 64
20573 66
20573 67
20573 68
20573 69
20573 70
20573 71
20573 72
20573 73
20573 74
20573 75
20573 76
20573 77
20573 78
20573 79
20573 80
20573 82
20573 83
20573 84
20573 86
20573 87
20573 88
20573 90
20573 91
20573 92
20573 93
20573 95
20573 96
20573 97
20573 98
20573 99
20573 100
20573 101
20573 102
20573 103
20573 104
20573 105
20573 106
20573 107
20573 108
20573 109
20573 110
20573 111
20573 112
20573 113
20573 114
20573 115
20573 116
20573 117
20573 118
20573 119
20573 120
20573 121
20573 122
20573 123
20573 124
20573 125
20573 126
20573 127
20573 128
20573 129
20573 130
20573 131
20573 132
20573 133
20573 134
20573 135
20573 136
20573 137
20573 138
20573 139
20573 140
20573 141
20573 142
20573 143
20573 144
20573 145
20573 146
20573 147
20573 148
20573 149
20573 150
20573 151
20573 153
20573 154
20573 155
20573 156
20573 157
20573 158
20573 160
20573 161
20573 162
20573 163
20573 164
20573 165
20573 166
20573 167
20573 168
20573 169
20573 170
20573 171
20573 172
20573 173
20573 174
20573 176
20573 177
20573 180
20573 181
20573 182
20573 183
20573 184
20573 185
20573 186
20573 187
20573 188
20573 189
20573 190
20573 191
20573 192
20573 193
20573 194
20573 195
20573 196
20573 197
20573 198
20573 199
20573 201
20573 202
20573 203
20573 204
20573 205
20573 206
20573 207
20573 208
20573 209
20573 210
20573 212
20573 213
20573 214
20573 215
20573 216
20573 218
20573 219
20573 220
20573 221
20573 222
20573 223
20573 224
20573 225
20573 226
20573 227
20573 228
20573 229
20573 230
20573 231
20573 232
20573 233
20573 234
20573 235
20573 236
20573 237
20573 238
20573 239
20573 240
20573 241
20573 242
20573 243
20573 244
20573 245
20573 247
20573 248
20573 249
20573 250
20573 251
20573 252
20573 253
20573 254
20573 255
20573 256
20573 257
20573 258
20573 259
20573 260
20573 261
20573 262
20573 263
20573 264
20573 265
20573 266
20573 267
20573 268
20573 269
20573 270
20573 271
20573 272
20573 273
20573 274
20573 275
20573 276
20573 277
20573 278
20573 279
20573 280
20573 281
20573 282
20573 283
20573 284
20573 285
20573 286
20573 287
20573 288
20573 289
20573 290
20573 291
20573 292
20573 293
20573 294
20573 295
20573 296
20573 297
20573 298
20573 299
20573 300
20573 301
20573 302
20573 303
20573 304
20573 305
20573 306
20573 307
20573 308
20573 309
20573 310
20573 311
20573 312
20573 313
20573 314
20573 315
20573 316
20573 317
20573 318
20573 319
20573 320
20573 321
20573 322
20573 323
20573 324
20573 325
20573 326
20573 327
20573 328
20573 329
20573 330
20573 331
20573 332
20573 333
20573 334
20573 335
20573 336
20573 337
20573 338
20573 339
20573 340
20573 341
20573 342
20573 343
20573 344
20573 345
20573 347
20573 348
20573 349
20573 350
20573 351
20573 352
20573 353
20573 354
20573 355
20573 356
20573 357
20573 358
20573 359
20573 360
20573 361
20573 362
20573 363
20573 364
20573 365
20573 366
20573 367
20573 368
20573 369
20573 370
20573 371
20573 372
20573 373
20573 374
20573 376
20573 377
20573 378
20573 379
20573 380
20573 381
20573 382
20573 383
20573 384
20573 385
20573 386
20573 387
20573 388
20573 389
20573 390
20573 391
20573 392
20573 393
20573 395
20573 396
20573 397
20573 398
20573 399
20573 400
20573 401
20573 402
20573 403
20573 404
20573 405
20573 406
20573 407
20573 408
20573 409
20573 410
20573 411
20573 412
20573 413
20573 414
20573 417
20573 418
20573 419
20573 420
20573 421
20573 422
20573 423
20573 424
20573 425
20573 426
20573 427
20573 428
20573 429
20573 430
20573 431
20573 432
20573 433
20573 434
20573 435
20573 436
20573 437
20573 438
20573 439
20573 440
20573 441
20573 442
20573 443
20573 444
20573 445
20573 446
20573 447
20573 448
20573 449
20573 450
20573 451
20573 452
20573 453
20573 454
20573 455
20573 456
20573 457
20573 458
20573 459
20573 460
20573 461
20573 462
20573 463
20573 464
20573 465
20573 466
20573 467
20573 469
20573 470
20573 471
20573 472
20573 473
20573 474
20573 475
20573 476
20573 477
20573 478
20573 479
20573 480
20573 481
20573 482
20573 483
20573 484
20573 485
20573 486
20573 488
20573 490
20573 491
20573 492
20573 493
20573 494
20573 495
20573 496
20573 497
20573 498
20573 499
20573 500
20573 501
20573 502
20573 503
20573 504
20573 505
20573 506
20573 507
20573 508
20573 510
20573 511
20573 512
20573 513
20573 515
20573 516
20573 517
20573 518
20573 519
20573 520
20573 521
20573 522
20573 523
20573 524
20573 525
20573 526
20573 527
20573 528
20573 530
20573 531
20573 532
20573 533
20573 534
20573 535
20573 536
20573 537
20573 538
20573 539
20573 540
20573 541
20573 542
20573 543
20573 544
20573 545
20573 546
20573 547
20573 548
20573 549
20573 550
20573 551
20573 552
20573 553
20573 554
20573 555
20573 556
20573 557
20573 558
20573 559
20573 560
20573 561
20573 562
20573 563
20573 564
20574 0
20574 1
20574 2
20574 3
20574 4
20574 5
20574 6
20574 7
20574 9
20574 10
20574 11
20574 12
20574 14
20574 15
20574 16
20574 17
20574 18
20574 19
20574 20
20574 21
20574 22
20574 23
20574 24
20574 25
20574 26
20574 27
20574 28
20574 29
20574 30
20574 31
20574 32
20574 34
20574 35
20574 36
20574 37
20574 38
20574 39
20574 40
20574 41
20574 42
20574 43
20574 44
20574 45
20574 46
20574 47
20574 48
20574 49
20574 50
20574 51
20574 52
20574 53
20574 54
20574 55
20574 56
20574 57
20574 58
20574 59
20574 60
20574 61
20574 62
20574 63
20574 64
20574 65
20574 66
20574 67
20574 68
20574 69
20574 70
20574 71
20574 72
20574 73
20574 74
20574 75
20574 76
20574 77
20574 78
20574 79
20574 80
20574 81
20574 82
20574 83
20574 84
20574 85
20574 86
20574 87
20574 88
20574 89
20574 90
20574 91
20574 92
20574 93
20574 94
20574 95
20574 96
20574 97
20574 98
20574 99
20574 101
20574 102
20574 103
20574 104
20574 105
20574 110
20574 111
20574 112
20574 113
20574 114
20574 115
20574 116
20574 117
20574 118
20574 119
20574 120
20574 121
20574 122
20574 124
20574 125
20574 126
20574 127
20574 128
20574 129
20574 130
20574 131
20574 132
20574 133
20574 134
20574 135
20574 136
20574 137
20574 138
20574 139
20574 140
20574 141
20574 142
20574 143
20574 144
20574 145
20574 146
20574 147
20574 148
20574 149
20574 150
20574 151
20574 152
20574 153
20574 154
20574 155
20574 156
20574 157
20574 158
20574 159
20574 160
20574 161
20574 162
20574 163
20574 164
20574 165
20574 166
20574 168
20574 169
20574 170
20574 171
20574 172
20574 173
20574 174
20574 175
20574 176
20574 177
20574 178
20574 179
20574 180
20574 181
20574 182
20574 183
20574 184
20574 185
20574 186
20574 187
20574 188
20574 189
20574 190
20574 191
20574 192
20574 193
20574 195
20574 196
20574 197
20574 198
20574 199
20574 200
20574 201
20574 202
20574 203
20574 204
20574 205
20574 207
20574 209
20574 210
20574 211
20574 212
20574 213
20574 214
20574 215
20574 216
20574 217
20574 218
20574 219
20574 220
20574 221
20574 222
20574 223
20574 225
20574 227
20574 228
20574 229
20574 230
20574 231
20574 232
20574 233
20574 234
20574 235
20574 236
20574 237
20574 238
20574 239
20574 240
20574 241
20574 242
20574 243
20574 245
20574 246
20574 247
20574 248
20574 249
20574 250
20574 251
20574 252
20574 253
20574 254
20574 255
20574 256
20574 257
20574 258
20574 259
20574 260
20574 261
20574 262
20574 263
20574 264
20574 265
20574 266
20574 267
20574 268
20574 269
20574 270
20574 271
20574 272
20574 273
20574 274
20574 275
20574 276
20574 277
20574 278
20574 279
20574 280
20574 281
20574 282
20574 283
20574 284
20574 285
20574 286
20574 287
20574 288
20574 289
20574 290
20574 291
20574 292
20574 293
20574 294
20574 295
20574 296
20574 297
20574 298
20574 299
20574 300
20574 301
20574 302
20574 303
20574 304
20574 305
20574 306
20574 307
20574 308
20574 309
20574 310
20574 332
20574 333
20574 334
20574 335
20574 336
20574 337
20574 339
20574 340
20574 341
20574 342
20574 343
20574 344
20574 345
20574 347
20574 348
20574 349
20574 350
20574 351
20574 352
20574 353
20574 354
20574 355
20574 356
20574 357
20574 358
20574 359
20574 360
20574 361
20574 362
20574 363
20574 364
20574 365
20574 366
20574 368
20574 369
20574 370
20574 371
20574 372
20574 373
20574 374
20574 375
20574 376
20574 377
20574 378
20574 379
20574 380
20574 381
20574 384
20574 385
20574 386
20574 387
20574 388
20574 389
20574 390
20574 391
20574 393
20574 394
20574 395
20574 396
20574 397
20574 398
20574 399
20574 400
20574 401
20574 402
20574 403
20574 404
20574 405
20574 406
20574 407
20574 408
20574 409
20574 410
20574 411
20574 412
20574 413
20574 414
20574 415
20574 416
20574 417
20574 418
20574 419
20574 420
20574 421
20574 422
20574 423
20574 424
20574 425
20574 426
20574 427
20574 428
20574 429
20574 430
20574 431
20574 432
20574 433
20574 434
20574 435
20574 436
20574 437
20574 438
20574 439
20574 440
20574 441
20574 442
20574 443
20574 444
20574 445
20574 446
20574 447
20574 448
20574 449
20574 450
20574 451
20574 452
20574 453
20574 454
20574 455
20574 456
20574 457
20574 459
20574 460
20574 461
20574 462
20574 463
20574 464
20574 465
20574 466
20574 467
20574 468
20574 469
20574 470
20574 471
20574 472
20574 473
20574 474
20574 475
20574 476
20574 477
20574 478
20574 479
20574 480
20574 481
20574 482
20574 484
20574 485
20574 486
20574 487
20574 488
20574 489
20574 490
20574 491
20574 492
20574 493
20574 494
20574 495
20574 496
20574 497
20574 498
20574 499
20574 500
20574 503
20574 504
20574 505
20574 506
20574 507
20574 508
20574 509
20574 510
20574 511
20574 512
20574 513
20574 514
20574 516
20574 517
20574 518
20574 519
20574 520
20574 521
20574 522
20574 523
20574 524
20574 525
20574 526
20574 527
20574 528
20574 529
20574 530
20574 531
20574 532
20574 533
20574 535
20574 536
20574 537
20574 538
20574 539
20574 540
20574 541
20574 542
20574 543
20574 544
20574 545
20574 546
20574 548
20574 549
20574 550
20574 551
20574 552
20574 553
20574 554
20574 555
20574 556
20574 557
20574 558
20574 559
20574 560
20574 562
20574 563
20574 564
20574 565
20574 566
20574 567
20575 0
20575 1
20575 2
20575 3
20575 4
20575 5
20575 6
20575 7
20575 8
20575 9
20575 10
20575 11
20575 12
20575 13
20575 14
20575 15
20575 16
20575 17
20575 18
20575 19
20575 20
20575 22
20575 23
20575 24
20575 25
20575 26
20575 27
20575 28
20575 29
20575 30
20575 31
20575 32
20575 33
20575 34
20575 35
20575 36
20575 37
20575 38
20575 39
20575 40
20575 41
20575 42
20575 43
20575 44
20575 45
20575 46
20575 47
20575 48
20575 49
20575 50
20575 51
20575 52
20575 53
20575 54
20575 55
20575 56
20575 57
20575 58
20575 59
20575 60
20575 61
20575 62
20575 63
20575 64
20575 65
20575 66
20575 67
20575 68
20575 69
20575 70
20575 71
20575 72
20575 73
20575 74
20575 75
20575 76
20575 77
20575 78
20575 79
20575 80
20575 81
20575 82
20575 83
20575 84
20575 85
20575 86
20575 87
20575 88
20575 89
20575 90
20575 91
20575 92
20575 93
20575 94
20575 95
20575 96
20575 97
20575 98
20575 99
20575 100
20575 101
20575 102
20575 103
20575 104
20575 105
20575 106
20575 107
20575 108
20575 109
20575 110
20575 111
20575 112
20575 113
20575 114
20575 115
20575 116
20575 117
20575 118
20575 119
20575 120
20575 121
20575 122
20575 123
20575 124
20575 125
20575 126
20575 127
20575 128
20575 129
20575 130
20575 131
20575 132
20575 133
20575 134
20575 135
20575 136
20575 137
20575 138
20575 139
20575 140
20575 141
20575 142
20575 143
20575 144
20575 145
20575 146
20575 147
20575 148
20575 149
20575 150
20575 151
20575 152
20575 153
20575 154
20575 155
20575 156
20575 157
20575 158
20575 159
20575 160
20575 161
20575 162
20575 163
20575 164
20575 165
20575 166
20575 167
20575 168
20575 169
20575 170
20575 171
20575 172
20575 173
20575 174
20575 175
20575 176
20575 177
20575 178
20575 179
20575 180
20575 181
20575 182
20575 183
20575 184
20575 185
20575 186
20575 187
20575 188
20575 191
20575 194
20575 195
20575 196
20575 197
20575 198
20575 199
20575 200
20575 201
20575 202
20575 203
20575 204
20575 205
20575 206
20575 207
20575 208
20575 209
20575 210
20575 211
20575 212
20575 213
20575 214
20575 215
20575 216
20575 217
20575 218
20575 219
20575 220
20575 221
20575 222
20575 223
20575 224
20575 225
20575 227
20575 228
20575 229
20575 230
20575 231
20575 232
20575 233
20575 234
20575 235
20575 236
20575 237
20575 238
20575 239
20575 240
20575 241
20575 242
20575 243
20575 244
20575 245
20575 247
20575 248
20575 249
20575 250
20575 251
20575 252
20575 254
20575 255
20575 256
20575 257
20575 258
20575 259
20575 260
20575 261
20575 262
20575 263
20575 264
20575 265
20575 266
20575 267
20575 268
20575 270
20575 273
20575 274
20575 276
20575 277
20575 278
20575 279
20575 280
20575 281
20575 282
20575 284
20575 285
20575 286
20575 287
20575 288
20575 289
20575 290
20575 291
20575 292
20575 293
20575 294
20575 295
20575 296
20575 297
20575 298
20575 299
20575 300
20575 301
20575 302
20575 303
20575 304
20575 305
20575 306
20575 307
20575 308
20575 309
20575 310
20575 311
20575 313
20575 314
20575 315
20575 316
20575 317
20575 318
20575 319
20575 320
20575 321
20575 322
20575 323
20575 324
20575 325
20575 326
20575 328
20575 329
20575 330
20575 331
20575 332
20575 333
20575 335
20575 336
20575 337
20575 338
20575 339
20575 340
20575 341
20575 342
20575 343
20575 344
20575 345
20575 346
20575 347
20575 348
20575 349
20575 350
20575 351
20575 352
20575 353
20575 354
20575 355
20575 356
20575 357
20575 358
20575 359
20575 360
20575 361
20575 362
20575 363
20575 364
20575 365
20575 366
20575 367
20575 368
20575 369
20575 370
20575 371
20575 372
20575 373
20575 374
20575 375
20575 376
20575 377
20575 378
20575 379
20575 380
20575 381
20575 382
20575 383
20575 386
20575 387
20575 388
20575 389
20575 390
20575 391
20575 392
20575 394
20575 395
20575 396
20575 397
20575 398
20575 399
20575 400
20575 401
20575 402
20575 403
20575 404
20575 405
20575 406
20575 407
20575 408
20575 409
20575 412
20575 413
20575 414
20575 415
20575 416
20575 417
20575 418
20575 419
20575 420
20575 421
20575 422
20575 423
20575 424
20575 425
20575 426
20575 427
20575 428
20575 429
20575 430
20575 431
20575 432
20575 433
20575 434
20575 435
20575 436
20575 437
20575 438
20575 439
20575 440
20575 441
20575 443
20575 445
20575 446
20575 447
20575 448
20575 449
20575 450
20575 451
20575 453
20575 455
20575 456
20575 457
20575 458
20575 459
20575 460
20575 462
20575 463
20575 464
20575 465
20575 466
20575 467
20575 468
20575 469
20575 470
20575 471
20575 472
20575 473
20575 474
20575 475
20575 476
20575 477
20576 0
20576 1
20576 2
20576 3
20576 4
20576 5
20576 6
20576 7
20576 8
20576 9
20576 10
20576 11
20576 12
20576 13
20576 14
20576 15
20576 16
20576 17
20576 18
20576 19
20576 20
20576 21
20576 22
20576 23
20576 24
20576 25
20576 26
20576 27
20576 28
20576 29
20576 30
20578 0
20578 1
20578 2
20578 3
20578 4
20578 5
20578 6
20578 7
20578 8
20578 9
20578 10
20578 11
20578 12
20578 13
20578 14
20578 15
20578 16
20578 17
20578 18
20578 19
20578 20
20578 21
20578 22
20578 23
20578 24
20578 25
20578 26
20578 27
20578 28
20578 29
20578 30
20578 31
20578 32
20578 33
20578 34
20578 35
20578 36
20578 37
20578 38
20578 39
20578 40
20578 41
20578 42
20578 43
20578 44
20578 45
20578 46
20578 47
20578 48
20578 49
20578 50
20578 51
20578 52
20578 53
20578 54
20578 55
20578 56
20578 57
20578 58
20578 59
20578 60
20578 61
20578 62
20578 63
20578 64
20578 65
20578 66
20578 67
20578 68
20578 69
20578 70
20578 71
20578 72
20578 73
20579 1
20579 3
20579 4
20579 5
20579 6
20579 8
20579 9
20579 10
20579 12
20579 13
20579 14
20579 17
20579 19
20579 20
20579 21
20579 22
20579 24
20579 25
20579 26
20580 0
20580 1
20580 2
20580 4
20580 5
20580 6
20580 7
20580 8
20580 9
20580 12
20580 13
20580 14
20580 15
20580 16
20580 17
20580 18
20580 19
20580 20
20580 22
20580 24
20580 25
20580 26
20580 29
20580 30
20580 31
20580 32
20580 33
20580 34
20580 35
20580 36
20580 37
20580 38
20580 39
20580 40
20580 42
20580 43
20580 44
20580 46
20580 47
20580 48
20580 49
20580 50
20580 51
20580 52
20580 53
20580 54
20580 55
20580 56
20580 57
20580 58
20580 60
20580 62
20580 63
20580 64
20580 65
20580 67
20580 69
20580 70
20580 71
20580 73
20580 74
20580 75
20580 76
20580 77
20580 78
20580 79
20580 80
20580 81
20580 82
20580 83
20580 84
20580 85
20580 86
20580 89
20580 90
20580 91
20580 92
20580 93
20580 94
20580 96
20580 98
20580 99
20580 100
20580 101
20580 102
20580 103
20580 104
20580 105
20580 106
20580 107
20580 108
20580 110
20580 111
20580 113
20581 0
20581 1
20581 2
20581 4
20581 5
20581 6
20581 7
20581 8
20581 9
20581 10
20581 11
20581 12
20581 13
20581 14
20581 15
20581 16
20581 17
20581 18
20581 19
20581 20
20581 21
20581 23
20581 24
20581 26
20581 27
20581 28
20581 29
20581 31
20581 32
20581 33
20581 34
20581 35
20581 36
20581 37
20581 38
20581 39
20581 40
20581 42
20581 43
20581 44
20581 45
20581 46
20581 47
20581 48
20581 49
20581 50
20581 51
20581 52
20581 53
20581 54
20581 55
20581 56
20581 57
20581 58
20581 59
20581 60
20581 62
20581 63
20581 64
20581 65
20581 66
20581 68
20581 69
20581 70
20581 71
20581 73
20581 74
20581 75
20581 76
20581 77
20581 78
20581 79
20581 80
20581 81
20581 82
20581 83
20581 84
20581 85
20581 86
20581 87
20581 88
20581 89
20581 90
20581 91
20581 92
20581 93
20581 94
20581 95
20581 96
20581 97
20581 98
20581 99
20581 100
20581 101
20581 102
20581 103
20581 104
20581 105
20581 106
20581 107
20581 108
20581 110
20581 111
20581 112
20581 113
20581 114
20581 115
20581 116
20581 117
20581 118
20581 119
20581 120
20581 121
20581 122
20581 123
20581 124
20581 125
20581 126
20581 127
20581 128
20581 129
20581 130
20581 131
20581 132
20581 133
20581 134
20581 135
20581 136
20581 137
20581 138
20581 139
20581 140
20581 141
20581 142
20581 143
20581 144
20581 146
20581 147
20581 148
20581 149
20581 150
20581 151
20581 153
20581 154
20581 155
20581 156
20581 157
20581 158
20581 160
20581 161
20581 162
20581 163
20581 165
20581 166
20582 0
20582 1
20582 2
20582 3
20582 4
20582 5
20582 6
20582 7
20582 8
20582 9
20582 10
20582 11
20582 12
20582 13
20582 15
20582 16
20582 17
20582 18
20582 19
20582 20
20582 21
20582 22
20582 23
20582 24
20582 25
20582 26
20582 27
20582 28
20582 29
20582 30
20582 31
20582 32
20582 33
20582 34
20582 35
20582 36
20582 38
20582 39
20582 40
20582 41
20582 42
20582 43
20582 44
20582 45
20582 46
20582 47
20582 48
20582 49
20582 50
20582 51
20582 52
20582 53
20582 54
20582 55
20582 56
20582 57
20582 58
20582 59
20582 60
20582 61
20582 62
20582 63
20582 64
20582 65
20582 66
20582 67
20582 68
20582 69
20582 70
20582 71
20582 72
20582 73
20582 75
20582 76
20582 77
20582 78
20582 79
20582 80
20582 81
20582 82
20582 84
20582 85
20582 86
20582 88
20582 89
20582 90
20582 91
20582 93
20582 94
20582 95
20582 96
20582 97
20582 98
20582 100
20582 101
20582 102
20582 103
20582 104
20582 105
20582 106
20582 107
20582 108
20582 109
20582 110
20582 111
20582 112
20582 114
20582 115
20582 116
20582 117
20582 118
20582 119
20582 120
20582 121
20582 122
20582 123
20582 124
20582 125
20582 126
20582 127
20582 128
20582 129
20582 130
20582 131
20582 132
20582 133
20582 134
20582 135
20582 136
20582 137
20582 138
20582 139
20582 140
20582 141
20582 142
20582 143
20582 144
20582 145
20582 147
20582 148
20582 149
20582 150
20582 151
20582 152
20582 153
20582 154
20582 183
20582 184
20582 185
20582 186
20582 187
20582 188
20582 189
20582 190
20582 191
20582 192
20582 193
20582 194
20582 195
20582 196
20582 197
20582 198
20582 199
20582 200
20582 201
20582 202
20582 203
20582 204
20582 205
20582 206
20582 207
20582 208
20582 209
20582 210
20582 211
20582 212
20582 213
20582 214
20582 216
20582 217
20582 218
20582 219
20582 220
20582 221
20582 223
20582 224
20582 225
20582 226
20582 227
20582 228
20582 229
20582 230
20582 231
20582 232
20582 234
20582 235
20582 236
20582 237
20582 238
20582 239
20582 240
20582 241
20582 242
20582 243
20582 244
20582 245
20582 246
20583 0
20583 1
20583 2
20583 3
20583 4
20583 5
20583 6
20583 7
20583 8
20583 9
20583 10
20583 11
20583 12
20583 13
20583 14
20583 15
20583 16
20583 17
20583 18
20583 19
20583 20
20583 21
20583 22
20583 23
20583 24
20583 25
20583 26
20583 27
20583 28
20583 29
20583 30
20583 31
20583 32
20583 33
20583 34
20583 35
20583 36
20583 37
20583 38
20583 39
20583 40
20583 41
20583 42
20583 43
20583 44
20585 0
20585 1
20585 2
20585 3
20585 4
20585 5
20585 6
20585 7
20585 8
20585 9
20585 10
20585 11
20585 12
20585 13
20585 14
20585 15
20585 16
20585 17
20585 18
20585 19
20585 20
20585 21
20585 22
20585 23
20585 24
20585 25
20585 26
20585 27
20585 28
20586 0
20586 1
20586 2
20586 3
20586 4
20586 6
20586 7
20586 8
20586 9
20586 10
20586 11
20586 12
20586 14
20586 15
20586 16
20586 17
20586 18
20586 20
20586 21
20586 23
20586 24
20586 25
20586 26
20586 27
20586 28
20586 29
20586 30
20586 31
20586 32
20586 33
20586 34
20586 35
20586 36
20586 37
20586 39
20586 40
20586 41
20586 42
20586 43
20586 44
20586 45
20586 47
20586 48
20586 49
20586 50
20586 51
20586 52
20586 53
20586 54
20586 55
20586 56
20586 57
20586 58
20586 59
20586 60
20586 61
20586 63
20586 64
20586 65
20586 66
20586 68
20586 69
20586 71
20586 72
20586 74
20586 75
20586 76
20586 77
20586 78
20586 79
20586 80
20586 81
20586 82
20586 83
20586 84
20586 85
20586 86
20586 87
20586 88
20586 89
20586 90
20586 91
20586 92
20586 93
20586 94
20586 95
20586 96
20586 97
20586 98
20589 0
20589 1
20589 2
20589 3
20589 4
20589 5
20589 6
20589 7
20589 8
20589 9
20589 10
20589 11
20589 12
20589 13
20589 14
20589 15
20589 16
20589 17
20589 18
20589 19
20589 20
20589 21
20589 22
20589 23
20589 24
20589 25
20589 26
20589 27
20589 28
20589 29
20589 30
20589 31
20589 32
20589 33
20589 34
20589 35
20589 36
20589 37
20589 38
20589 39
20589 40
20589 41
20589 42
20589 43
20589 44
20589 45
20589 46
20589 47
20589 48
20589 49
20589 50
20589 51
20589 52
20589 53
20589 54
20589 55
20589 56
20589 57
20589 58
20589 59
20589 60
20589 61
20589 63
20589 64
20589 65
20589 66
20589 67
20589 68
20589 69
20589 70
20589 71
20589 72
20589 73
20589 74
20589 75
20589 76
20589 77
20589 78
20589 79
20589 80
20589 81
20589 82
20589 83
20589 84
20589 85
20589 86
20589 87
20589 88
20589 89
20589 90
20589 91
20589 92
20589 93
20589 94
20589 95
20589 96
20589 97
20589 98
20589 99
20589 100
20589 101
20589 102
20589 103
20589 104
20589 105
20589 106
20589 107
20589 109
20589 110
20589 111
20589 112
20589 113
20589 114
20589 115
20589 116
20589 117
20589 118
20589 119
20589 120
20589 121
20589 122
20589 123
20589 124
20589 125
20589 126
20589 127
20589 128
20589 129
20589 130
20589 131
20589 132
20589 133
20589 134
20589 135
20589 136
20589 137
20589 138
20589 140
20589 141
20589 142
20589 143
20589 144
20589 146
20589 147
20589 148
20589 149
20589 150
20589 151
20589 152
20589 153
20589 154
20589 155
20589 156
20589 157
20589 158
20589 159
20589 160
20589 161
20589 162
20589 163
20589 164
20589 165
20589 166
20589 167
20590 0
20590 1
20590 2
20590 3
20590 4
20590 5
20590 6
20590 7
20590 8
20590 9
20590 10
20590 11
20590 12
20590 15
20590 16
20590 17
20590 18
20590 19
20590 21
20590 22
20590 23
20590 24
20590 25
20590 26
20590 27
20590 28
20590 29
20590 30
20590 31
20590 32
20590 33
20590 34
20590 35
20590 36
20590 37
20590 38
20590 39
20590 42
20590 43
20590 44
20590 45
20590 46
20590 47
20590 48
20590 49
20590 50
20590 51
20590 52
20590 53
20590 54
20590 55
20590 57
20590 58
20590 59
20590 61
20590 63
20590 64
20590 65
20590 66
20590 67
20590 68
20590 69
20590 70
20590 71
20590 72
20590 73
20590 74
20590 75
20590 76
20590 77
20590 78
20590 79
20590 80
20590 81
20590 83
20590 84
20590 85
20590 86
20590 88
20590 89
20590 90
20590 91
20590 92
20590 93
20590 94
20590 95
20590 96
20590 97
20590 98
20590 99
20590 100
20590 101
20590 102
20590 103
20590 104
20590 105
20590 106
20590 107
20590 108
20590 109
20590 110
20590 111
20590 113
20590 114
20590 115
20590 116
20590 117
20590 118
20590 119
20590 120
20590 121
20590 123
20590 124
20590 125
20590 126
20590 127
20590 128
20590 129
20590 130
20590 131
20590 132
20590 133
20590 134
20590 135
20590 136
20590 137
20590 138
20590 139
20590 140
20590 141
20590 142
20590 143
20590 144
20590 145
20590 146
20590 147
20590 149
20590 150
20590 151
20590 152
20590 153
20590 154
20590 155
20590 156
20590 157
20590 158
20590 159
20590 160
20590 161
20590 162
20590 163
20590 164
20590 165
20590 166
20590 167
20590 168
20590 169
20590 170
20590 171
20590 172
20590 173
20590 174
20590 175
20590 176
20590 177
20590 178
20590 179
20590 180
20590 181
20590 182
20590 183
20590 184
20590 185
20590 186
20590 187
20590 188
20590 189
20590 190
20590 191
20590 192
20590 194
20590 195
20590 196
20590 197
20590 198
20590 199
20590 200
20590 201
20590 202
20590 203
20590 204
20590 205
20590 206
20590 207
20590 209
20590 210
20590 211
20590 212
20590 213
20590 214
20590 216
20590 217
20590 218
20590 219
20590 220
20590 221
20590 222
20590 223
20590 224
20590 225
20590 226
20590 227
20590 228
20590 229
20590 252
20590 253
20590 254
20590 255
20590 256
20590 257
20590 258
20590 259
20590 260
20590 261
20590 262
20590 263
20590 264
20590 265
20590 266
20590 267
20590 268
20590 269
20590 270
20590 271
20590 272
20590 273
20590 274
20590 275
20590 276
20590 277
20590 278
20590 279
20590 281
20590 282
20590 283
20590 284
20590 285
20590 286
20590 287
20590 288
20590 289
20590 290
20590 291
20590 292
20590 293
20590 294
20590 295
20590 297
20590 298
20590 300
20590 301
20590 302
20590 303
20590 304
20590 305
20590 306
20590 307
20590 308
20590 310
20590 311
20590 312
20590 313
20590 314
20590 315
20590 316
20590 317
20590 320
20590 321
20590 322
20590 323
20590 324
20590 326
20590 327
20590 328
20590 330
20590 331
20590 332
20590 334
20590 335
20590 336
20590 337
20590 338
20590 340
20590 341
20590 342
20590 343
20590 344
20590 345
20590 346
20590 347
20590 348
20590 349
20590 350
20590 351
20590 352
20590 353
20590 354
20590 355
20590 356
20590 357
20590 359
20590 360
20590 361
20590 362
20590 363
20590 364
20590 365
20590 367
20590 368
20590 371
20590 372
20590 373
20590 374
20590 375
20590 376
20590 377
20590 378
20590 379
20590 380
20590 381
20590 382
20590 405
20590 407
20590 408
20590 409
20590 410
20590 411
20590 412
20590 413
20590 414
20590 415
20590 416
20590 417
20590 418
20590 419
20590 420
20590 421
20590 422
20590 423
20590 424
20590 425
20590 426
20590 427
20590 428
20590 429
20590 430
20590 431
20590 432
20590 433
20590 434
20590 435
20590 436
20590 437
20590 438
20590 439
20590 440
20590 441
20590 443
20590 444
20590 445
20590 446
20590 447
20590 448
20590 449
20590 450
20590 451
20590 453
20590 454
20590 455
20590 456
20590 457
20590 458
20590 459
20590 460
20590 461
20590 462
20590 463
20590 464
20590 465
20590 466
20590 468
20590 469
20590 470
20590 471
20590 472
20590 473
20590 474
20590 475
20590 476
20590 477
20590 478
20590 479
20590 481
20590 482
20590 483
20590 484
20590 485
20590 486
20590 487
20590 488
20590 489
20590 490
20590 491
20590 493
20590 494
20590 495
20590 496
20590 497
20590 498
20590 499
20590 501
20590 503
20590 504
20590 505
20590 506
20590 507
20590 508
20590 509
20590 510
20590 511
20590 512
20590 513
20590 514
20590 515
20590 516
20590 517
20590 519
20590 520
20590 521
20590 522
20590 523
20590 524
20590 525
20590 526
20590 527
20590 528
20590 529
20590 530
20590 531
20590 532
20590 533
20590 534
20590 535
20590 536
20590 537
20590 538
20590 539
20590 540
20590 541
20590 542
20590 543
20590 544
20590 545
20590 546
20590 547
20590 548
20590 549
20590 550
20590 551
20590 552
20590 553
20590 554
20590 555
20590 556
20590 557
20590 558
20590 559
20590 560
20590 561
20590 562
20590 563
20590 564
20590 565
20590 566
20590 567
20590 568
20591 0
20591 1
20591 2
20591 3
20591 4
20591 6
20591 7
20591 8
20591 9
20591 10
20591 11
20591 12
20591 13
20591 14
20591 15
20591 16
20591 17
20591 18
20591 19
20591 20
20591 22
20591 23
20591 24
20591 25
20591 26
20591 27
20591 28
20591 29
20591 30
20591 31
20591 32
20591 33
20591 34
20591 36
20591 37
20591 38
20591 39
20591 40
20591 41
20591 42
20591 43
20591 44
20591 45
20591 47
20591 48
20591 49
20591 50
20591 51
20591 52
20591 53
20591 54
20591 55
20591 56
20591 57
20591 58
20591 59
20591 60
20591 61
20591 62
20591 63
20591 64
20591 65
20591 66
20591 67
20591 68
20591 69
20591 70
20591 71
20591 72
20591 73
20591 74
20591 76
20591 77
20591 78
20591 79
20591 80
20591 81
20591 83
20591 84
20591 85
20591 86
20591 87
20591 89
20591 92
20591 93
20591 94
20591 95
20591 96
20591 97
20591 98
20591 99
20591 100
20591 101
20591 102
20591 104
20591 105
20591 106
20591 107
20591 108
20591 109
20591 110
20591 111
20591 112
20591 114
20591 115
20591 116
20591 117
20591 118
20591 119
20591 120
20591 121
20591 122
20591 123
20591 124
20591 125
20591 127
20591 128
20591 129
20591 130
20591 131
20591 133
20591 134
20591 135
20591 136
20591 137
20591 138
20591 139
20591 140
20591 141
20591 142
20591 143
20591 144
20591 145
20591 146
20591 147
20591 148
20591 149
20591 150
20591 151
20591 152
20591 153
20591 154
20591 155
20591 156
20591 157
20591 158
20591 159
20591 160
20591 161
20591 162
20591 163
20591 164
20591 165
20591 166
20591 167
20591 168
20591 170
20591 171
20591 172
20591 173
20591 174
20591 175
20591 176
20591 177
20591 178
20591 179
20591 180
20591 181
20591 182
20591 183
20591 184
20591 185
20591 186
20591 187
20591 188
20591 189
20591 220
20591 221
20591 222
20591 223
20591 224
20591 225
20591 226
20591 227
20591 228
20591 230
20591 231
20591 232
20591 234
20591 235
20591 236
20591 237
20591 238
20591 239
20591 241
20591 242
20591 243
20591 244
20591 245
20591 246
20591 247
20591 248
20591 250
20591 251
20591 252
20591 253
20591 254
20591 255
20591 256
20591 257
20591 258
20591 259
20591 260
20591 261
20591 262
20591 263
20591 264
20591 265
20591 266
20591 267
20591 268
20591 269
20591 270
20591 271
20591 272
20591 273
20591 274
20591 275
20591 276
20591 277
20591 278
20591 279
20591 280
20591 281
20591 282
20591 284
20591 285
20591 286
20591 287
20591 288
20591 289
20591 290
20591 291
20591 292
20591 293
20591 294
20591 295
20591 296
20591 297
20591 298
20591 299
20591 300
20591 301
20591 302
20591 303
20591 304
20591 305
20591 306
20591 307
20591 308
20591 309
20591 310
20591 311
20591 312
20591 314
20591 315
20591 316
20591 317
20591 318
20591 382
20591 383
20591 384
20591 385
20591 386
20591 387
20591 388
20591 389
20591 390
20591 391
20591 392
20591 393
20591 394
20591 395
20591 396
20591 397
20591 398
20591 399
20591 400
20591 401
20591 402
20591 403
20591 481
20591 482
20591 483
20591 484
20591 485
20591 486
20591 487
20591 488
20591 489
20591 490
20591 491
20591 492
20591 493
20591 494
20591 495
20591 496
20591 497
20591 498
20591 499
20591 500
20591 501
20591 502
20591 503
20591 504
20591 505
20591 506
20591 507
20591 508
20591 509
20593 18
20593 22
20593 23
20593 24
20593 25
20593 26
20593 27
20593 28
20593 29
20593 30
20593 31
20593 32
20593 33
20593 38
20593 39
20593 40
20593 67
20593 68
20593 69
20593 70
20593 71
20593 72
20593 73
20593 78
20593 79
20593 80
20593 81
20593 82
20593 83
20593 84
20593 85
20593 86
20593 87
20593 88
20593 91
20593 92
20593 93
20593 94
20593 95
20593 96
20593 97
20593 98
20593 99
20593 101
20593 102
20593 103
20593 104
20593 105
20593 106
20593 107
20593 108
20593 109
20593 110
20593 111
20593 112
20593 113
20593 114
20593 115
20593 116
20593 117
20593 118
20593 119
20593 120
20593 121
20593 122
20593 123
20593 124
20593 125
20593 126
20593 127
20593 128
20593 129
20593 130
20593 192
20593 193
20593 194
20593 195
20593 196
20593 197
20593 198
20593 199
20593 200
20593 201
20593 202
20593 203
20593 204
20593 205
20593 206
20593 207
20593 208
20593 209
20593 210
20593 211
20593 212
20593 213
20593 214
20593 215
20593 216
20593 217
20593 218
20593 219
20593 220
20593 221
20593 222
20593 223
20593 224
20593 225
20593 226
20593 228
20593 229
20593 230
20593 231
20593 232
20593 233
20593 234
20593 235
20593 236
20593 237
20593 238
20593 239
20593 240
20593 241
20593 242
20593 243
20593 244
20593 245
20593 246
20593 247
20593 248
20593 249
20593 250
20593 251
20593 252
20593 253
20593 254
20593 255
20593 256
20593 257
20593 258
20593 259
20593 260
20593 261
20593 262
20593 263
20593 264
20593 265
20593 266
20593 267
20593 268
20593 269
20593 270
20593 271
20593 272
20593 273
20593 274
20593 275
20593 276
20593 277
20593 278
20593 279
20593 280
20593 281
20593 282
20593 283
20593 284
20593 285
20593 286
20593 287
20593 288
20593 289
20593 290
20593 291
20593 292
20593 293
20593 294
20593 295
20593 296
20593 297
20593 298
20593 300
20593 301
20593 303
20593 304
20593 305
20593 306
20593 307
20593 308
20593 309
20593 311
20593 312
20593 313
20593 314
20593 315
20593 316
20593 317
20593 318
20593 319
20593 320
20593 321
20593 322
20593 323
20593 324
20593 325
20593 326
20593 327
20593 328
20593 329
20593 330
20593 331
20593 332
20593 333
20593 334
20593 335
20593 336
20593 337
20593 338
20593 339
20593 340
20593 341
20593 342
20593 344
20593 345
20593 346
20593 347
20593 348
20593 349
20593 350
20593 351
20593 352
20593 353
20593 354
20593 355
20593 356
20593 357
20593 358
20593 359
20593 360
20593 361
20593 362
20593 363
20593 364
20593 365
20593 366
20593 367
20593 368
20593 370
20593 371
20593 372
20593 373
20593 374
20593 375
20593 376
20593 377
20593 378
20593 379
20593 380
20593 381
20593 382
20593 383
20593 384
20593 385
20593 386
20593 387
20593 388
20593 389
20593 391
20593 392
20593 393
20593 394
20593 395
20593 396
20593 397
20593 398
20593 399
20593 400
20593 401
20593 402
20593 403
20593 405
20593 406
20593 407
20593 408
20593 409
20593 410
20593 411
20593 412
20593 413
20593 414
20593 415
20593 416
20593 417
20593 418
20593 419
20593 420
20593 421
20593 422
20593 423
20593 424
20593 425
20593 426
20593 427
20593 428
20593 430
20593 431
20593 432
20593 433
20593 434
20593 436
20593 445
20593 446
20593 447
20593 449
20593 450
20593 452
20593 453
20593 454
20593 455
20593 456
20593 457
20593 458
20593 459
20593 460
20593 461
20593 462
20593 463
20593 464
20593 467
20593 468
20593 469
20593 470
20593 471
20593 472
20593 473
20593 474
20593 475
20593 476
20593 477
20593 478
20593 479
20593 480
20593 481
20593 482
20593 483
20593 484
20593 486
20593 487
20593 488
20593 489
20593 490
20593 491
20593 492
20593 493
20593 494
20593 495
20593 496
20593 497
20593 498
20593 499
20593 500
20593 501
20593 502
20593 503
20593 504
20593 505
20593 506
20593 508
20593 509
20593 510
20593 511
20593 512
20593 513
20593 514
20593 515
20593 516
20593 517
20593 518
20593 519
20593 520
20593 521
20593 522
20593 523
20593 524
20593 525
20593 526
20593 527
20593 528
20593 529
20593 530
20593 531
20593 532
20593 533
20593 534
20593 536
20593 537
20593 538
20593 539
20593 540
20593 541
20593 542
20593 543
20593 544
20593 545
20593 547
20593 548
20593 549
20593 550
20593 551
20593 552
20593 553
20593 554
20593 555
20593 556
20593 557
20593 558
20593 559
20593 560
20593 561
20593 562
20593 563
20593 564
20593 565
20593 566
20593 568
20593 569
20593 570
20593 571
20593 572
20593 573
20593 574
20593 575
20593 577
20594 1
20594 2
20594 3
20594 4
20594 5
20594 6
20594 7
20594 29
20594 30
20594 31
20594 32
20594 33
20594 34
20594 35
20594 36
20594 37
20594 38
20594 39
20594 40
20594 41
20595 0
20595 1
20595 2
20595 3
20595 4
20595 5
20595 6
20595 7
20595 8
20595 9
20595 10
20595 11
20595 12
20595 13
20595 14
20595 15
20595 16
20595 17
20595 18
20595 19
20595 20
20595 21
20595 22
20595 23
20595 24
20595 25
20595 26
20595 27
20595 28
20595 29
20595 30
20595 31
20595 32
20595 33
20595 34
20595 35
20595 36
20595 37
20595 38
20595 39
20595 40
20595 41
20595 42
20595 45
20595 47
20595 48
20595 49
20595 50
20595 51
20595 52
20595 53
20595 59
20595 60
20595 61
20595 62
20595 63
20595 64
20595 65
20595 66
20595 67
20595 68
20595 69
20595 70
20595 71
20595 72
20595 73
20595 74
20595 75
20595 76
20595 77
20595 78
20595 79
20595 80
20595 81
20595 82
20595 83
20595 84
20595 85
20595 86
20595 87
20595 88
20595 89
20595 90
20595 91
20595 92
20595 93
20595 94
20595 95
20595 96
20595 97
20595 98
20595 99
20595 100
20595 101
20595 102
20595 103
20595 104
20595 105
20595 106
20595 107
20595 108
20595 109
20595 110
20595 111
20595 112
20595 113
20595 114
20595 115
20595 116
20595 118
20595 122
20595 123
20595 124
20595 125
20595 126
20595 127
20595 128
20595 129
20595 130
20595 131
20595 132
20595 133
20595 134
20595 135
20595 136
20595 137
20595 138
20595 139
20595 140
20595 141
20595 142
20595 143
20595 144
20595 145
20595 146
20595 147
20595 148
20595 149
20595 150
20595 151
20595 152
20595 153
20595 154
20595 155
20595 156
20595 157
20595 158
20595 159
20595 160
20595 161
20595 162
20595 163
20595 164
20595 165
20595 166
20595 167
20595 168
20595 169
20595 170
20595 171
20595 172
20595 173
20595 174
20595 175
20595 176
20595 177
20595 178
20595 179
20595 180
20595 181
20595 182
20595 183
20595 184
20595 185
20595 186
20595 187
20595 188
20595 189
20595 190
20595 191
20595 192
20595 193
20595 194
20595 195
20595 196
20595 197
20595 198
20595 199
20595 200
20595 201
20595 202
20595 203
20595 205
20595 206
20595 207
20595 208
20595 209
20595 210
20595 211
20595 212
20595 213
20595 214
20595 215
20595 216
20595 217
20595 218
20595 219
20595 220
20595 221
20595 222
20595 223
20595 224
20595 225
20595 226
20595 227
20595 228
20595 229
20595 230
20595 231
20595 232
20595 233
20595 234
20595 235
20595 236
20595 237
20595 238
20595 239
20595 240
20595 241
20595 242
20595 243
20595 244
20595 245
20595 246
20595 247
20595 248
20595 249
20595 250
20595 251
20595 252
20595 253
20595 254
20596 1
20596 3
20596 4
20596 5
20596 6
20596 8
20596 9
20596 10
20596 11
20596 12
20596 13
20596 14
20596 16
20596 17
20596 21
20596 22
20596 24
20596 25
20596 28
20596 31
20596 32
20596 33
20596 34
20596 35
20596 37
20596 38
20596 39
20596 41
20596 42
20596 43
20596 44
20596 45
20596 46
20596 50
20596 51
20596 53
20596 54
20596 55
20596 56
20596 57
20597 0
20597 1
20597 2
20597 4
20597 5
20597 6
20597 7
20597 8
20597 9
20597 10
20597 11
20597 12
20597 13
20597 14
20597 15
20597 16
20597 17
20597 18
20597 19
20597 20
20597 21
20597 23
20597 24
20597 26
20597 27
20597 28
20597 29
20597 30
20597 31
20597 32
20597 33
20597 34
20597 35
20597 37
20597 38
20597 39
20597 40
20597 41
20597 42
20597 43
20597 44
20597 45
20597 46
20597 47
20597 48
20597 49
20597 50
20597 51
20597 53
20597 54
20597 55
20597 56
20597 57
20597 58
20597 59
20597 60
20597 61
20597 62
20597 64
20597 65
20597 66
20597 67
20597 68
20597 70
20597 71
20597 72
20597 73
20597 74
20597 75
20597 76
20597 77
20597 78
20597 79
20597 80
20597 81
20597 82
20597 83
20597 84
20597 85
20597 86
20597 87
20597 88
20597 89
20597 90
20597 91
20597 92
20597 93
20597 94
20597 95
20597 96
20597 97
20597 98
20597 99
20597 100
20597 101
20597 103
20597 104
20597 106
20597 107
20597 108
20597 109
20597 111
20597 113
20597 114
20597 115
20597 116
20597 117
20597 118
20597 119
20597 120
20597 121
20597 122
20597 123
20597 124
20597 125
20597 126
20597 127
20597 128
20597 129
20597 130
20597 131
20597 132
20597 133
20597 134
20597 135
20597 136
20597 137
20597 138
20597 139
20597 140
20597 141
20597 142
20597 143
20597 144
20597 145
20597 146
20597 147
20597 148
20597 149
20597 150
20597 152
20597 153
20597 154
20597 157
20597 158
20597 159
20597 160
20597 161
20597 162
20597 163
20597 164
20597 165
20597 166
20597 167
20597 168
20597 169
20597 170
20597 171
20597 172
20597 173
20597 174
20597 175
20597 176
20597 177
20597 179
20597 180
20597 181
20597 182
20597 183
20597 184
20597 185
20597 186
20597 187
20597 188
20597 189
20597 190
20597 191
20597 192
20597 193
20597 194
20597 195
20597 196
20597 198
20597 199
20597 200
20597 201
20597 202
20597 203
20597 204
20597 205
20597 206
20597 207
20597 209
20597 210
20597 211
20597 212
20597 213
20597 214
20597 215
20597 216
20597 217
20597 218
20597 219
20597 220
20597 221
20597 222
20597 223
20597 224
20597 225
20597 226
20597 227
20597 228
20597 229
20597 230
20597 231
20597 232
20597 233
20597 234
20597 235
20597 236
20597 237
20597 238
20597 239
20597 240
20597 242
20597 243
20597 244
20597 245
20597 246
20597 247
20597 248
20597 249
20597 250
20597 251
20597 252
20597 253
20597 254
20597 255
20597 256
20597 257
20597 258
20597 259
20597 260
20597 261
20597 262
20597 263
20597 264
20597 265
20597 266
20597 268
20597 269
20597 270
20597 271
20597 272
20597 274
20597 275
20597 276
20597 277
20597 278
20597 279
20597 280
20597 281
20597 282
20597 284
20597 285
20597 286
20597 287
20597 288
20597 289
20597 290
20597 291
20597 292
20597 293
20597 294
20597 295
20597 296
20597 297
20597 299
20597 300
20597 301
20597 302
20597 303
20597 304
20597 305
20597 306
20597 307
20597 308
20597 309
20597 310
20597 311
20597 312
20597 313
20597 314
20597 315
20597 316
20597 317
20597 318
20597 319
20597 320
20597 321
20597 322
20597 323
20597 324
20597 325
20597 326
20597 327
20597 328
20597 329
20597 330
20597 331
20597 332
20597 333
20597 334
20597 335
20597 336
20597 337
20597 338
20597 339
20597 340
20597 341
20597 343
20597 344
20597 345
20597 346
20597 347
20597 348
20597 349
20597 350
20597 351
20597 352
20597 353
20597 354
20597 355
20597 356
20597 357
20597 358
20597 359
20597 360
20597 362
20597 363
20597 364
20597 366
20597 367
20597 368
20597 369
20597 370
20597 371
20597 372
20597 373
20597 374
20597 375
20597 376
20597 377
20597 378
20597 379
20597 380
20597 381
20597 382
20597 383
20597 384
20597 385
20597 387
20597 388
20597 389
20597 390
20597 391
20597 392
20597 394
20597 395
20597 396
20597 397
20597 398
20597 399
20597 400
20597 401
20597 402
20597 403
20597 404
20597 405
20597 406
20597 407
20597 408
20597 409
20597 410
20597 411
20597 412
20597 413
20597 414
20597 415
20597 416
20597 417
20597 418
20597 419
20597 420
20597 421
20597 422
20597 423
20597 424
20597 425
20597 426
20597 427
20597 428
20597 429
20597 430
20597 431
20597 432
20597 433
20597 435
20597 436
20597 437
20597 439
20597 440
20597 441
20597 442
20597 443
20597 444
20597 445
20597 446
20597 447
20597 448
20597 449
20597 450
20597 451
20597 452
20597 454
20597 456
20597 457
20597 458
20597 461
20597 462
20597 463
20597 464
20597 465
20597 467
20597 468
20597 469
20597 470
20597 471
20597 472
20597 473
20597 475
20597 476
20597 477
20597 478
20597 479
20597 480
20597 481
20597 482
20597 483
20597 484
20597 485
20597 486
20597 487
20597 488
20597 489
20597 490
20597 491
20597 492
20597 493
20597 494
20597 495
20598 0
20598 1
20598 2
20598 3
20598 4
20598 5
20598 6
20598 7
20598 8
20598 9
20598 10
20598 11
20598 12
20598 13
20598 14
20598 15
20598 16
20598 17
20598 18
20598 19
20598 20
20598 21
20598 22
20598 23
20598 24
20598 25
20598 26
20598 27
20598 28
20598 29
20598 30
20598 31
20599 0
20599 1
20599 2
20599 3
20599 4
20599 5
20599 6
20599 7
20599 8
20599 9
20599 10
20599 11
20599 12
20599 13
20599 14
20599 15
20599 16
20599 17
20599 18
20599 19
20599 20
20599 21
20599 22
20599 23
20599 26
20599 28
20599 29
20599 30
