22270 0
22270 1
22270 2
22270 3
22270 4
22270 5
22270 9
22270 10
22270 11
22270 12
22270 13
22270 14
22270 15
22270 16
22270 17
22270 18
22270 19
22270 20
22270 21
22270 23
22270 24
22270 25
22270 26
22270 27
22272 0
22272 3
22272 5
22272 6
22272 7
22272 8
22272 9
22272 10
22272 11
22272 13
22273 1
22273 2
22273 3
22273 4
22273 5
22273 6
22273 9
22273 10
22273 11
22273 13
22273 14
22273 15
22273 16
22273 17
22273 20
22273 23
22273 24
22273 26
22273 27
22273 28
22273 29
22273 30
22273 32
22273 33
22273 35
22273 37
22273 38
22273 39
22273 42
22273 43
22273 44
22273 45
22273 46
22273 48
22273 49
22273 50
22273 51
22273 52
22273 53
22273 54
22273 55
22273 56
22273 57
22273 58
22273 59
22273 61
22273 62
22273 63
22273 64
22273 65
22273 66
22273 68
22273 71
22273 73
22273 75
22273 76
22273 77
22273 78
22273 79
22273 81
22273 83
22273 84
22273 86
22273 87
22273 88
22273 89
22273 90
22273 91
22273 92
22273 93
22273 94
22273 95
22273 96
22273 97
22273 98
22273 99
22273 100
22273 101
22273 102
22273 103
22273 104
22273 105
22273 106
22274 0
22274 1
22274 2
22274 3
22274 4
22274 5
22274 6
22274 8
22274 9
22274 10
22274 11
22274 12
22274 13
22274 14
22274 15
22274 16
22274 17
22274 18
22274 20
22274 21
22274 23
22274 24
22274 25
22274 26
22274 27
22274 28
22274 29
22274 30
22274 31
22274 32
22274 33
22274 34
22275 0
22275 2
22275 3
22275 4
22275 6
22275 7
22275 8
22275 9
22275 10
22275 11
22275 12
22275 13
22275 14
22275 15
22275 16
22275 17
22275 18
22275 19
22275 21
22275 22
22275 24
22275 25
22275 26
22275 27
22275 29
22275 30
22275 31
22275 32
22275 33
22275 34
22275 35
22275 36
22275 37
22275 39
22275 40
22275 41
22275 44
22275 46
22275 47
22275 48
22275 50
22275 51
22275 52
22275 53
22275 54
22275 56
22275 57
22275 59
22275 60
22275 61
22275 62
22275 64
22275 65
22275 66
22275 67
22275 68
22275 69
22275 70
22275 71
22275 72
22275 73
22275 74
22275 75
22275 76
22275 78
22275 80
22275 81
22275 82
22275 84
22275 85
22275 86
22275 87
22275 89
22275 90
22275 91
22275 92
22275 94
22275 95
22275 96
22275 97
22275 98
22275 100
22275 102
22275 103
22276 0
22276 1
22276 2
22276 3
22276 6
22276 10
22276 11
22276 12
22276 13
22276 14
22276 15
22276 17
22276 18
22276 19
22276 21
22276 22
22276 23
22276 24
22276 25
22276 27
22276 28
22276 29
22276 30
22276 31
22276 32
22276 33
22276 35
22276 36
22276 37
22276 39
22276 40
22276 41
22276 42
22276 43
22276 44
22276 46
22276 47
22276 48
22276 49
22276 50
22276 51
22276 52
22276 53
22276 54
22276 55
22276 56
22276 57
22276 58
22276 59
22276 60
22276 61
22276 62
22276 63
22276 64
22276 65
22276 66
22276 69
22276 70
22276 72
22276 73
22276 74
22276 76
22276 78
22276 79
22276 80
22276 81
22276 82
22276 83
22276 84
22276 85
22276 86
22276 87
22276 89
22276 90
22276 91
22276 92
22276 93
22276 94
22276 95
22276 96
22276 97
22276 98
22276 99
22276 101
22276 102
22276 103
22276 104
22276 105
22276 106
22276 107
22276 108
22276 109
22276 110
22276 111
22276 113
22276 115
22276 116
22276 117
22276 118
22276 119
22276 120
22276 121
22276 122
22276 124
22276 125
22276 126
22276 127
22276 128
22276 130
22276 131
22276 132
22276 133
22276 134
22276 135
22276 136
22276 138
22276 139
22276 141
22276 142
22276 143
22276 144
22276 145
22276 146
22276 147
22276 148
22276 149
22276 150
22276 151
22276 152
22276 153
22276 154
22276 155
22276 156
22276 157
22276 158
22276 159
22276 160
22276 161
22276 162
22276 163
22276 164
22276 165
22276 166
22276 167
22276 168
22276 169
22276 170
22276 172
22276 173
22276 174
22276 176
22276 177
22276 178
22276 179
22276 180
22276 181
22276 182
22276 183
22276 184
22276 185
22276 186
22276 187
22276 188
22276 189
22276 190
22276 191
22276 192
22276 193
22276 194
22276 195
22276 197
22276 198
22276 199
22276 200
22276 201
22276 203
22276 204
22276 205
22276 206
22276 208
22276 209
22276 210
22276 211
22276 213
22276 215
22276 216
22276 217
22276 218
22276 219
22276 220
22276 221
22276 222
22276 223
22276 224
22276 226
22276 227
22276 228
22276 229
22276 230
22276 231
22276 232
22276 233
22276 234
22276 237
22276 238
22276 239
22276 241
22276 242
22276 243
22276 244
22276 245
22276 246
22276 247
22276 248
22276 249
22276 250
22276 251
22276 253
22276 254
22276 255
22276 256
22276 257
22276 259
22276 260
22276 261
22276 262
22276 263
22276 264
22276 265
22276 266
22276 267
22276 268
22276 271
22276 272
22276 273
22276 274
22276 275
22276 276
22276 277
22276 278
22276 279
22276 280
22276 281
22276 282
22276 283
22276 284
22276 285
22276 286
22276 287
22276 288
22276 289
22276 292
22276 293
22276 295
22276 296
22276 297
22276 298
22276 299
22276 301
22276 302
22276 303
22276 304
22276 305
22276 306
22276 307
22276 308
22276 309
22276 310
22276 313
22276 314
22276 315
22276 316
22276 317
22276 318
22276 319
22276 321
22276 322
22276 324
22276 325
22276 326
22276 328
22276 329
22276 330
22276 331
22276 332
22276 333
22276 334
22276 335
22276 336
22276 338
22276 339
22276 340
22276 342
22276 343
22276 346
22276 347
22276 348
22276 349
22276 350
22276 351
22276 353
22276 354
22276 355
22276 356
22276 357
22276 359
22276 360
22276 361
22276 363
22276 364
22276 365
22276 366
22276 367
22276 368
22276 369
22276 370
22276 372
22276 373
22276 374
22276 375
22276 376
22276 377
22276 378
22276 379
22276 380
22276 381
22276 383
22276 384
22276 387
22276 389
22276 390
22276 391
22276 392
22276 393
22276 394
22276 397
22276 399
22276 400
22276 401
22276 402
22276 403
22276 405
22276 406
22276 407
22276 409
22276 410
22276 411
22276 412
22276 414
22276 415
22276 416
22276 417
22276 418
22276 420
22276 421
22276 422
22276 423
22276 425
22276 427
22276 428
22276 430
22276 431
22276 433
22276 434
22276 435
22276 439
22276 442
22276 443
22276 444
22276 445
22276 446
22276 447
22276 448
22276 449
22276 450
22276 452
22276 453
22276 454
22276 455
22276 456
22276 457
22276 458
22276 459
22276 460
22276 461
22276 462
22276 463
22276 464
22276 465
22276 468
22276 469
22276 470
22276 471
22276 472
22276 474
22276 475
22276 476
22276 477
22276 478
22276 479
22276 480
22276 481
22276 482
22276 483
22276 484
22276 485
22276 486
22276 487
22276 488
22276 489
22276 490
22276 491
22276 492
22276 493
22276 494
22276 495
22276 498
22276 499
22276 500
22276 501
22276 502
22276 504
22276 505
22276 506
22276 507
22276 508
22276 509
22276 510
22276 511
22276 512
22276 513
22276 514
22276 515
22276 516
22276 517
22276 518
22276 520
22276 521
22276 522
22276 523
22276 524
22276 525
22276 526
22276 528
22276 529
22276 530
22276 532
22276 533
22276 534
22276 535
22276 536
22276 538
22276 539
22276 540
22276 541
22276 542
22276 543
22276 544
22276 545
22276 546
22276 547
22276 548
22276 551
22276 552
22276 553
22276 554
22276 555
22276 556
22276 560
22276 561
22276 563
22277 0
22277 2
22277 3
22277 4
22277 5
22277 6
22277 7
22277 8
22277 11
22277 12
22277 13
22277 14
22277 15
22277 16
22277 17
22277 18
22277 19
22277 20
22277 21
22277 22
22277 23
22277 24
22277 26
22277 27
22277 28
22277 29
22277 30
22277 31
22277 32
22277 33
22277 34
22277 36
22277 38
22277 40
22277 41
22277 42
22277 44
22277 45
22277 46
22277 47
22277 48
22277 49
22277 50
22277 51
22277 52
22277 53
22277 54
22277 55
22277 56
22277 58
22277 59
22277 60
22277 63
22277 64
22277 65
22277 66
22277 68
22277 69
22277 71
22277 72
22277 73
22277 74
22277 75
22277 76
22277 78
22277 79
22277 80
22277 81
22277 82
22277 83
22277 84
22277 85
22277 86
22277 87
22277 88
22277 89
22277 90
22277 91
22277 92
22277 93
22277 94
22277 95
22277 96
22277 98
22277 99
22277 100
22277 101
22277 102
22277 103
22277 104
22277 105
22277 106
22277 107
22277 108
22277 109
22277 110
22277 111
22277 112
22277 113
22277 115
22277 116
22277 117
22277 118
22277 119
22277 120
22277 121
22277 122
22277 123
22277 125
22277 126
22277 129
22277 130
22277 131
22277 132
22277 133
22277 134
22277 135
22277 136
22277 137
22277 138
22277 139
22277 140
22277 141
22277 142
22277 143
22277 144
22277 145
22277 146
22277 147
22277 148
22277 149
22277 150
22277 151
22277 152
22277 153
22277 154
22277 156
22277 157
22277 158
22277 159
22277 160
22277 161
22277 162
22277 164
22277 165
22277 167
22277 168
22277 169
22277 170
22277 171
22277 172
22277 174
22277 175
22277 176
22277 177
22277 179
22277 180
22277 182
22277 183
22277 185
22277 186
22277 187
22277 188
22277 189
22277 191
22277 192
22277 193
22277 194
22277 195
22277 196
22277 197
22277 198
22277 199
22277 200
22277 201
22277 202
22277 203
22277 205
22277 206
22277 207
22277 208
22277 209
22277 210
22277 212
22277 213
22277 214
22277 215
22277 216
22277 217
22277 218
22277 219
22277 220
22277 221
22277 222
22277 224
22277 225
22277 226
22277 227
22277 228
22277 230
22277 232
22277 233
22277 234
22277 235
22277 237
22277 238
22277 239
22277 240
22277 241
22277 242
22277 244
22277 245
22278 0
22278 1
22278 2
22278 3
22278 4
22278 5
22278 7
22278 9
22278 10
22278 11
22278 12
22278 13
22278 14
22278 15
22278 16
22278 17
22278 18
22278 19
22278 20
22278 22
22278 23
22278 24
22278 25
22278 26
22278 27
22278 28
22278 29
22278 30
22278 31
22278 32
22278 34
22278 36
22278 37
22278 40
22278 42
22278 43
22278 44
22278 46
22278 47
22278 48
22278 49
22278 50
22278 51
22278 52
22278 53
22278 54
22278 55
22278 56
22278 57
22278 58
22278 59
22278 60
22278 61
22278 62
22278 63
22278 64
22278 65
22278 66
22278 67
22278 68
22278 69
22278 70
22278 72
22278 73
22278 74
22278 75
22278 76
22278 77
22278 78
22278 80
22278 81
22278 82
22278 84
22278 85
22278 86
22278 87
22278 88
22278 90
22278 91
22278 93
22278 94
22278 95
22278 96
22278 97
22278 98
22278 99
22278 100
22278 101
22278 102
22278 103
22278 107
22278 108
22278 109
22278 110
22278 125
22278 126
22278 127
22278 128
22278 129
22278 130
22278 132
22278 133
22278 135
22278 136
22278 137
22278 144
22278 146
22278 147
22278 149
22278 152
22278 153
22278 154
22278 155
22278 156
22278 157
22278 158
22278 159
22278 161
22278 162
22278 163
22278 164
22278 166
22278 167
22278 169
22278 170
22278 171
22278 172
22278 173
22278 174
22278 176
22278 177
22278 179
22278 180
22278 181
22278 182
22278 184
22278 186
22278 187
22278 188
22278 190
22278 191
22278 194
22278 195
22278 196
22278 197
22278 198
22278 199
22278 200
22278 201
22278 203
22278 204
22278 205
22278 207
22278 209
22278 210
22278 211
22278 212
22278 213
22278 214
22278 215
22278 216
22278 217
22278 218
22278 221
22278 222
22278 223
22278 225
22278 226
22278 227
22278 228
22278 229
22278 230
22278 231
22278 232
22278 233
22278 234
22278 235
22278 236
22278 237
22278 238
22278 239
22278 241
22278 243
22278 244
22278 245
22278 247
22278 248
22278 249
22278 250
22278 251
22278 252
22278 253
22278 254
22278 255
22278 256
22278 258
22278 259
22278 260
22278 262
22278 263
22278 264
22278 265
22278 266
22278 267
22279 0
22279 1
22279 2
22279 5
22279 6
22279 7
22279 8
22279 9
22279 10
22279 13
22279 14
22279 15
22279 16
22279 17
22279 18
22279 19
22279 20
22279 21
22279 23
22279 24
22279 25
22279 26
22279 27
22279 28
22279 29
22279 30
22279 31
22279 32
22279 33
22279 35
22279 36
22279 37
22279 38
22279 39
22279 42
22279 43
22279 45
22279 46
22279 47
22279 48
22279 49
22279 50
22279 51
22279 53
22279 54
22279 55
22279 57
22279 58
22279 59
22279 60
22279 61
22279 62
22279 63
22279 64
22279 65
22279 66
22279 67
22279 68
22279 69
22279 70
22279 71
22279 72
22279 73
22279 74
22279 76
22279 77
22279 78
22279 79
22279 80
22279 81
22279 84
22279 85
22279 86
22279 87
22279 88
22279 89
22279 91
22279 92
22279 95
22279 96
22279 97
22279 98
22279 99
22279 100
22279 101
22279 102
22279 104
22279 105
22279 106
22279 107
22279 110
22279 111
22279 112
22279 113
22279 114
22279 115
22279 116
22279 117
22279 118
22279 119
22279 120
22279 121
22279 122
22279 123
22279 124
22279 125
22279 126
22279 127
22279 128
22279 129
22279 130
22279 131
22279 132
22279 133
22279 134
22279 135
22279 137
22279 138
22279 139
22279 140
22279 141
22279 142
22279 143
22279 144
22279 145
22279 146
22279 147
22279 148
22279 149
22279 150
22279 151
22279 153
22279 154
22279 155
22279 156
22279 157
22279 158
22279 161
22279 162
22279 163
22279 164
22279 165
22279 166
22279 171
22279 172
22279 173
22279 175
22279 177
22279 178
22279 179
22279 180
22279 181
22279 182
22279 184
22279 185
22279 186
22279 187
22279 188
22279 189
22279 190
22279 191
22279 193
22279 195
22279 197
22279 199
22279 200
22279 201
22279 202
22279 203
22279 205
22279 206
22279 207
22279 208
22279 209
22279 211
22279 213
22279 214
22279 215
22279 216
22279 217
22279 219
22279 220
22279 222
22279 223
22279 224
22279 226
22279 227
22279 228
22279 229
22279 230
22279 231
22279 232
22279 233
22279 234
22279 235
22279 236
22279 237
22279 238
22279 240
22279 241
22279 242
22279 243
22279 244
22279 245
22279 246
22279 247
22279 248
22279 249
22279 251
22279 252
22279 253
22279 254
22279 255
22279 256
22279 257
22279 258
22279 259
22279 261
22279 262
22279 263
22279 264
22279 265
22279 266
22279 267
22279 268
22279 270
22279 271
22279 272
22279 273
22279 274
22279 275
22279 276
22279 277
22279 278
22279 279
22279 280
22279 282
22279 283
22279 284
22279 286
22279 287
22279 288
22279 289
22279 291
22279 292
22279 293
22279 295
22279 296
22279 299
22279 300
22279 301
22279 302
22279 303
22279 305
22279 306
22279 307
22279 309
22279 310
22279 311
22279 312
22279 314
22279 316
22279 317
22279 318
22279 319
22279 320
22279 321
22279 322
22279 323
22279 324
22279 325
22279 326
22279 328
22279 329
22279 332
22279 333
22279 334
22279 335
22279 337
22279 338
22279 339
22279 340
22279 341
22279 342
22279 343
22279 344
22279 345
22279 346
22279 347
22279 348
22279 349
22279 350
22279 351
22279 352
22279 353
22279 354
22279 355
22279 356
22279 357
22279 358
22279 359
22279 360
22279 361
22279 363
22279 364
22279 365
22279 366
22279 367
22279 368
22279 369
22279 371
22279 372
22279 374
22279 375
22279 376
22279 377
22279 378
22279 379
22279 381
22279 382
22279 383
22279 384
22279 385
22279 386
22279 387
22279 389
22279 390
22279 391
22279 392
22279 393
22279 394
22279 395
22279 396
22279 397
22279 399
22279 400
22279 401
22279 402
22281 0
22281 1
22281 2
22281 3
22281 4
22281 5
22281 6
22281 8
22281 10
22281 11
22281 13
22281 14
22281 15
22281 31
22281 32
22281 33
22281 36
22281 37
22281 66
22281 67
22281 68
22281 69
22281 70
22281 72
22281 73
22281 74
22281 75
22281 76
22281 77
22281 78
22281 79
22281 80
22281 81
22281 82
22281 83
22281 84
22281 85
22281 86
22281 87
22281 88
22281 90
22281 92
22281 94
22281 95
22281 96
22281 97
22281 98
22281 99
22281 100
22281 103
22281 104
22281 105
22281 106
22281 107
22281 109
22281 110
22281 111
22281 113
22281 114
22281 115
22281 116
22281 118
22281 119
22281 120
22281 121
22281 122
22281 123
22281 124
22281 125
22281 127
22281 128
22281 129
22281 130
22281 131
22281 134
22281 135
22281 137
22281 138
22281 140
22281 141
22281 142
22281 144
22281 145
22281 146
22281 147
22281 148
22281 149
22281 150
22281 151
22281 152
22281 153
22281 154
22281 158
22281 159
22281 160
22281 161
22281 162
22281 163
22281 164
22281 166
22281 167
22281 168
22281 170
22281 171
22281 172
22281 173
22281 174
22281 175
22281 176
22281 177
22281 178
22281 179
22281 180
22281 181
22281 183
22281 184
22281 187
22282 0
22282 1
22282 2
22282 3
22282 4
22282 6
22282 7
22282 10
22282 11
22282 12
22282 13
22282 14
22282 16
22282 17
22282 18
22282 19
22282 20
22282 22
22282 23
22282 24
22282 25
22282 27
22282 28
22282 29
22282 30
22282 31
22282 32
22282 33
22282 34
22282 35
22282 36
22282 37
22282 38
22282 39
22282 40
22282 41
22282 42
22282 43
22282 44
22282 45
22282 46
22282 47
22282 48
22282 49
22282 50
22282 51
22282 52
22282 53
22282 54
22282 55
22282 56
22282 57
22282 60
22282 61
22282 62
22282 63
22282 64
22282 65
22282 66
22282 67
22282 69
22282 70
22282 71
22282 72
22282 74
22282 75
22282 76
22282 77
22282 78
22282 79
22282 80
22282 81
22282 82
22282 87
22282 89
22282 90
22282 91
22282 92
22282 93
22282 95
22282 97
22282 99
22282 100
22282 102
22282 103
22282 104
22282 105
22282 106
22282 107
22282 108
22282 109
22282 110
22282 111
22282 112
22282 113
22282 114
22282 115
22282 116
22282 118
22282 120
22282 121
22282 122
22282 123
22282 124
22282 125
22282 126
22282 127
22282 128
22282 129
22282 130
22282 132
22282 133
22282 134
22282 135
22282 137
22282 138
22282 139
22282 140
22282 142
22282 143
22282 145
22282 146
22282 148
22282 150
22282 151
22282 152
22282 153
22282 154
22282 155
22282 156
22282 157
22282 158
22282 159
22282 160
22282 161
22282 162
22282 163
22282 164
22282 165
22282 166
22282 167
22282 168
22282 169
22282 170
22282 171
22282 172
22282 175
22282 177
22282 178
22282 179
22282 181
22282 182
22282 183
22282 184
22282 185
22282 186
22282 187
22282 188
22282 189
22282 190
22282 191
22282 192
22282 193
22282 194
22282 195
22282 196
22282 197
22282 198
22282 199
22282 200
22282 201
22282 202
22282 203
22282 205
22282 206
22282 207
22282 208
22282 209
22282 210
22282 212
22282 213
22282 214
22282 215
22282 216
22282 217
22282 218
22282 219
22282 220
22282 221
22282 222
22282 223
22282 224
22282 225
22282 226
22282 229
22282 230
22282 231
22282 232
22282 233
22282 234
22282 235
22282 236
22282 237
22282 238
22282 239
22282 240
22282 241
22282 242
22282 245
22282 246
22282 247
22282 248
22282 249
22282 250
22282 252
22282 253
22282 254
22282 255
22282 256
22282 257
22282 258
22282 259
22282 260
22282 261
22282 262
22282 263
22282 265
22282 266
22282 267
22282 268
22282 269
22282 270
22282 272
22282 273
22282 274
22282 275
22282 276
22282 277
22282 278
22282 279
22282 280
22282 281
22282 282
22282 283
22282 284
22282 285
22282 287
22282 288
22282 289
22282 290
22282 291
22282 292
22282 293
22282 294
22282 295
22282 296
22282 297
22282 298
22282 299
22282 301
22282 302
22282 304
22282 305
22282 306
22282 307
22282 308
22282 310
22283 0
22283 1
22283 2
22283 4
22283 5
22283 6
22283 7
22283 8
22283 9
22283 10
22283 13
22283 15
22283 16
22283 18
22283 19
22283 20
22283 22
22283 23
22283 24
22283 25
22283 26
22283 27
22283 28
22283 29
22283 30
22283 31
22283 32
22283 34
22283 35
22283 36
22283 37
22283 39
22283 40
22283 41
22283 42
22283 45
22283 46
22283 47
22283 48
22283 51
22283 52
22283 53
22283 54
22283 55
22283 56
22283 57
22283 59
22283 60
22283 61
22283 62
22283 63
22283 64
22283 66
22283 67
22283 68
22283 69
22283 70
22283 72
22283 73
22283 76
22283 77
22283 78
22283 79
22283 81
22284 1
22284 2
22284 3
22284 4
22284 6
22284 7
22284 10
22284 12
22284 13
22284 14
22284 15
22284 16
22284 17
22284 18
22284 19
22284 20
22284 21
22284 22
22284 23
22284 24
22284 26
22284 27
22284 29
22284 30
22284 31
22284 33
22284 34
22284 35
22284 37
22284 38
22284 39
22284 40
22284 42
22284 43
22284 44
22284 45
22284 46
22284 47
22284 48
22284 49
22284 50
22284 51
22284 52
22284 53
22284 54
22284 56
22284 57
22284 58
22284 59
22284 61
22284 62
22284 63
22284 64
22284 67
22284 68
22284 69
22284 72
22284 73
22284 74
22284 75
22284 76
22284 77
22284 78
22284 79
22284 81
22284 82
22284 84
22284 85
22284 86
22284 87
22284 88
22284 89
22284 90
22284 91
22284 92
22284 93
22284 94
22284 96
22284 97
22284 98
22284 99
22284 100
22284 102
22284 103
22284 105
22284 106
22284 107
22284 109
22284 110
22284 111
22285 0
22285 1
22285 3
22285 4
22285 5
22285 7
22285 8
22285 9
22285 10
22285 12
22285 13
22285 14
22285 15
22285 18
22285 19
22285 20
22285 21
22285 22
22285 23
22285 24
22285 26
22285 27
22285 28
22285 30
22285 31
22285 32
22285 33
22285 34
22285 36
22285 39
22285 41
22285 42
22285 43
22286 0
22286 1
22286 2
22286 3
22286 4
22286 5
22286 6
22286 8
22286 9
22286 10
22286 11
22286 12
22286 13
22286 15
22286 16
22286 17
22286 19
22286 24
22286 25
22286 26
22286 27
22286 29
22286 30
22286 31
22286 33
22286 35
22286 36
22286 37
22286 38
22286 39
22286 40
22286 42
22286 43
22286 44
22286 45
22286 46
22286 47
22286 48
22286 49
22286 51
22286 52
22286 53
22286 54
22286 55
22286 57
22286 58
22286 61
22286 62
22286 63
22286 64
22286 65
22286 66
22286 67
22286 68
22286 69
22286 70
22286 71
22286 72
22286 73
22286 74
22286 75
22286 76
22286 77
22286 78
22286 79
22286 80
22286 82
22286 83
22286 84
22286 85
22286 86
22286 87
22286 89
22286 91
22286 92
22287 0
22287 1
22287 2
22287 3
22287 4
22287 6
22287 7
22287 8
22287 9
22287 10
22287 11
22287 13
22287 14
22287 15
22287 17
22287 18
22287 19
22287 20
22287 22
22287 25
22287 26
22287 27
22287 28
22287 29
22287 30
22287 31
22287 32
22287 33
22287 34
22287 35
22287 36
22287 37
22287 38
22287 39
22287 40
22287 43
22287 45
22287 46
22287 48
22287 49
22287 50
22287 51
22287 53
22287 57
22287 59
22287 60
22287 62
22287 63
22287 64
22287 65
22287 66
22287 67
22287 68
22287 69
22287 70
22287 71
22287 72
22287 73
22287 74
22287 75
22287 76
22287 78
22287 80
22287 81
22287 82
22287 85
22287 86
22287 87
22287 91
22287 92
22287 93
22287 94
22287 95
22287 97
22287 98
22287 99
22287 100
22287 101
22287 103
22287 104
22287 105
22287 107
22287 108
22287 109
22287 110
22287 111
22287 112
22287 113
22287 114
22287 115
22287 118
22287 119
22287 120
22287 121
22287 122
22287 123
22287 124
22287 125
22287 127
22287 128
22287 129
22287 131
22287 133
22287 134
22287 135
22287 136
22287 137
22287 138
22287 139
22287 141
22287 142
22287 143
22287 144
22287 145
22287 146
22287 147
22287 148
22287 149
22287 150
22287 151
22287 152
22287 153
22287 154
22287 155
22287 156
22287 157
22287 158
22287 159
22287 160
22287 162
22287 163
22287 164
22287 166
22287 168
22287 169
22287 171
22287 172
22287 173
22287 175
22287 178
22287 179
22287 180
22287 181
22287 182
22287 183
22287 186
22287 188
22287 189
22287 191
22287 192
22287 193
22287 194
22287 195
22287 197
22287 198
22287 199
22287 200
22287 201
22287 202
22287 203
22287 206
22287 207
22287 208
22287 210
22287 212
22287 213
22287 214
22287 215
22287 216
22287 218
22287 219
22287 220
22287 221
22287 222
22287 223
22287 224
22287 225
22287 226
22287 227
22287 228
22287 229
22287 230
22287 232
22287 233
22287 234
22287 235
22287 236
22287 237
22287 238
22287 239
22287 240
22287 241
22287 242
22287 243
22287 244
22287 245
22287 246
22287 247
22287 248
22287 251
22287 252
22287 254
22287 255
22287 257
22287 258
22287 259
22287 260
22287 261
22287 262
22287 263
22287 264
22287 265
22287 267
22287 268
22287 269
22287 270
22287 271
22287 272
22287 273
22287 275
22287 277
22287 278
22287 279
22287 282
22287 283
22287 284
22287 285
22287 286
22287 287
22287 288
22287 289
22287 290
22287 291
22287 292
22287 293
22287 294
22287 295
22287 296
22287 297
22287 298
22287 299
22287 302
22287 303
22287 305
22287 306
22287 308
22287 309
22287 310
22287 311
22287 313
22287 314
22287 315
22287 317
22287 320
22287 321
22287 322
22287 323
22289 0
22289 1
22289 2
22289 3
22289 4
22289 5
22289 6
22289 11
22289 12
22289 13
22289 15
22289 16
22289 17
22289 18
22289 19
22289 20
22289 22
22289 23
22289 24
22289 25
22289 26
22289 27
22289 28
22289 29
22289 30
22289 31
22289 32
22289 33
22289 34
22289 35
22289 36
22289 37
22289 39
22289 40
22289 41
22289 42
22289 43
22289 44
22289 45
22289 46
22289 47
22289 49
22289 50
22289 51
22289 52
22289 53
22289 54
22289 55
22289 57
22289 58
22289 59
22289 60
22289 61
22289 62
22289 63
22289 64
22289 65
22289 66
22289 67
22289 68
22289 69
22289 70
22289 71
22289 72
22289 73
22289 74
22289 75
22289 76
22289 77
22289 79
22289 80
22289 82
22289 83
22289 84
22289 86
22289 87
22289 88
22289 90
22289 92
22289 93
22289 94
22289 97
22289 99
22289 101
22289 102
22289 103
22289 104
22289 105
22289 106
22289 109
22289 110
22289 111
22289 112
22289 114
22289 115
22289 116
22289 117
22289 118
22289 119
22289 120
22289 121
22289 123
22289 124
22289 125
22289 126
22289 127
22289 128
22289 129
22289 130
22289 131
22289 132
22289 133
22289 134
22289 136
22289 137
22289 138
22289 139
22289 140
22289 142
22289 143
22289 144
22289 146
22289 147
22289 148
22289 149
22289 150
22289 151
22289 152
22289 153
22289 155
22289 156
22289 157
22289 158
22289 159
22289 160
22289 161
22289 163
22289 166
22289 167
22289 168
22289 169
22289 170
22289 171
22289 172
22289 174
22289 175
22289 176
22289 177
22289 178
22289 179
22289 180
22289 181
22289 183
22289 184
22289 185
22289 187
22289 190
22289 191
22289 192
22289 194
22289 196
22289 197
22289 198
22289 199
22289 201
22289 202
22289 203
22289 204
22289 205
22289 206
22289 207
22289 208
22289 209
22289 210
22289 211
22289 212
22289 213
22289 214
22289 215
22289 216
22289 217
22289 218
22289 219
22289 220
22289 221
22289 222
22289 223
22289 225
22289 227
22289 228
22289 229
22289 230
22289 231
22289 233
22289 234
22289 235
22289 236
22289 237
22289 238
22289 239
22289 240
22289 242
22289 244
22289 246
22289 247
22289 248
22289 249
22289 250
22289 251
22289 252
22289 253
22289 254
22289 255
22289 256
22289 257
22289 258
22289 260
22289 262
22289 263
22289 264
22289 266
22289 267
22289 269
22289 270
22289 273
22289 274
22289 275
22289 277
22289 279
22289 280
22289 281
22289 282
22289 286
22289 288
22289 289
22289 290
22289 292
22289 293
22289 295
22289 296
22289 299
22289 300
22289 301
22289 303
22289 304
22289 305
22289 306
22289 307
22289 308
22289 309
22289 310
22289 311
22289 312
22289 314
22289 316
22289 318
22289 320
22289 321
22289 324
22289 325
22289 326
22289 327
22289 328
22289 329
22289 330
22289 331
22289 332
22289 333
22289 334
22289 336
22289 337
22289 338
22289 339
22289 340
22289 341
22289 342
22289 343
22289 344
22289 345
22289 347
22289 348
22289 349
22289 350
22289 351
22289 352
22289 354
22289 355
22289 356
22289 359
22289 360
22289 361
22289 363
22289 364
22289 365
22289 366
22289 368
22289 375
22289 376
22289 377
22289 378
22289 379
22289 380
22289 381
22289 382
22289 383
22289 384
22289 386
22289 387
22289 388
22289 389
22289 390
22289 391
22289 392
22289 393
22289 394
22289 395
22289 396
22289 397
22289 399
22289 401
22289 402
22289 403
22289 404
22289 406
22289 407
22289 408
22289 409
22289 411
22289 412
22289 413
22289 414
22289 416
22289 418
22289 419
22289 420
22289 421
22289 422
22289 423
22289 424
22289 425
22289 427
22289 429
22289 430
22289 431
22289 432
22289 434
22289 435
22289 436
22289 443
22289 444
22289 445
22289 446
22289 447
22289 448
22289 449
22289 451
22289 452
22289 453
22289 454
22289 455
22289 456
22289 458
22289 459
22289 460
22289 461
22289 462
22289 463
22289 465
22289 466
22289 468
22289 469
22289 470
22289 471
22289 473
22289 475
22289 477
22289 478
22289 479
22289 481
22289 484
22289 485
22289 486
22289 487
22289 488
22289 489
22289 490
22289 491
22289 492
22289 493
22289 494
22289 495
22289 496
22289 497
22289 498
22289 499
22289 500
22289 501
22289 502
22289 503
22289 504
22289 505
22289 506
22289 507
22289 508
22289 509
22289 510
22289 511
22289 512
22289 513
22289 514
22289 516
22289 517
22289 518
22289 519
22289 520
22289 521
22289 522
22289 523
22289 524
22289 525
22289 526
22289 527
22289 528
22289 529
22289 530
22289 531
22289 532
22289 534
22289 536
22289 537
22289 538
22289 539
22289 540
22289 541
22289 542
22289 543
22289 544
22289 545
22289 546
22289 547
22289 548
22289 549
22289 550
22289 553
22289 554
22289 556
22289 558
22289 559
22289 560
22289 561
22289 562
22289 563
22289 564
22289 565
22289 569
22289 570
22290 0
22290 1
22290 2
22290 4
22290 5
22290 6
22290 7
22290 8
22290 11
22290 12
22290 13
22290 15
22290 16
22290 17
22290 18
22290 20
22290 22
22290 23
22290 24
22290 25
22290 26
22290 27
22290 28
22290 29
22290 30
22290 34
22290 35
22290 36
22290 40
22290 41
22290 42
22290 43
22290 44
22290 45
22290 46
22290 47
22290 48
22290 49
22290 50
22290 51
22290 52
22290 54
22290 55
22290 56
22290 57
22290 58
22290 59
22290 60
22290 61
22290 62
22290 63
22290 64
22290 65
22290 67
22290 68
22290 69
22290 70
22290 71
22290 73
22290 74
22290 78
22290 79
22290 80
22290 81
22290 82
22290 84
22290 85
22290 86
22290 87
22290 88
22290 89
22290 90
22290 91
22290 92
22290 93
22290 94
22290 95
22290 96
22290 97
22290 99
22290 100
22290 101
22290 102
22290 103
22290 104
22290 105
22290 106
22290 107
22290 108
22290 109
22290 111
22290 112
22290 114
22290 115
22290 116
22290 117
22290 119
22290 121
22290 122
22290 123
22290 124
22290 125
22290 126
22290 127
22290 128
22290 129
22290 130
22290 131
22290 132
22290 134
22290 135
22290 137
22290 138
22290 139
22290 140
22290 141
22290 142
22290 143
22290 144
22290 145
22290 146
22290 147
22290 148
22290 149
22290 150
22290 151
22290 153
22290 155
22290 157
22290 159
22290 160
22290 161
22290 162
22290 163
22290 164
22290 165
22290 166
22290 170
22290 172
22290 173
22290 174
22290 175
22290 177
22290 178
22290 179
22290 180
22290 181
22290 182
22290 183
22290 184
22290 185
22290 187
22290 189
22290 190
22290 191
22290 192
22290 194
22290 195
22290 196
22290 198
22290 199
22290 200
22290 201
22290 202
22290 203
22290 204
22290 205
22290 206
22290 207
22290 208
22290 210
22290 212
22290 213
22290 214
22290 215
22290 216
22290 217
22290 219
22290 220
22290 221
22290 222
22290 225
22290 226
22290 227
22290 228
22290 229
22290 230
22290 231
22290 232
22290 233
22290 234
22290 235
22290 237
22290 238
22290 239
22290 240
22290 241
22290 242
22290 243
22290 245
22290 246
22290 247
22290 249
22290 252
22290 253
22290 254
22290 256
22290 257
22290 258
22290 259
22290 261
22290 262
22290 263
22290 264
22290 265
22290 266
22290 267
22290 269
22290 270
22290 271
22290 274
22290 276
22290 277
22290 278
22290 279
22290 280
22290 281
22290 283
22290 284
22290 285
22290 286
22290 287
22290 289
22290 290
22290 291
22290 292
22290 293
22290 294
22290 295
22290 296
22290 297
22290 298
22290 300
22290 302
22290 303
22290 304
22290 306
22290 307
22290 308
22290 309
22290 310
22290 311
22290 312
22290 313
22290 314
22290 315
22290 316
22290 317
22290 318
22290 319
22290 320
22290 321
22290 322
22290 323
22290 324
22290 325
22290 326
22290 328
22290 329
22290 330
22290 331
22290 332
22290 333
22290 334
22290 337
22290 339
22290 342
22290 343
22290 344
22290 345
22290 346
22290 347
22290 348
22290 350
22290 352
22290 353
22291 0
22291 2
22291 3
22291 4
22291 6
22291 7
22291 8
22291 9
22291 11
22291 13
22291 14
22291 15
22291 16
22291 18
22291 19
22291 21
22291 22
22291 23
22291 24
22291 26
22291 27
22291 28
22291 31
22291 32
22291 33
22291 34
22291 37
22291 38
22291 39
22291 40
22291 41
22291 42
22291 43
22291 45
22291 46
22291 47
22291 48
22291 49
22291 50
22291 51
22291 52
22291 53
22291 54
22291 55
22291 56
22291 57
22291 59
22291 60
22291 61
22291 63
22291 64
22291 65
22291 66
22291 67
22291 68
22291 70
22291 71
22291 72
22291 73
22291 74
22291 75
22291 76
22291 78
22291 79
22291 80
22291 82
22291 83
22291 84
22291 85
22291 86
22291 87
22291 88
22291 89
22291 90
22291 91
22291 92
22291 93
22291 94
22291 95
22291 96
22291 97
22291 99
22291 100
22291 101
22291 102
22291 103
22291 104
22291 105
22291 106
22291 107
22291 108
22291 109
22291 110
22291 111
22291 112
22291 114
22291 115
22291 118
22291 119
22291 120
22291 121
22291 124
22291 125
22291 127
22291 128
22291 130
22291 131
22291 132
22291 133
22291 134
22291 135
22291 136
22291 137
22291 139
22291 140
22291 141
22291 144
22291 146
22291 149
22291 150
22291 151
22291 152
22291 153
22291 154
22291 156
22291 158
22291 161
22291 162
22291 164
22291 166
22291 167
22291 168
22291 169
22291 170
22291 171
22291 172
22291 174
22291 175
22291 176
22292 0
22292 1
22292 3
22292 4
22292 5
22292 6
22292 7
22292 9
22292 12
22292 14
22292 15
22292 16
22292 17
22292 19
22292 20
22292 21
22292 22
22292 23
22292 26
22292 27
22292 28
22292 29
22292 30
22292 31
22292 32
22292 33
22292 35
22292 36
22292 37
22292 40
22292 41
22292 42
22292 44
22292 45
22292 46
22292 47
22292 49
22292 50
22292 51
22292 52
22292 53
22292 54
22292 56
22292 57
22292 58
22292 59
22292 60
22292 61
22292 62
22292 63
22292 65
22292 67
22292 68
22292 71
22292 72
22292 73
22292 74
22292 75
22292 76
22292 77
22292 78
22292 82
22292 83
22292 84
22292 85
22292 86
22292 87
22292 88
22292 89
22292 90
22292 92
22292 93
22292 94
22292 95
22292 96
22292 97
22292 98
22292 99
22292 100
22292 101
22292 104
22292 105
22292 106
22292 109
22292 110
22292 111
22292 112
22292 114
22292 115
22292 116
22292 119
22292 120
22292 122
22292 124
22292 125
22292 126
22292 127
22292 129
22292 130
22292 131
22292 133
22292 134
22292 135
22292 136
22292 137
22292 138
22292 139
22292 140
22292 141
22292 142
22292 143
22292 144
22292 145
22292 146
22292 147
22292 149
22292 150
22292 152
22292 153
22292 154
22292 155
22292 156
22292 157
22292 158
22292 159
22293 1
22293 2
22293 3
22293 4
22293 5
22293 7
22293 8
22293 9
22293 10
22293 11
22293 12
22293 13
22293 14
22293 15
22293 16
22293 17
22293 18
22293 19
22293 20
22293 21
22293 22
22293 23
22293 24
22293 25
22293 26
22293 28
22293 29
22293 31
22293 32
22293 33
22293 35
22293 36
22293 37
22293 39
22293 40
22293 41
22293 44
22293 45
22293 46
22293 47
22293 48
22293 49
22293 50
22293 51
22293 52
22293 53
22293 54
22293 55
22293 56
22293 57
22293 58
22293 59
22293 60
22293 61
22293 62
22293 63
22293 64
22293 65
22293 66
22293 67
22293 68
22293 70
22293 71
22293 72
22293 73
22293 74
22293 75
22293 76
22293 77
22293 78
22293 79
22293 80
22293 81
22293 82
22293 83
22293 85
22293 86
22293 90
22293 91
22293 92
22293 93
22293 94
22293 95
22293 96
22293 98
22293 99
22293 100
22293 101
22293 102
22293 103
22293 104
22293 105
22293 106
22293 107
22293 108
22293 109
22293 110
22293 111
22293 112
22293 113
22293 114
22293 115
22293 116
22293 117
22293 118
22293 120
22293 121
22293 122
22293 123
22293 125
22293 126
22293 129
22293 130
22293 131
22293 133
22293 135
22293 136
22293 139
22293 141
22293 142
22293 143
22293 144
22293 145
22293 146
22293 147
22293 148
22293 150
22293 151
22293 152
22293 154
22293 155
22293 156
22293 157
22293 158
22293 159
22293 161
22293 162
22293 163
22293 164
22293 165
22293 166
22293 167
22293 168
22293 169
22293 171
22295 0
22295 2
22295 4
22295 5
22295 6
22295 7
22295 8
22295 10
22295 13
22295 16
22295 17
22295 18
22295 19
22295 20
22295 21
22295 22
22295 23
22295 24
22295 25
22295 26
22295 27
22295 28
22295 29
22295 30
22295 31
22295 32
22295 34
22295 35
22295 36
22295 37
22295 38
22295 39
22295 40
22295 41
22295 42
22295 43
22295 44
22295 45
22295 46
22295 47
22295 48
22295 50
22295 51
22295 52
22295 54
22295 55
22295 56
22295 57
22295 58
22295 59
22295 60
22295 63
22295 64
22295 65
22295 66
22295 67
22295 68
22295 69
22295 72
22295 73
22295 74
22295 76
22295 77
22295 78
22295 79
22295 80
22295 81
22295 82
22295 83
22295 84
22295 88
22295 90
22295 91
22295 92
22295 93
22295 94
22295 96
22295 97
22295 98
22295 99
22295 100
22295 102
22295 103
22295 104
22295 105
22295 106
22295 107
22295 108
22295 110
22295 112
22295 113
22295 115
22295 116
22295 118
22295 119
22295 121
22295 122
22295 123
22295 124
22295 125
22295 126
22295 127
22295 128
22295 129
22295 130
22295 131
22295 132
22295 133
22295 134
22295 135
22295 136
22295 137
22295 138
22295 139
22295 140
22295 141
22295 142
22295 143
22295 144
22295 145
22295 146
22295 147
22295 149
22295 150
22295 152
22295 153
22295 154
22295 156
22295 157
22295 159
22295 160
22295 162
22295 163
22295 164
22295 165
22295 166
22295 168
22296 1
22296 3
22296 4
22296 5
22296 6
22296 7
22296 8
22296 9
22296 10
22296 11
22296 12
22296 13
22296 14
22296 15
22296 18
22296 19
22296 20
22296 21
22296 22
22296 24
22296 26
22296 28
22296 29
22296 31
22296 32
22296 33
22296 34
22296 35
22296 36
22296 37
22296 38
22296 39
22296 40
22296 41
22296 42
22296 44
22296 45
22296 48
22296 49
22296 50
22296 51
22296 52
22296 53
22296 54
22296 55
22296 56
22296 57
22296 58
22296 59
22296 60
22296 61
22296 63
22296 65
22296 66
22296 67
22296 68
22296 69
22296 70
22296 71
22296 72
22296 73
22296 74
22296 75
22296 76
22296 77
22296 78
22296 79
22296 80
22296 81
22296 83
22296 84
22296 86
22296 87
22296 88
22296 89
22296 90
22296 92
22296 93
22296 95
22296 97
22296 98
22296 99
22296 101
22296 102
22296 103
22296 104
22296 105
22296 106
22296 107
22296 108
22296 109
22296 110
22296 112
22296 114
22296 116
22296 118
22296 119
22296 120
22296 122
22296 123
22296 124
22296 127
22296 132
22296 133
22296 134
22296 135
22296 136
22296 137
22296 138
22296 139
22296 140
22296 141
22296 142
22296 143
22296 145
22296 147
22296 149
22296 150
22296 152
22296 153
22296 155
22296 158
22296 159
22296 160
22296 161
22296 163
22296 164
22296 166
22296 168
22296 170
22296 172
22296 173
22296 174
22296 175
22296 176
22296 177
22296 178
22296 179
22296 180
22296 181
22296 182
22296 183
22296 184
22296 185
22296 186
22296 187
22296 188
22296 189
22296 191
22296 192
22296 193
22296 195
22296 196
22296 197
22296 198
22296 199
22296 200
22296 201
22296 202
22296 203
22296 204
22296 205
22296 207
22296 208
22296 209
22296 211
22296 212
22296 213
22296 214
22296 215
22296 216
22296 217
22296 219
22296 220
22296 221
22296 222
22296 224
22296 225
22296 226
22296 227
22296 228
22296 229
22296 231
22296 232
22296 233
22296 235
22296 236
22296 237
22296 238
22296 239
22296 240
22296 241
22296 242
22296 244
22296 245
22296 246
22296 247
22296 249
22296 250
22296 253
22296 255
22296 256
22296 257
22296 258
22296 260
22296 261
22296 262
22296 263
22296 264
22296 266
22296 268
22296 270
22296 272
22296 273
22296 274
22296 275
22296 276
22296 277
22296 278
22296 279
22296 280
22296 281
22296 282
22296 283
22296 284
22296 285
22296 286
22296 287
22296 288
22296 289
22296 290
22296 292
22296 293
22296 294
22296 296
22296 297
22296 298
22296 299
22296 300
22296 301
22296 302
22296 303
22296 304
22296 305
22296 306
22296 307
22296 308
22296 309
22296 310
22296 311
22296 312
22296 313
22296 315
22296 316
22296 317
22296 318
22296 319
22296 320
22296 321
22296 322
22296 323
22296 324
22296 325
22296 326
22296 327
22296 328
22296 329
22296 330
22296 332
22296 333
22296 334
22296 335
22296 337
22296 338
22296 339
22296 340
22296 341
22296 342
22296 343
22296 344
22296 345
22296 346
22296 347
22296 348
22296 349
22296 351
22296 352
22296 353
22296 354
22296 355
22296 356
22296 357
22296 358
22296 359
22296 360
22296 361
22296 362
22296 364
22296 365
22296 366
22296 367
22296 369
22296 371
22296 372
22296 373
22296 375
22296 376
22296 377
22296 378
22296 379
22296 380
22296 381
22296 382
22296 383
22296 384
22296 385
22296 386
22296 388
22296 389
22296 390
22296 391
22296 392
22296 393
22296 394
22296 395
22296 396
22296 397
22296 398
22296 399
22296 400
22296 401
22296 402
22296 404
22296 406
22296 408
22296 409
22296 410
22296 412
22296 413
22296 414
22296 415
22296 416
22296 417
22296 418
22296 420
22296 421
22296 422
22296 425
22296 427
22296 428
22296 429
22296 430
22296 431
22296 432
22296 433
22296 434
22296 435
22296 436
22296 437
22296 438
22296 439
22296 440
22296 441
22296 442
22296 443
22296 444
22296 445
22296 446
22296 447
22296 448
22296 449
22296 450
22296 452
22296 454
22296 455
22296 456
22296 457
22296 459
22296 460
22296 461
22296 462
22296 464
22296 465
22296 467
22296 468
22296 469
22296 470
22296 471
22296 472
22296 473
22296 474
22296 475
22296 477
22296 478
22296 479
22296 480
22296 481
22296 482
22296 483
22296 484
22296 485
22296 486
22296 487
22296 488
22296 490
22296 491
22296 492
22296 493
22296 494
22296 495
22297 0
22297 2
22297 3
22297 4
22297 6
22297 8
22297 10
22297 11
22297 12
22297 13
22297 16
22297 17
22297 18
22297 19
22297 20
22297 21
22297 23
22297 24
22297 25
22297 26
22297 27
22297 28
22297 29
22297 31
22297 32
22297 33
22297 34
22297 35
22297 36
22297 39
22297 40
22297 42
22297 44
22297 45
22297 46
22297 47
22297 48
22297 49
22297 50
22297 51
22297 52
22297 53
22297 54
22297 55
22297 56
22297 57
22297 59
22297 60
22297 61
22297 62
22297 63
22297 64
22297 65
22297 66
22298 0
22298 1
22298 3
22298 4
22298 5
22298 6
22298 7
22298 10
22298 12
22298 16
22298 17
22298 19
22298 20
22298 21
22298 22
22298 23
22298 24
22298 25
22298 27
22298 28
22298 29
22298 32
22298 33
22298 34
22298 35
22298 36
22298 37
22298 38
22298 39
22298 40
22298 41
22298 42
22298 43
22298 44
22298 45
22298 46
22298 47
22298 48
22298 49
22298 50
22298 51
22298 52
22298 53
22298 55
22298 56
22298 57
22298 58
22298 59
22298 60
22298 62
22298 63
22298 64
22298 66
22298 67
22298 68
22298 69
22298 71
22298 72
22298 73
22298 74
22298 75
22298 76
22298 78
22298 79
22298 80
22298 81
22298 82
22298 83
22298 84
22298 85
22298 86
22298 87
22298 89
22298 90
22298 91
22298 93
22298 94
22298 96
22298 97
22298 98
22298 99
22298 100
22298 102
22298 103
22298 104
22298 106
22298 107
22298 109
22298 110
22298 112
22298 113
22298 114
22298 115
22298 117
22298 118
22299 2
22299 3
22299 5
22299 6
22299 7
22299 9
22299 10
22299 14
22299 15
22299 16
22299 17
22299 19
22299 21
22299 22
22299 23
22299 25
22299 26
22299 27
22299 28
22299 30
22299 31
22299 33
22299 34
22299 35
22299 36
22299 38
22299 40
22299 41
22299 42
22299 43
22299 44
22299 45
22299 46
22299 47
22299 48
22299 49
22299 50
22299 51
22299 53
22299 55
22299 56
22299 57
22299 58
22299 60
22299 61
22299 62
22299 63
22299 64
22299 65
22299 66
22299 67
22299 68
22299 69
22299 70
22299 71
22299 72
22299 73
22299 74
22299 76
22299 77
22299 78
22299 79
22299 80
22299 81
22299 82
22299 83
22299 85
22299 86
22299 87
22299 88
22299 89
22299 90
22299 91
22299 92
22299 93
22299 95
22299 96
22299 97
22299 99
22299 100
22299 101
22299 102
22299 103
22299 104
22299 105
22299 106
22299 107
22299 109
22299 111
22299 113
22299 114
22299 115
22299 116
22299 118
22299 119
22299 120
22299 122
22299 123
22299 124
22299 125
22299 126
22299 127
22299 128
22299 130
22299 131
22299 132
22299 133
22299 134
22299 135
22299 136
22299 137
22299 140
22299 141
22299 142
22299 143
22299 144
22299 145
22299 146
22299 147
22299 148
22299 149
22299 150
22299 151
22299 152
22299 153
22299 154
22299 156
22299 157
22299 158
22299 160
22299 162
22299 163
22299 164
22299 166
22299 167
22299 168
22299 169
22299 171
22299 172
22300 1
22300 2
22300 3
22300 4
22300 5
22300 6
22300 7
22300 9
22300 10
22300 11
22300 12
22300 13
22300 14
22300 15
22300 17
22300 18
22300 19
22300 21
22300 22
22300 23
22300 24
22300 25
22300 26
22300 30
22300 31
22300 32
22300 34
22300 35
22300 37
22300 38
22300 39
22300 40
22300 41
22300 43
22300 44
22300 45
22300 46
22300 47
22300 48
22300 49
22300 50
22300 51
22300 53
22300 54
22300 55
22300 56
22300 57
22300 58
22300 59
22300 61
22300 62
22300 64
22300 65
22300 66
22300 67
22300 69
22300 70
22300 71
22300 72
22300 73
22300 74
22300 75
22300 76
22300 77
22300 78
22300 79
22300 81
22300 82
22300 83
22300 84
22300 85
22300 86
22300 88
22300 89
22300 90
22300 91
22300 92
22300 94
22300 95
22300 96
22300 97
22300 99
22300 100
22300 101
22300 102
22300 104
22300 106
22300 107
22300 108
22300 109
22300 110
22300 111
22300 112
22300 113
22300 114
22300 115
22300 116
22300 117
22300 118
22300 119
22300 120
22300 121
22300 123
22300 124
22300 125
22300 126
22300 128
22300 129
22300 130
22300 131
22300 132
22300 134
22301 0
22301 2
22301 3
22301 4
22301 5
22301 6
22301 7
22301 8
22301 9
22301 10
22301 11
22301 12
22301 13
22301 14
22301 15
22301 16
22301 17
22301 18
22301 19
22301 21
22301 22
22301 23
22301 24
22301 26
22301 28
22301 29
22301 30
22301 31
22301 34
22301 35
22301 36
22301 37
22301 38
22301 39
22301 40
22301 41
22301 42
22301 43
22301 44
22301 45
22301 46
22301 48
22301 50
22301 51
22301 52
22301 54
22301 55
22301 56
22301 57
22301 58
22301 60
22301 61
22301 63
22301 64
22301 65
22301 66
22301 68
22301 70
22301 71
22301 73
22301 74
22301 75
22301 76
22301 77
22301 78
22301 79
22301 81
22301 82
22301 83
22301 84
22301 85
22301 86
22301 87
22301 88
22301 89
22301 90
22301 91
22301 93
22301 94
22301 95
22301 96
22301 98
22301 99
22301 100
22301 101
22301 102
22301 103
22301 104
22301 106
22301 107
22301 108
22301 112
22301 113
22301 114
22301 115
22301 116
22301 117
22301 118
22301 119
22301 120
22301 121
22301 122
22301 123
22301 124
22301 125
22301 126
22301 127
22301 128
22301 129
22301 131
22301 132
22301 135
22301 136
22301 137
22301 138
22301 139
22301 140
22301 141
22301 142
22301 143
22301 144
22301 145
22301 146
22301 147
22301 148
22301 149
22301 150
22301 151
22301 152
22301 153
22301 154
22301 155
22301 156
22301 157
22301 158
22301 159
22301 160
22301 161
22301 166
22301 167
22301 168
22301 169
22301 170
22301 171
22301 172
22301 173
22301 175
22301 176
22301 177
22301 178
22301 180
22301 181
22301 182
22301 183
22301 184
22301 185
22301 186
22301 187
22301 188
22301 189
22301 190
22301 191
22301 192
22301 193
22301 195
22301 196
22301 197
22301 200
22301 203
22301 204
22301 206
22301 208
22301 209
22301 210
22301 211
22301 212
22301 216
22301 217
22301 219
22301 220
22301 221
22301 222
22301 223
22301 224
22301 225
22301 226
22301 228
22301 229
22301 231
22301 232
22301 234
22301 235
22301 236
22301 237
22301 239
22301 240
22301 241
22301 242
22301 243
22301 244
22301 245
22301 246
22301 249
22301 250
22301 251
22301 252
22301 253
22301 254
22301 255
22301 257
22301 258
22301 259
22301 260
22301 261
22301 262
22301 264
22301 265
22301 266
22301 267
22301 268
22301 269
22301 270
22301 271
22301 272
22301 273
22301 274
22301 275
22301 276
22301 277
22301 278
22301 279
22301 282
22301 284
22301 285
22301 286
22301 287
22301 288
22301 289
22301 290
22301 291
22301 293
22301 294
22301 296
22301 299
22301 300
22301 301
22301 302
22301 304
22301 305
22301 307
22301 308
22301 309
22301 310
22301 311
22301 312
22301 313
22301 314
22301 315
22301 316
22301 317
22301 318
22301 319
22301 320
22301 321
22301 322
22301 323
22301 324
22301 325
22301 326
22301 327
22301 328
22301 329
22301 330
22301 331
22301 332
22301 334
22301 335
22301 336
22301 337
22301 338
22301 339
22301 340
22301 341
22301 342
22301 343
22301 344
22301 345
22301 347
22301 348
22301 349
22301 350
22301 354
22301 355
22301 357
22301 358
22301 359
22301 360
22301 361
22301 362
22301 363
22301 366
22301 367
22301 368
22301 369
22301 370
22301 371
22301 372
22301 373
22301 374
22301 375
22301 376
22301 378
22301 379
22301 380
22301 381
22301 382
22301 383
22301 385
22301 386
22301 388
22301 390
22301 391
22301 392
22301 393
22301 394
22301 396
22301 397
22301 398
22301 399
22301 400
22301 401
22301 403
22302 0
22302 2
22302 6
22302 7
22302 8
22302 9
22302 10
22302 11
22302 12
22302 13
22302 14
22302 16
22302 17
22302 18
22302 20
22302 21
22302 22
22302 23
22302 24
22302 25
22302 27
22302 28
22302 29
22302 30
22302 32
22302 33
22302 34
22302 37
22302 38
22302 39
22302 40
22302 41
22302 42
22302 44
22302 45
22302 46
22302 47
22302 49
22302 50
22302 51
22302 52
22302 53
22302 54
22302 55
22302 56
22302 57
22302 59
22302 62
22302 63
22302 64
22302 66
22302 67
22302 68
22302 69
22302 70
22302 71
22302 72
22302 73
22302 74
22302 75
22302 77
22302 80
22302 81
22302 83
22302 86
22302 87
22302 88
22302 89
22302 90
22304 0
22304 1
22304 3
22304 5
22304 7
22304 8
22304 9
22304 10
22304 11
22304 12
22304 13
22304 14
22304 15
22304 16
22304 17
22304 18
22304 19
22304 20
22304 22
22304 23
22304 24
22304 25
22304 27
22304 29
22304 30
22304 31
22304 32
22304 33
22304 34
22304 35
22304 36
22304 37
22304 38
22304 39
22304 40
22304 41
22304 42
22304 44
22304 46
22304 47
22304 48
22304 49
22304 51
22304 52
22304 53
22304 54
22304 57
22304 58
22304 59
22304 60
22304 61
22304 62
22304 63
22304 64
22304 65
22304 66
22304 67
22304 68
22304 69
22304 71
22304 72
22304 73
22304 74
22304 75
22304 76
22304 77
22304 78
22304 79
22304 80
22304 81
22304 82
22304 84
22304 85
22304 87
22304 88
22304 89
22304 90
22304 91
22304 92
22304 93
22304 94
22304 96
22304 98
22304 99
22304 101
22304 102
22304 103
22304 104
22304 105
22304 106
22304 107
22304 108
22304 109
22304 110
22304 112
22304 114
22304 115
22304 116
22304 117
22304 118
22304 119
22304 121
22304 122
22304 123
22304 124
22304 125
22304 126
22304 127
22304 129
22304 130
22304 131
22304 132
22304 134
22304 135
22304 136
22304 137
22304 138
22304 139
22304 140
22304 142
22304 143
22304 144
22304 145
22304 147
22304 148
22304 149
22304 150
22304 153
22304 155
22304 156
22304 157
22304 158
22304 159
22304 161
22304 162
22304 163
22304 165
22304 167
22304 168
22304 171
22304 172
22304 173
22304 174
22304 175
22304 176
22304 178
22304 181
22304 182
22304 183
22304 184
22304 188
22304 190
22304 191
22304 192
22304 193
22304 194
22304 195
22304 196
22304 197
22304 199
22304 200
22304 202
22304 203
22304 204
22304 205
22304 206
22304 207
22304 208
22304 209
22304 210
22304 211
22304 212
22304 213
22304 214
22304 215
22304 216
22304 217
22304 218
22304 219
22304 220
22304 221
22304 222
22304 223
22304 224
22304 225
22304 226
22304 227
22304 228
22304 230
22304 231
22304 233
22304 234
22304 235
22304 236
22304 237
22304 238
22304 239
22304 240
22304 241
22304 242
22304 243
22304 244
22304 245
22304 247
22304 248
22304 249
22304 250
22304 251
22304 252
22304 253
22304 254
22304 255
22304 256
22304 257
22304 259
22304 260
22304 261
22304 263
22304 264
22304 265
22304 266
22304 267
22304 268
22304 269
22304 270
22304 271
22304 272
22304 273
22304 274
22304 275
22304 277
22304 278
22304 279
22304 281
22304 283
22304 285
22304 286
22304 287
22304 289
22304 290
22304 291
22304 293
22304 294
22304 295
22304 296
22304 297
22304 298
22304 299
22304 300
22304 302
22304 303
22304 304
22304 307
22304 309
22304 310
22304 311
22304 312
22304 313
22304 315
22304 316
22304 317
22304 318
22304 319
22304 321
22304 322
22304 323
22304 324
22304 325
22304 326
22304 327
22304 328
22304 329
22304 330
22304 331
22304 332
22304 333
22304 334
22304 335
22304 336
22304 337
22304 338
22304 339
22304 341
22304 342
22304 343
22304 344
22304 345
22304 347
22304 348
22304 350
22304 352
22304 355
22304 358
22304 361
22304 363
22304 364
22304 365
22304 366
22304 367
22304 369
22304 370
22304 371
22304 372
22304 373
22304 374
22304 375
22304 376
22304 377
22304 378
22304 379
22304 381
22304 382
22304 383
22304 384
22304 385
22304 386
22304 387
22304 388
22304 389
22304 391
22304 392
22304 393
22304 395
22304 396
22304 397
22304 398
22304 399
22304 400
22304 401
22304 402
22304 404
22304 405
22304 407
22304 408
22304 409
22304 410
22304 411
22304 412
22304 413
22304 414
22304 415
22304 416
22304 417
22304 418
22304 420
22304 421
22304 422
22304 423
22304 424
22304 425
22304 426
22304 427
22304 428
22304 429
22304 430
22304 431
22304 432
22304 433
22304 434
22304 435
22304 438
22304 439
22304 441
22304 442
22304 443
22304 444
22304 445
22304 448
22304 449
22304 450
22304 451
22304 453
22304 454
22304 457
22304 458
22304 459
22304 461
22304 462
22304 463
22304 464
22304 465
22304 466
22304 467
22304 468
22304 469
22304 470
22304 472
22304 474
22304 475
22304 476
22304 477
22304 478
22304 481
22304 482
22304 483
22304 484
22304 485
22304 488
22304 490
22304 491
22304 492
22304 494
22304 496
22304 497
22304 498
22304 499
22304 500
22304 501
22304 503
22304 504
22304 505
22304 506
22304 507
22304 508
22304 509
22304 510
22304 511
22304 512
22304 513
22304 515
22304 517
22304 518
22304 519
22304 520
22304 521
22304 522
22304 523
22304 524
22304 525
22304 526
22304 527
22304 529
22304 530
22304 531
22304 532
22304 534
22304 535
22304 536
22304 537
22304 538
22304 539
22304 540
22304 541
22304 542
22304 543
22304 544
22304 545
22304 546
22304 547
22304 548
22304 549
22304 550
22304 551
22304 552
22304 553
22305 1
22305 2
22305 4
22305 5
22305 7
22305 8
22305 9
22305 12
22305 15
22305 16
22305 17
22305 18
22305 20
22305 21
22305 22
22305 23
22305 24
22305 25
22305 26
22305 27
22305 30
22305 31
22305 32
22305 35
22305 36
22305 38
22305 39
22305 40
22305 41
22305 42
22305 43
22305 44
22305 46
22305 47
22305 48
22305 53
22305 54
22305 55
22305 56
22305 57
22305 58
22305 59
22305 60
22305 61
22305 62
22305 64
22305 65
22305 66
22305 67
22305 68
22305 69
22305 70
22305 72
22305 73
22305 75
22305 78
22305 79
22306 0
22306 2
22306 3
22306 4
22306 6
22306 7
22306 11
22306 12
22306 13
22306 14
22306 15
22306 16
22306 17
22306 19
22306 21
22306 23
22306 24
22306 25
22306 26
22306 27
22306 28
22306 29
22306 30
22306 31
22306 32
22306 33
22306 34
22306 35
22306 37
22306 38
22306 39
22306 43
22306 45
22306 46
22306 47
22306 48
22306 49
22306 52
22306 54
22306 55
22306 56
22306 57
22306 58
22306 59
22306 61
22306 62
22306 63
22306 64
22306 65
22306 67
22306 68
22306 69
22306 70
22306 71
22306 72
22306 73
22306 74
22306 75
22306 76
22306 77
22306 78
22306 79
22306 81
22306 82
22306 83
22306 84
22306 85
22306 86
22306 87
22306 88
22306 89
22306 90
22306 92
22306 93
22306 94
22306 96
22306 97
22306 98
22306 101
22306 102
22306 103
22306 104
22306 105
22307 0
22307 1
22307 3
22307 5
22307 6
22307 7
22307 8
22307 9
22307 10
22307 11
22307 12
22307 13
22307 14
22307 15
22307 17
22307 20
22307 21
22308 0
22308 1
22308 2
22308 3
22308 5
22308 6
22308 7
22308 8
22308 9
22308 10
22308 11
22308 12
22308 15
22308 16
22308 17
22308 18
22308 19
22308 20
22308 21
22308 22
22308 23
22308 24
22308 25
22308 26
22308 45
22308 46
22308 47
22308 48
22308 49
22308 50
22308 51
22308 52
22308 53
22308 54
22308 55
22308 56
22308 57
22308 58
22308 59
22308 60
22308 61
22308 63
22308 64
22308 65
22308 66
22308 67
22308 68
22308 70
22308 71
22308 74
22308 76
22308 77
22308 78
22308 80
22308 81
22308 82
22308 83
22308 85
22308 86
22308 87
22308 88
22308 89
22308 90
22308 91
22308 92
22308 93
22308 94
22308 95
22308 96
22308 98
22308 99
22308 100
22308 101
22308 102
22308 103
22308 104
22308 105
22308 106
22308 107
22308 108
22308 109
22308 110
22308 111
22308 112
22308 113
22308 114
22308 116
22308 117
22308 118
22308 119
22308 120
22308 121
22308 122
22308 123
22308 124
22308 125
22308 126
22308 127
22308 128
22308 129
22308 131
22308 132
22308 133
22308 134
22308 137
22308 138
22308 139
22308 140
22308 141
22308 142
22308 143
22308 144
22308 145
22308 146
22308 148
22308 149
22308 150
22308 151
22308 152
22308 154
22308 155
22308 156
22308 157
22308 158
22308 160
22308 161
22308 162
22308 165
22308 166
22308 167
22308 168
22308 169
22308 170
22308 172
22308 173
22308 175
22308 177
22308 230
22308 231
22308 232
22308 233
22308 234
22308 235
22308 236
22308 237
22308 238
22308 239
22308 241
22308 242
22308 243
22308 244
22308 245
22308 246
22308 247
22308 248
22308 249
22308 250
22308 252
22308 253
22308 255
22308 256
22308 257
22308 258
22308 259
22308 261
22308 262
22308 263
22308 264
22308 266
22308 268
22308 269
22308 270
22308 271
22308 272
22308 273
22308 274
22308 275
22308 276
22308 277
22308 279
22308 281
22308 282
22308 283
22308 284
22308 285
22308 286
22308 287
22308 288
22308 289
22308 290
22308 291
22308 292
22308 293
22308 296
22308 297
22308 298
22308 299
22308 301
22308 302
22308 311
22308 312
22308 313
22308 314
22308 315
22308 317
22308 318
22308 324
22308 325
22308 326
22308 327
22308 328
22308 330
22308 331
22308 332
22308 333
22308 334
22308 336
22308 337
22308 338
22308 339
22308 340
22308 341
22308 342
22308 343
22308 344
22308 345
22308 346
22308 347
22308 348
22308 349
22308 350
22308 351
22308 352
22308 353
22308 354
22308 355
22308 356
22308 357
22308 358
22308 359
22308 360
22308 361
22308 362
22308 363
22308 364
22308 365
22308 366
22308 368
22308 369
22308 370
22308 371
22308 372
22308 374
22308 375
22308 376
22308 378
22308 379
22308 380
22308 381
22308 382
22308 383
22308 384
22308 385
22308 386
22308 388
22308 389
22308 390
22308 392
22308 394
22310 0
22310 1
22310 2
22310 3
22310 4
22310 5
22310 6
22310 7
22310 8
22310 9
22310 10
22310 11
22310 12
22310 13
22310 14
22310 15
22310 16
22310 17
22310 18
22310 19
22310 20
22310 23
22310 24
22310 25
22310 26
22310 27
22310 28
22310 29
22310 31
22310 32
22310 33
22310 34
22310 35
22310 36
22310 37
22310 38
22312 0
22312 1
22312 2
22312 3
22312 4
22312 5
22312 6
22312 7
22312 8
22312 10
22312 11
22312 12
22312 13
22312 14
22312 16
22312 18
22312 19
22312 20
22312 21
22312 23
22312 25
22312 26
22312 27
22312 28
22312 29
22312 30
22312 31
22312 32
22312 34
22312 35
22312 37
22312 38
22312 39
22312 40
22312 41
22312 42
22312 43
22312 44
22312 45
22312 46
22312 48
22312 49
22312 50
22312 51
22312 53
22312 54
22312 55
22312 56
22312 57
22312 58
22312 59
22312 63
22312 65
22312 66
22312 67
22312 68
22312 69
22312 71
22312 72
22312 73
22312 74
22312 75
22312 77
22312 78
22312 80
22312 82
22312 83
22312 85
22312 86
22312 87
22312 88
22312 90
22312 91
22312 92
22312 93
22312 96
22312 97
22312 99
22312 100
22312 102
22312 103
22312 104
22312 105
22312 108
22312 109
22312 110
22312 111
22312 112
22312 114
22312 115
22312 117
22312 118
22312 119
22312 120
22312 121
22312 122
22312 123
22312 124
22312 126
22312 127
22312 128
22312 130
22312 132
22312 133
22312 134
22312 138
22312 139
22312 140
22312 144
22312 145
22312 146
22312 147
22312 148
22312 149
22312 150
22312 151
22312 152
22312 153
22312 154
22312 155
22312 156
22312 159
22312 160
22312 162
22312 163
22312 164
22312 165
22312 166
22312 167
22312 168
22312 169
22312 171
22312 172
22312 173
22312 174
22312 177
22312 178
22312 179
22312 180
22312 181
22312 185
22312 187
22312 188
22312 189
22312 190
22312 191
22312 192
22312 193
22312 194
22312 195
22312 197
22312 199
22312 200
22312 201
22312 203
22312 204
22312 206
22312 207
22312 208
22312 209
22312 210
22312 211
22312 212
22312 213
22312 215
22312 216
22312 217
22312 218
22312 220
22312 221
22312 222
22312 223
22312 224
22312 225
22312 226
22312 227
22312 228
22312 230
22312 231
22312 233
22312 234
22312 235
22312 237
22312 238
22312 239
22312 240
22312 242
22312 243
22312 245
22312 246
22312 248
22312 249
22312 251
22313 0
22313 1
22313 3
22313 4
22313 5
22313 9
22313 10
22313 11
22313 12
22313 13
22313 14
22313 15
22313 16
22313 17
22313 18
22313 20
22313 22
22313 23
22313 24
22313 25
22313 26
22313 27
22313 29
22313 30
22313 32
22313 33
22313 35
22313 36
22313 37
22313 38
22313 40
22313 41
22313 42
22313 43
22313 44
22313 45
22313 46
22313 47
22313 50
22313 51
22313 52
22313 54
22313 55
22313 56
22313 58
22313 59
22313 60
22313 61
22313 62
22313 64
22313 65
22313 66
22313 67
22313 69
22313 71
22313 72
22313 73
22313 74
22313 76
22313 77
22313 78
22313 79
22313 80
22313 81
22313 83
22313 84
22313 85
22313 86
22313 88
22313 89
22313 91
22313 92
22313 93
22313 94
22313 95
22313 97
22313 98
22313 99
22313 100
22313 101
22313 103
22313 104
22313 105
22313 106
22313 107
22313 108
22313 109
22313 110
22313 111
22313 113
22313 114
22313 115
22313 116
22313 118
22313 119
22313 120
22313 121
22313 122
22313 123
22313 124
22313 125
22313 127
22313 128
22313 129
22313 130
22313 131
22313 132
22313 133
22313 134
22313 135
22313 137
22313 138
22313 140
22313 141
22313 142
22313 143
22313 144
22313 145
22313 146
22313 147
22313 148
22313 149
22313 150
22313 151
22313 152
22313 153
22313 154
22313 155
22313 156
22313 157
22313 158
22313 159
22313 161
22313 162
22313 163
22313 164
22313 165
22313 166
22313 169
22313 170
22313 171
22313 172
22313 173
22313 174
22313 175
22313 176
22313 177
22313 178
22313 179
22313 180
22313 181
22313 182
22313 183
22313 185
22313 186
22313 187
22313 189
22313 191
22313 192
22313 193
22313 194
22313 195
22313 196
22313 197
22313 199
22313 200
22313 201
22313 202
22313 203
22313 204
22313 205
22313 207
22313 208
22313 210
22313 211
22313 212
22313 213
22313 214
22313 215
22313 216
22313 217
22313 219
22313 220
22313 221
22313 224
22313 225
22313 226
22313 227
22313 228
22313 229
22313 231
22313 232
22313 233
22313 234
22313 235
22313 236
22313 238
22313 240
22313 241
22313 242
22313 243
22313 244
22313 246
22313 247
22313 248
22313 250
22313 251
22313 252
22313 253
22313 255
22313 256
22313 257
22313 258
22313 259
22313 260
22313 261
22313 263
22313 264
22313 266
22313 267
22313 268
22313 269
22313 270
22313 272
22313 273
22313 274
22313 276
22313 277
22313 278
22313 279
22313 281
22313 282
22313 283
22313 284
22313 285
22313 286
22313 287
22313 289
22313 290
22313 291
22313 293
22313 294
22313 295
22313 296
22313 297
22313 298
22313 299
22313 300
22313 301
22313 302
22313 303
22313 304
22313 306
22313 307
22313 308
22313 309
22313 310
22313 311
22313 312
22313 315
22313 316
22313 317
22313 318
22313 319
22313 320
22313 321
22313 322
22313 323
22313 324
22313 325
22313 326
22313 327
22313 328
22313 329
22313 332
22313 333
22313 334
22313 335
22313 336
22313 337
22313 338
22313 339
22313 340
22313 341
22313 342
22313 343
22313 344
22313 345
22313 346
22313 348
22313 349
22313 350
22313 351
22313 352
22313 353
22313 354
22313 355
22313 356
22313 357
22313 359
22313 360
22313 361
22313 362
22313 363
22313 364
22313 365
22313 366
22313 367
22313 368
22313 369
22313 370
22313 371
22313 372
22313 373
22313 375
22313 376
22313 379
22313 381
22313 382
22313 383
22313 384
22313 385
22313 386
22313 387
22313 388
22313 390
22313 391
22313 392
22313 393
22313 394
22313 395
22313 397
22313 398
22313 399
22313 400
22313 401
22313 402
22313 404
22313 405
22313 406
22313 407
22313 408
22313 409
22313 411
22313 413
22313 414
22313 415
22313 417
22313 418
22313 420
22313 421
22313 422
22313 423
22313 424
22313 425
22313 426
22313 427
22313 428
22313 429
22313 430
22313 431
22313 432
22313 433
22313 434
22313 435
22313 436
22313 439
22313 440
22313 441
22313 442
22313 443
22313 445
22313 446
22313 447
22313 448
22313 449
22313 450
22313 451
22313 452
22313 453
22313 455
22313 457
22313 458
22313 460
22313 462
22313 463
22313 464
22313 465
22313 466
22313 467
22313 468
22313 469
22313 471
22313 472
22313 474
22313 475
22313 476
22313 477
22313 478
22313 479
22313 480
22313 483
22313 485
22313 488
22313 490
22313 491
22313 493
22313 494
22313 495
22313 496
22313 497
22313 498
22313 499
22313 503
22313 504
22313 505
22313 507
22313 508
22313 509
22313 510
22313 511
22313 512
22313 513
22313 514
22313 516
22313 517
22313 518
22313 519
22313 520
22313 521
22313 522
22313 523
22313 525
22313 526
22313 527
22313 529
22313 530
22313 531
22313 532
22313 533
22313 534
22313 535
22313 536
22313 538
22313 539
22313 541
22313 542
22313 543
22313 544
22313 545
22313 546
22313 547
22313 548
22313 549
22313 550
22313 551
22313 553
22313 554
22313 555
22313 556
22313 557
22313 558
22314 0
22314 2
22314 3
22314 4
22314 11
22314 13
22314 14
22314 15
22314 16
22314 17
22314 18
22314 19
22314 22
22314 23
22314 24
22314 25
22314 26
22314 27
22314 28
22314 30
22314 31
22314 34
22314 35
22314 36
22314 37
22314 39
22314 41
22314 42
22314 43
22314 44
22314 46
22314 47
22314 48
22314 49
22314 50
22314 52
22314 53
22314 54
22314 55
22314 56
22314 57
22314 58
22314 60
22314 61
22314 62
22314 64
22314 65
22314 66
22314 68
22314 69
22314 70
22314 71
22314 72
22314 73
22314 74
22314 75
22314 76
22314 77
22314 78
22314 79
22314 80
22314 81
22314 82
22314 85
22314 87
22314 88
22314 89
22314 90
22314 91
22314 92
22314 93
22314 94
22314 95
22314 96
22314 97
22314 99
22314 101
22314 102
22314 103
22314 104
22314 105
22314 107
22314 108
22314 109
22314 110
22314 111
22314 112
22314 113
22314 114
22314 115
22314 116
22314 117
22314 118
22314 119
22314 120
22314 121
22314 123
22314 124
22314 126
22314 127
22314 128
22314 129
22314 130
22314 131
22314 132
22314 133
22314 134
22314 135
22314 136
22314 137
22314 138
22314 139
22314 140
22315 0
22315 2
22315 3
22315 5
22315 6
22315 8
22315 9
22315 11
22315 12
22315 13
22315 14
22315 16
22315 17
22315 18
22315 19
22315 20
22315 21
22315 23
22315 25
22315 26
22315 28
22315 29
22315 30
22315 31
22315 32
22315 33
22315 35
22315 37
22315 39
22315 41
22315 42
22315 43
22315 44
22315 45
22315 47
22315 48
22315 49
22315 52
22315 53
22315 54
22315 55
22315 56
22315 57
22315 59
22315 60
22315 61
22315 62
22315 63
22315 64
22315 65
22315 66
22315 67
22315 68
22315 69
22315 70
22315 71
22315 72
22315 73
22315 75
22315 76
22315 77
22315 78
22315 79
22315 80
22315 81
22315 82
22315 83
22315 84
22315 85
22315 86
22315 87
22315 88
22315 89
22315 90
22315 91
22315 93
22315 95
22315 96
22315 97
22315 98
22315 99
22315 100
22315 101
22315 102
22315 103
22315 104
22315 105
22315 106
22315 107
22315 108
22315 109
22315 110
22315 111
22315 112
22315 113
22315 114
22315 115
22315 116
22315 117
22315 118
22315 119
22315 121
22315 123
22315 124
22315 125
22315 126
22315 128
22315 129
22315 130
22315 131
22315 133
22315 134
22315 136
22315 137
22315 138
22315 139
22315 140
22315 141
22315 142
22315 143
22315 144
22315 145
22315 146
22315 147
22315 148
22315 149
22315 151
22315 153
22315 154
22315 155
22315 157
22315 161
22315 162
22315 163
22315 164
22315 165
22315 166
22315 167
22315 168
22315 169
22315 170
22315 171
22315 172
22315 174
22315 175
22315 176
22315 177
22315 178
22315 179
22315 182
22315 183
22315 184
22315 185
22315 186
22315 188
22315 189
22315 190
22315 192
22315 193
22315 194
22315 195
22315 196
22315 197
22315 198
22315 199
22315 201
22315 202
22315 203
22315 205
22315 206
22315 208
22315 210
22315 211
22315 212
22315 213
22315 214
22315 215
22315 216
22315 217
22315 218
22315 219
22315 220
22315 221
22315 222
22315 223
22315 224
22315 226
22315 227
22315 229
22316 0
22316 1
22316 2
22316 5
22316 6
22316 7
22316 8
22316 9
22316 10
22316 12
22316 13
22316 14
22316 15
22316 17
22316 18
22316 19
22316 21
22316 22
22316 23
22316 24
22316 25
22316 27
22316 28
22316 29
22316 30
22316 32
22316 33
22316 34
22316 35
22316 36
22316 37
22316 38
22316 39
22316 40
22316 41
22316 42
22316 43
22316 44
22316 45
22316 46
22316 47
22316 50
22316 51
22316 52
22316 53
22316 54
22316 55
22316 56
22316 57
22316 58
22316 59
22316 60
22316 61
22316 62
22316 63
22316 64
22316 65
22316 66
22316 67
22316 68
22316 70
22316 71
22316 72
22316 73
22316 74
22316 75
22316 76
22316 77
22316 78
22316 79
22316 80
22316 81
22316 82
22316 83
22316 84
22316 86
22316 89
22316 90
22316 91
22316 92
22316 95
22316 96
22316 98
22316 99
22316 101
22316 103
22316 104
22316 105
22316 106
22316 107
22316 108
22316 109
22316 111
22316 112
22316 114
22316 115
22316 116
22316 118
22316 121
22316 122
22316 124
22316 129
22316 130
22316 131
22316 132
22316 133
22316 134
22316 135
22316 136
22316 137
22316 138
22316 139
22316 140
22316 141
22316 142
22316 143
22316 144
22316 147
22316 149
22316 150
22316 152
22316 153
22316 154
22316 156
22316 158
22316 159
22316 160
22316 162
22316 163
22316 165
22316 166
22316 167
22316 168
22316 169
22316 170
22316 171
22316 172
22316 173
22316 174
22316 175
22316 176
22316 177
22316 178
22316 179
22316 180
22316 182
22316 183
22316 184
22316 185
22316 186
22316 187
22316 188
22316 189
22316 191
22316 193
22316 194
22316 195
22316 197
22316 198
22316 199
22316 200
22316 201
22316 203
22316 204
22316 206
22316 207
22316 209
22316 210
22316 213
22316 214
22316 215
22316 216
22316 217
22316 218
22316 219
22316 220
22316 221
22316 224
22316 226
22316 229
22316 230
22316 231
22316 232
22316 234
22316 235
22316 236
22316 237
22316 238
22316 239
22316 240
22316 241
22316 242
22316 243
22316 244
22316 246
22316 247
22316 248
22316 249
22316 250
22316 252
22316 253
22316 254
22316 256
22316 257
22316 258
22316 259
22316 260
22316 261
22316 262
22316 263
22316 264
22316 265
22316 267
22316 268
22316 271
22316 272
22316 273
22316 274
22316 275
22316 276
22316 277
22316 278
22316 279
22316 280
22316 281
22316 282
22316 283
22316 284
22316 285
22316 286
22316 289
22316 290
22316 291
22316 292
22316 293
22316 294
22316 295
22316 296
22316 298
22316 299
22316 300
22316 301
22316 303
22316 305
22316 306
22316 307
22316 308
22316 310
22316 312
22316 313
22317 0
22317 1
22317 2
22317 3
22317 4
22317 5
22317 6
22317 7
22317 8
22317 10
22317 11
22317 12
22317 14
22317 16
22317 17
22318 0
22318 1
22318 2
22318 3
22318 4
22318 5
22318 6
22318 7
22318 8
22318 9
22318 10
22318 11
22318 12
22318 13
22318 14
22318 15
22318 18
22318 19
22318 20
22318 21
22318 22
22318 23
22318 24
22318 25
22318 26
22318 28
22318 29
22318 30
22318 31
22318 32
22318 33
22318 34
22318 35
22318 36
22318 37
22318 38
22318 39
22318 40
22318 41
22318 42
22318 43
22318 46
22318 47
22318 48
22318 49
22318 50
22318 51
22318 53
22318 54
22318 55
22318 56
22318 57
22318 58
22318 59
22318 62
22318 63
22318 64
22318 65
22318 66
22318 67
22318 69
22318 70
22318 71
22318 72
22318 73
22318 74
22318 75
22318 76
22318 77
22318 78
22318 79
22318 80
22318 81
22318 82
22318 83
22318 85
22318 86
22318 87
22318 88
22318 89
22319 0
22319 1
22319 2
22319 3
22319 4
22319 6
22319 7
22319 9
22319 10
22319 11
22319 12
22319 13
22319 14
22319 16
22319 17
22319 18
22319 19
22319 20
22319 22
22319 23
22319 24
22319 25
22319 26
22319 27
22319 28
22319 30
22319 31
22319 32
22319 33
22319 34
22319 35
22319 37
22319 38
22319 39
22319 40
22319 41
22319 42
22319 43
22319 44
22319 45
22319 46
22319 47
22319 49
22319 50
22319 51
22319 52
22319 53
22319 54
22319 55
22319 56
22319 57
22319 58
22319 59
22319 60
22319 62
22319 65
22319 66
22319 67
22319 68
22319 69
22319 70
22320 0
22320 2
22320 3
22320 4
22320 5
22320 7
22320 8
22320 9
22320 10
22320 11
22320 12
22320 13
22320 14
22320 15
22320 16
22320 17
22320 18
22320 20
22320 21
22320 22
22320 23
22320 24
22320 25
22320 26
22320 27
22320 30
22321 0
22321 1
22321 2
22321 3
22321 4
22321 5
22321 6
22321 8
22321 9
22321 10
22321 11
22321 12
22321 13
22321 14
22321 16
22321 18
22321 19
22321 20
22321 23
22321 24
22321 26
22321 29
22321 30
22321 31
22321 32
22321 33
22321 34
22321 35
22321 36
22321 37
22321 39
22321 40
22321 43
22321 44
22321 45
22321 46
22321 47
22321 63
22321 65
22321 66
22321 68
22321 70
22321 71
22321 72
22321 73
22321 74
22321 75
22321 76
22321 77
22321 78
22321 79
22321 80
22321 81
22321 82
22321 83
22321 84
22321 85
22321 86
22321 87
22321 88
22321 89
22321 91
22321 93
22321 94
22321 106
22321 108
22321 109
22321 110
22321 111
22321 112
22321 113
22321 114
22321 116
22321 117
22321 118
22321 119
22321 120
22321 121
22321 122
22321 123
22321 125
22321 127
22321 129
22321 130
22321 131
22321 132
22321 133
22321 135
22321 136
22321 137
22321 138
22321 139
22321 140
22321 141
22321 142
22321 143
22321 144
22321 145
22321 147
22321 148
22321 149
22321 150
22321 151
22321 153
22321 154
22321 155
22321 156
22321 158
22321 159
22321 160
22321 161
22321 163
22321 164
22321 165
22321 166
22321 167
22321 168
22321 169
22321 170
22321 173
22321 174
22321 175
22321 176
22321 177
22321 178
22321 179
22321 180
22321 181
22321 183
22321 184
22321 185
22321 187
22321 189
22321 190
22321 191
22321 192
22321 193
22321 194
22321 196
22321 197
22321 198
22321 199
22321 201
22321 203
22321 204
22321 205
22321 206
22321 207
22321 208
22321 209
22321 210
22321 211
22321 212
22321 214
22321 216
22321 217
22321 218
22321 219
22321 220
22321 221
22321 222
22321 223
22321 224
22321 225
22321 226
22321 227
22321 229
22321 230
22321 231
22321 233
22321 235
22321 237
22321 238
22321 239
22321 240
22321 241
22321 242
22321 243
22321 245
22321 246
22321 247
22321 248
22321 249
22321 250
22321 252
22321 254
22321 255
22321 256
22321 258
22321 259
22321 260
22321 261
22321 263
22321 264
22321 265
22321 266
22321 267
22321 268
22321 269
22321 271
22321 272
22321 274
22321 275
22321 276
22321 277
22321 278
22321 279
22321 280
22321 281
22321 282
22321 283
22321 285
22321 286
22321 287
22321 289
22321 290
22321 291
22321 292
22321 293
22321 294
22321 295
22321 296
22321 297
22321 298
22321 299
22321 300
22321 301
22321 302
22321 303
22321 305
22321 306
22321 307
22321 310
22321 311
22321 312
22321 313
22321 316
22321 317
22321 318
22321 319
22321 320
22321 325
22321 326
22321 327
22321 328
22321 329
22321 330
22321 331
22321 332
22321 333
22321 334
22321 335
22321 336
22321 337
22321 344
22321 345
22321 346
22321 347
22321 348
22321 350
22321 352
22321 353
22321 354
22321 355
22321 356
22321 358
22321 359
22321 360
22321 363
22321 364
22321 365
22321 366
22321 367
22321 369
22321 370
22321 371
22321 372
22321 373
22321 374
22321 375
22321 377
22321 378
22321 379
22321 380
22321 381
22321 383
22321 385
22321 386
22321 387
22321 390
22321 391
22321 394
22321 395
22321 396
22321 397
22321 398
22321 400
22321 401
22321 402
22321 403
22321 404
22321 405
22321 406
22321 407
22321 408
22321 409
22321 410
22321 411
22321 412
22321 413
22321 414
22321 415
22321 416
22321 417
22321 420
22321 421
22321 422
22321 423
22321 424
22321 426
22321 431
22321 432
22321 433
22321 436
22321 438
22321 439
22321 441
22321 442
22321 444
22321 445
22321 446
22321 447
22321 448
22321 449
22321 450
22321 451
22321 452
22321 453
22321 454
22321 455
22321 456
22321 457
22321 458
22321 459
22321 460
22321 462
22321 463
22321 464
22321 466
22321 469
22321 470
22321 472
22321 474
22321 475
22321 476
22321 477
22321 478
22321 480
22321 481
22321 482
22321 483
22321 484
22321 487
22321 488
22321 490
22321 491
22321 492
22321 493
22321 494
22321 495
22321 496
22321 497
22321 499
22321 500
22321 501
22321 502
22321 503
22321 504
22321 505
22321 506
22321 510
22321 511
22321 512
22321 514
22321 515
22321 516
22321 517
22321 518
22321 519
22321 520
22321 521
22321 522
22321 523
22321 524
22321 525
22321 526
22321 528
22321 530
22321 531
22321 532
22321 534
22321 535
22321 536
22321 537
22321 539
22321 540
22321 541
22321 542
22321 544
22322 0
22322 2
22322 3
22322 4
22322 5
22322 6
22322 8
22322 9
22322 10
22322 11
22322 12
22322 13
22322 14
22322 15
22322 16
22322 17
22322 18
22322 19
22322 20
22322 21
22322 22
22322 25
22322 26
22322 27
22322 28
22322 29
22322 30
22322 31
22322 33
22322 34
22322 35
22322 36
22322 37
22322 38
22322 39
22322 49
22322 50
22322 51
22322 52
22322 53
22322 54
22322 55
22322 56
22322 57
22322 58
22322 59
22322 60
22322 61
22322 62
22322 63
22322 64
22322 65
22322 66
22322 67
22322 68
22322 69
22322 70
22322 72
22322 74
22322 75
22322 76
22322 77
22322 78
22322 79
22322 80
22322 81
22322 82
22322 83
22322 84
22322 85
22322 86
22322 87
22322 88
22322 89
22322 90
22322 91
22322 92
22322 94
22322 95
22322 97
22322 98
22322 99
22322 101
22322 102
22322 103
22322 104
22322 105
22322 106
22322 108
22322 109
22322 110
22322 111
22322 112
22322 113
22322 114
22322 115
22322 116
22322 117
22322 118
22322 119
22322 120
22322 121
22322 122
22322 123
22322 124
22322 125
22322 126
22322 127
22322 129
22322 130
22322 131
22322 132
22322 134
22322 135
22322 137
22322 138
22322 139
22322 140
22322 141
22322 142
22322 143
22322 144
22322 145
22322 146
22322 147
22322 148
22322 150
22322 151
22322 153
22322 154
22322 156
22322 157
22322 158
22322 159
22322 160
22322 161
22322 162
22322 163
22322 164
22322 165
22322 166
22322 167
22322 168
22322 169
22322 170
22322 171
22322 174
22322 176
22322 177
22322 178
22322 179
22322 180
22322 181
22322 182
22322 185
22322 186
22322 187
22322 188
22322 190
22322 191
22322 193
22322 194
22322 195
22322 197
22322 198
22322 199
22322 200
22322 201
22322 202
22322 203
22322 204
22322 205
22322 206
22322 207
22322 208
22322 209
22322 210
22322 211
22322 212
22322 213
22322 214
22322 216
22322 217
22322 218
22322 219
22322 220
22322 221
22322 222
22322 224
22322 225
22322 226
22322 227
22322 232
22322 233
22322 235
22322 236
22322 238
22322 239
22322 240
22322 241
22322 242
22322 243
22322 244
22322 245
22322 247
22322 249
22322 251
22322 253
22322 254
22322 255
22322 256
22322 257
22322 258
22322 259
22322 260
22322 261
22322 262
22322 264
22322 265
22322 266
22322 267
22322 269
22322 271
22322 272
22322 274
22322 275
22322 277
22322 279
22322 280
22322 281
22322 282
22322 283
22322 284
22322 285
22322 287
22322 288
22322 289
22322 290
22322 291
22322 292
22322 293
22322 294
22322 295
22322 296
22322 297
22322 298
22322 299
22322 300
22322 301
22322 302
22322 304
22322 306
22322 307
22322 308
22322 309
22322 311
22322 312
22322 313
22322 314
22322 315
22322 316
22322 320
22322 321
22322 323
22322 324
22322 327
22322 328
22322 329
22322 330
22322 331
22322 332
22322 333
22322 335
22322 336
22322 337
22322 339
22322 340
22322 342
22322 343
22322 344
22322 345
22322 346
22322 347
22322 348
22322 349
22322 350
22322 351
22322 352
22322 353
22322 354
22322 355
22322 357
22322 358
22322 359
22322 360
22322 361
22322 362
22322 363
22322 364
22322 365
22322 366
22322 368
22322 369
22322 370
22322 371
22322 372
22322 373
22322 374
22322 375
22322 376
22322 377
22322 378
22322 379
22322 380
22322 381
22322 382
22322 384
22322 386
22322 387
22322 388
22322 389
22322 390
22322 392
22322 393
22322 394
22322 395
22322 396
22322 398
22322 399
22322 400
22322 403
22322 405
22322 406
22322 407
22322 408
22322 409
22322 410
22322 411
22322 412
22322 414
22322 415
22322 416
22322 417
22322 418
22322 419
22322 420
22322 421
22322 422
22322 424
22322 426
22322 427
22322 429
22322 430
22322 431
22322 432
22322 433
22322 434
22322 435
22322 437
22322 438
22322 439
22322 440
22322 441
22322 443
22322 444
22322 445
22322 446
22322 447
22322 448
22322 449
22322 450
22322 452
22322 453
22322 455
22322 457
22322 459
22322 460
22322 461
22322 462
22322 463
22322 465
22322 466
22322 467
22322 468
22322 469
22322 470
22322 472
22322 473
22322 474
22322 475
22322 476
22322 478
22322 479
22322 480
22322 482
22322 483
22322 485
22322 486
22322 488
22322 489
22322 490
22322 491
22322 492
22322 493
22322 494
22322 495
22322 496
22322 497
22322 498
22322 499
22322 500
22322 502
22322 503
22322 504
22322 505
22322 506
22322 507
22322 508
22322 509
22322 510
22322 511
22322 512
22322 513
22322 514
22322 515
22322 516
22322 517
22322 519
22322 520
22322 521
22322 522
22322 523
22322 524
22322 525
22322 526
22322 530
22322 531
22322 533
22322 534
22322 535
22322 536
22322 537
22322 538
22322 539
22322 540
22322 541
22322 542
22322 543
22323 0
22323 2
22323 3
22323 5
22323 6
22323 7
22323 9
22323 10
22323 11
22323 13
22323 14
22323 15
22323 16
22323 17
22323 18
22323 19
22323 20
22323 21
22323 22
22323 23
22325 22
22325 23
22325 25
22325 26
22325 27
22325 28
22326 0
22326 2
22326 3
22326 5
22326 6
22326 7
22326 8
22326 9
22326 10
22326 11
22326 12
22326 13
22326 14
22326 16
22326 17
22326 18
22326 19
22326 21
22326 22
22326 24
22326 25
22326 26
22327 0
22327 1
22327 2
22327 3
22327 4
22327 5
22327 6
22327 8
22327 9
22327 10
22327 11
22327 13
22327 14
22327 15
22327 16
22327 17
22327 18
22327 19
22327 20
22327 21
22327 22
22327 23
22327 24
22327 25
22327 26
22327 28
22327 29
22327 30
22327 31
22327 32
22327 33
22327 34
22327 35
22327 36
22327 38
22327 39
22327 41
22327 42
22327 43
22327 45
22327 47
22327 48
22327 49
22327 51
22327 52
22327 53
22327 54
22327 56
22327 57
22327 58
22327 59
22327 60
22327 61
22329 0
22329 1
22329 3
22329 4
22329 5
22329 6
22329 8
22329 9
22329 10
22329 11
22329 12
22329 13
22329 14
22329 17
22329 18
22329 19
22329 20
22329 21
22329 22
22329 23
22329 24
22329 25
22329 26
22329 27
22329 28
22329 29
22329 30
22329 31
22329 32
22329 33
22329 35
22329 36
22329 37
22329 38
22329 39
22329 40
22329 41
22329 42
22329 44
22329 45
22329 46
22329 47
22329 48
22329 49
22329 50
22329 51
22329 52
22329 53
22329 56
22329 58
22329 59
22329 60
22329 61
22329 62
22329 63
22329 65
22329 66
22329 67
22329 68
22329 69
22329 70
22329 72
22329 73
22329 74
22329 75
22329 77
22329 78
22329 80
22329 81
22329 82
22329 83
22329 84
22329 86
22329 87
22329 88
22329 89
22329 90
22329 91
22329 92
22329 94
22329 95
22329 96
22329 97
22329 100
22329 101
22329 102
22329 103
22329 104
22329 105
22329 107
22329 108
22329 109
22329 110
22329 111
22329 112
22329 114
22329 115
22329 117
22329 118
22329 119
22329 120
22329 121
22329 122
22329 123
22329 124
22329 125
22329 126
22329 127
22329 128
22329 130
22329 132
22329 133
22329 134
22329 136
22329 137
22329 138
22329 139
22329 140
22329 141
22329 142
22329 144
22329 145
22329 146
22329 147
22329 148
22329 149
22329 150
22329 151
22329 153
22329 154
22329 155
22329 157
22329 160
22329 161
22329 162
22329 164
22329 165
22329 166
22329 167
22329 168
22329 170
22329 171
22329 172
22329 173
22329 174
22329 177
22329 178
22329 179
22329 180
22329 181
22329 182
22329 183
22329 184
22329 185
22329 186
22329 187
22329 188
22329 189
22329 190
22329 191
22329 192
22329 193
22329 194
22329 195
22329 196
22329 197
22329 198
22329 200
22329 201
22329 204
22329 205
22329 206
22329 208
22329 209
22329 210
22329 211
22329 212
22329 217
22329 218
22329 219
22329 220
22329 222
22329 223
22329 224
22329 225
22329 226
22329 228
22329 229
22329 233
22329 234
22329 235
22329 236
22329 237
22329 238
22329 239
22329 240
22329 241
22329 242
22329 243
22329 245
22329 246
22329 247
22329 249
22329 250
22329 251
22329 252
22329 253
22329 255
22329 256
22329 257
22329 258
22329 259
22329 262
22329 263
22329 264
22329 265
22329 266
22329 267
22329 268
22329 269
22329 270
22329 271
22329 272
22329 273
22329 276
22329 277
22329 279
22329 280
22329 283
22329 284
22329 286
22329 287
22329 288
22329 290
22329 291
22329 293
22329 294
22329 298
22329 299
22329 301
22329 302
22329 303
22329 304
22329 305
22329 306
22329 308
22329 310
22329 311
22329 312
22329 313
22329 314
22329 315
22329 316
22329 317
22329 318
22329 319
22329 320
22329 321
22329 322
22329 323
22329 324
22329 325
22329 326
22329 327
22329 328
22329 329
22329 330
22329 331
22329 332
22329 333
22329 335
22329 336
22329 337
22329 338
22329 339
22329 340
22329 341
22329 344
22329 345
22329 346
22329 348
22329 350
22329 351
22329 352
22329 356
22329 357
22329 359
22329 360
22329 361
22329 362
22329 363
22329 364
22329 365
22329 366
22329 367
22329 368
22329 369
22329 370
22329 371
22329 372
22329 373
22329 374
22329 375
22329 376
22329 377
22329 378
22329 379
22329 380
22329 381
22329 382
22329 383
22329 384
22329 385
22329 387
22329 388
22329 389
22329 390
22329 391
22329 392
22329 394
22329 395
22329 396
22329 397
22329 398
22329 400
22329 401
22329 402
22329 404
22329 405
22329 406
22329 407
22329 408
22329 409
22329 410
22329 411
22329 412
22329 413
22329 416
22329 420
22329 422
22329 423
22329 424
22329 426
22329 427
22329 428
22329 430
22329 431
22329 432
22329 433
22329 434
22329 436
22329 437
22329 438
22329 439
22329 440
22329 441
22329 442
22329 443
22329 444
22329 446
22329 447
22329 449
22329 450
22329 452
22329 453
22329 454
22329 455
22329 456
22329 458
22329 459
22329 460
22329 461
22329 462
22329 467
22329 468
22329 470
22329 471
22329 474
22329 475
22329 477
22329 478
22329 479
22329 480
22329 481
22329 482
22329 483
22329 486
22329 487
22329 489
22329 490
22329 492
22329 493
22329 494
22329 495
22329 496
22329 497
22329 498
22329 499
22329 500
22329 502
22329 503
22329 504
22329 505
22329 506
22329 507
22329 508
22329 510
22329 511
22329 512
22329 513
22329 516
22329 517
22329 519
22329 520
22329 522
22329 523
22329 527
22329 528
22329 529
22329 530
22329 531
22329 532
22329 533
22329 534
22329 535
22329 536
22330 0
22330 1
22330 3
22330 4
22330 5
22330 6
22330 10
22330 11
22330 12
22330 13
22330 14
22330 15
22330 16
22330 17
22330 19
22330 21
22330 25
22330 26
22330 28
22330 29
22330 30
22330 34
22330 35
22330 36
22330 37
22330 38
22330 39
22330 41
22330 42
22330 44
22330 46
22330 47
22330 48
22330 49
22330 50
22330 51
22330 53
22330 54
22330 56
22330 57
22330 58
22330 59
22330 60
22330 61
22330 62
22330 63
22330 64
22330 66
22330 67
22330 68
22330 70
22330 71
22330 72
22330 73
22330 74
22330 76
22330 77
22330 78
22330 79
22330 80
22330 81
22330 84
22330 86
22330 87
22330 88
22330 89
22330 91
22330 92
22330 93
22330 94
22330 95
22330 96
22330 97
22330 98
22330 100
22330 101
22330 102
22330 103
22330 104
22330 105
22330 107
22330 108
22330 110
22330 111
22330 112
22330 113
22330 114
22330 115
22330 116
22330 117
22330 118
22330 119
22330 120
22330 121
22330 123
22330 124
22330 125
22330 127
22330 128
22330 129
22330 130
22330 131
22330 132
22330 133
22330 134
22330 136
22330 137
22330 138
22330 140
22330 141
22330 142
22330 143
22331 1
22331 2
22331 3
22331 4
22331 5
22331 6
22331 7
22331 8
22331 9
22331 12
22331 13
22331 14
22331 15
22331 16
22331 17
22331 18
22331 19
22331 20
22331 24
22331 46
22331 47
22331 48
22331 49
22331 50
22331 51
22331 52
22331 53
22331 55
22331 56
22331 57
22331 58
22331 59
22331 60
22331 61
22331 63
22331 64
22331 65
22331 66
22331 68
22331 70
22331 71
22331 72
22331 74
22331 75
22331 76
22331 79
22331 80
22331 83
22331 84
22331 85
22331 86
22331 88
22331 90
22331 91
22331 92
22331 93
22331 94
22331 95
22331 96
22331 97
22331 99
22331 100
22331 101
22331 102
22331 103
22331 104
22331 105
22331 106
22331 107
22331 108
22331 109
22331 110
22331 111
22331 112
22331 113
22331 114
22331 115
22331 116
22331 117
22331 118
22331 120
22331 121
22331 122
22331 123
22331 124
22331 128
22331 129
22331 130
22331 131
22331 132
22331 133
22331 135
22331 136
22331 137
22331 138
22331 140
22331 141
22331 142
22331 143
22331 145
22331 146
22331 147
22331 148
22331 149
22331 150
22331 151
22331 152
22331 153
22331 154
22331 155
22331 156
22331 157
22331 158
22331 159
22331 160
22331 161
22331 162
22331 164
22331 165
22331 166
22331 167
22331 169
22331 170
22331 171
22331 172
22331 173
22331 174
22331 175
22331 177
22331 178
22331 179
22331 180
22331 181
22331 182
22331 183
22331 184
22331 185
22331 186
22331 187
22331 188
22331 189
22331 191
22331 192
22331 193
22331 194
22331 195
22331 199
22331 200
22331 203
22331 205
22331 206
22331 207
22331 209
22331 212
22331 213
22331 214
22331 215
22331 216
22331 218
22331 221
22331 222
22331 223
22331 224
22331 226
22331 227
22331 228
22331 229
22331 230
22331 233
22331 235
22331 236
22331 237
22331 238
22331 239
22331 241
22331 242
22331 245
22331 246
22331 248
22331 249
22331 250
22331 251
22331 252
22331 253
22331 254
22331 256
22331 257
22331 259
22331 260
22331 261
22331 262
22331 264
22331 265
22331 266
22331 268
22331 270
22331 271
22331 272
22331 273
22331 275
22331 276
22331 277
22331 278
22331 279
22331 280
22331 282
22331 283
22331 284
22331 285
22331 286
22331 287
22331 289
22331 290
22331 291
22331 294
22331 295
22331 296
22331 297
22331 298
22331 299
22331 300
22331 301
22331 302
22331 305
22331 306
22331 307
22331 308
22331 309
22331 312
22331 313
22331 315
22331 317
22331 318
22331 319
22331 320
22331 321
22331 322
22331 323
22331 325
22331 327
22331 328
22331 329
22331 330
22331 331
22331 333
22331 334
22331 335
22331 336
22331 337
22331 338
22331 339
22331 340
22331 341
22331 342
22331 343
22331 345
22331 347
22331 348
22331 349
22331 350
22331 351
22331 352
22331 353
22331 354
22331 355
22331 356
22331 357
22331 358
22331 359
22331 362
22331 363
22331 364
22331 365
22331 366
22331 367
22331 368
22331 369
22331 370
22331 371
22331 372
22331 373
22331 374
22331 375
22331 376
22331 377
22331 378
22331 379
22331 380
22331 381
22331 382
22331 383
22331 384
22331 385
22331 387
22331 399
22331 400
22331 402
22331 403
22331 405
22331 406
22331 408
22331 409
22331 410
22331 412
22331 413
22331 414
22331 415
22331 416
22331 417
22331 418
22331 419
22331 422
22331 423
22331 424
22331 425
22331 426
22331 427
22331 428
22331 432
22331 434
22331 435
22331 436
22331 437
22331 438
22331 439
22331 441
22331 442
22331 443
22331 444
22331 446
22331 448
22331 449
22331 451
22331 452
22331 453
22331 454
22331 456
22331 457
22331 458
22331 460
22331 461
22331 462
22331 463
22331 464
22331 465
22331 466
22331 467
22331 468
22331 469
22331 470
22331 471
22331 472
22331 473
22331 476
22331 477
22331 479
22331 480
22331 481
22331 482
22331 483
22331 484
22331 485
22331 488
22331 489
22331 490
22331 491
22331 493
22331 494
22331 496
22331 497
22331 499
22331 500
22331 501
22331 502
22331 504
22331 505
22331 506
22331 507
22331 508
22331 511
22331 512
22331 513
22331 514
22331 515
22331 516
22331 517
22331 518
22331 519
22331 520
22331 522
22331 523
22331 524
22331 525
22331 526
22331 527
22331 528
22331 529
22331 532
22331 533
22331 535
22331 536
22331 537
22331 538
22331 539
22331 540
22331 541
22331 542
22331 543
22331 545
22331 546
22331 548
22331 550
22331 551
22331 552
22331 553
22332 0
22332 1
22332 2
22332 3
22332 4
22332 5
22332 6
22332 7
22332 8
22332 9
22332 10
22332 11
22332 12
22332 13
22332 15
22332 17
22332 18
22332 19
22332 20
22332 21
22332 22
22332 23
22332 24
22332 25
22332 26
22332 27
22332 28
22332 29
22332 30
22332 32
22332 33
22332 34
22332 35
22332 36
22332 38
22332 39
22332 40
22332 41
22332 42
22332 43
22332 44
22332 45
22332 48
22332 49
22332 51
22332 52
22332 53
22332 54
22332 55
22332 56
22332 57
22332 60
22332 61
22332 62
22332 63
22332 64
22332 65
22332 66
22332 67
22332 68
22332 70
22332 72
22332 73
22332 74
22332 75
22332 76
22332 77
22332 78
22332 79
22332 80
22332 81
22332 82
22332 83
22332 85
22332 86
22332 87
22332 88
22332 90
22332 91
22332 92
22332 93
22332 94
22332 96
22332 97
22332 102
22332 103
22332 104
22332 105
22332 106
22332 107
22332 108
22332 109
22332 110
22332 111
22332 112
22332 114
22332 115
22332 116
22332 117
22332 118
22332 120
22332 121
22332 122
22332 123
22332 124
22332 125
22332 127
22332 129
22332 130
22332 131
22332 132
22332 133
22332 134
22332 135
22332 136
22332 138
22332 139
22332 142
22332 143
22332 145
22332 146
22332 147
22332 148
22332 149
22332 150
22332 151
22332 152
22332 153
22332 154
22332 155
22332 156
22332 157
22332 158
22332 159
22332 160
22332 161
22332 162
22332 163
22332 165
22332 166
22332 167
22332 168
22332 169
22332 170
22332 171
22332 172
22332 174
22332 175
22332 176
22332 177
22332 180
22332 181
22332 182
22332 183
22332 184
22332 185
22332 187
22332 188
22332 189
22332 192
22332 193
22332 194
22332 195
22332 197
22332 198
22332 199
22332 200
22332 201
22332 202
22332 203
22332 204
22332 205
22332 207
22332 208
22332 209
22332 210
22332 211
22332 212
22332 213
22332 214
22332 215
22332 216
22332 217
22332 218
22332 220
22332 221
22332 222
22332 223
22332 224
22332 225
22332 226
22332 227
22332 228
22332 230
22332 231
22332 232
22332 233
22332 234
22332 235
22332 238
22332 239
22332 240
22332 241
22332 242
22332 244
22332 245
22332 246
22332 247
22332 248
22332 249
22332 250
22332 251
22332 252
22332 254
22332 256
22332 257
22332 259
22332 260
22332 261
22332 263
22332 264
22332 265
22332 266
22332 267
22332 268
22332 269
22332 270
22332 271
22332 272
22332 273
22332 275
22333 0
22333 1
22333 2
22333 3
22333 4
22333 5
22333 9
22333 10
22333 11
22333 13
22333 14
22333 16
22333 17
22333 18
22333 19
22333 20
22333 22
22333 23
22333 24
22333 25
22333 26
22333 27
22333 28
22333 29
22333 31
22333 32
22333 33
22333 34
22333 35
22333 36
22333 37
22333 38
22333 39
22333 40
22333 41
22333 42
22333 43
22333 47
22333 48
22333 49
22333 50
22333 51
22333 52
22333 53
22333 55
22333 57
22333 58
22333 60
22333 61
22333 62
22333 63
22333 64
22333 65
22333 66
22333 67
22333 69
22333 70
22333 71
22333 72
22333 73
22333 74
22333 75
22333 76
22333 77
22333 78
22333 84
22333 85
22333 86
22333 87
22333 88
22333 90
22333 92
22333 93
22333 94
22333 95
22333 96
22333 97
22333 98
22333 99
22333 100
22333 103
22333 104
22333 105
22333 106
22333 107
22333 108
22333 109
22333 110
22333 111
22333 113
22333 115
22333 116
22333 117
22333 119
22333 120
22333 123
22333 124
22333 125
22333 126
22333 127
22333 128
22333 129
22333 130
22333 131
22333 132
22333 133
22333 134
22333 136
22333 137
22333 138
22333 139
22333 140
22333 141
22333 143
22333 145
22333 146
22333 147
22333 148
22333 149
22333 150
22333 151
22333 152
22333 153
22333 154
22333 155
22333 157
22333 160
22333 161
22333 162
22333 164
22333 166
22333 168
22333 169
22333 171
22333 173
22333 174
22333 176
22333 177
22333 179
22333 180
22333 181
22333 182
22333 183
22333 184
22333 185
22333 186
22333 187
22333 188
22333 189
22333 191
22333 192
22333 193
22333 194
22333 195
22333 196
22333 197
22333 200
22333 201
22333 202
22333 203
22333 204
22333 205
22333 206
22333 208
22333 209
22333 210
22333 213
22333 214
22333 215
22333 216
22333 217
22333 219
22333 221
22333 222
22333 223
22333 224
22333 225
22333 226
22333 227
22333 229
22333 231
22333 233
22333 234
22333 235
22333 237
22333 238
22333 240
22333 242
22333 243
22333 244
22333 245
22333 246
22333 247
22333 249
22333 250
22333 251
22333 252
22333 254
22333 256
22333 257
22333 259
22333 260
22333 261
22333 262
22333 263
22333 264
22333 265
22333 266
22333 267
22333 268
22333 269
22333 270
22333 271
22333 272
22333 273
22333 276
22333 278
22333 279
22333 280
22333 281
22333 283
22333 284
22333 285
22333 286
22333 287
22333 288
22333 289
22333 290
22333 291
22333 292
22333 293
22333 295
22333 297
22333 298
22333 299
22333 300
22333 301
22333 302
22333 304
22333 305
22333 307
22333 308
22333 309
22338 0
22338 1
22338 2
22338 3
22338 4
22338 5
22338 6
22338 7
22338 8
22338 9
22338 11
22338 12
22338 14
22338 15
22338 16
22338 18
22338 19
22338 20
22338 21
22338 22
22338 23
22338 24
22338 25
22338 26
22338 27
22338 28
22338 29
22338 30
22338 31
22338 32
22338 33
22338 35
22338 36
22338 37
22338 38
22338 39
22338 40
22338 41
22338 43
22338 44
22338 47
22338 48
22338 49
22338 50
22338 51
22338 53
22338 54
22338 55
22338 56
22338 57
22338 58
22338 60
22338 61
22338 63
22338 64
22338 65
22338 66
22338 67
22338 68
22338 70
22338 71
22338 72
22338 73
22338 74
22338 75
22338 77
22338 78
22338 79
22338 80
22338 81
22338 82
22338 83
22338 85
22338 86
22338 87
22338 88
22338 89
22338 90
22338 91
22338 92
22338 93
22338 94
22338 95
22338 96
22338 97
22338 98
22338 99
22338 100
22338 101
22338 102
22338 104
22338 105
22338 106
22338 107
22338 109
22338 110
22338 111
22338 112
22338 113
22338 114
22338 115
22338 116
22338 117
22338 118
22338 120
22338 122
22338 123
22338 124
22338 125
22338 126
22338 127
22338 128
22338 129
22338 130
22338 131
22338 132
22338 133
22338 134
22338 135
22338 137
22338 139
22338 141
22338 142
22338 143
22338 144
22338 145
22338 146
22338 149
22338 150
22338 151
22338 152
22338 153
22338 154
22338 155
22338 156
22338 160
22338 161
22338 162
22338 163
22338 164
22338 165
22338 167
22338 168
22338 169
22338 171
22338 172
22338 173
22338 174
22338 176
22338 177
22338 178
22338 179
22338 180
22338 181
22338 182
22338 183
22338 187
22338 188
22338 189
22338 190
22338 191
22338 193
22338 194
22338 195
22338 198
22338 199
22338 201
22338 202
22338 203
22338 204
22338 206
22338 207
22338 208
22338 209
22338 210
22338 211
22338 212
22338 213
22338 214
22338 217
22338 218
22338 219
22338 221
22338 222
22338 223
22338 224
22338 225
22338 226
22338 227
22338 228
22338 229
22338 230
22338 231
22338 232
22338 234
22338 235
22338 237
22338 238
22338 239
22338 240
22338 242
22338 243
22338 244
22338 247
22338 248
22338 249
22338 250
22338 251
22338 252
22338 253
22338 254
22338 255
22338 257
22338 258
22338 259
22338 262
22338 264
22338 265
22338 266
22338 267
22338 269
22338 271
22338 274
22338 275
22338 277
22338 278
22338 279
22338 280
22338 281
22338 282
22338 283
22338 284
22338 285
22338 286
22338 287
22338 290
22338 291
22338 292
22338 293
22338 294
22338 295
22338 297
22338 298
22338 299
22338 300
22338 301
22338 303
22338 304
22338 305
22338 306
22338 307
22338 310
22338 311
22338 312
22338 313
22338 314
22338 315
22338 316
22338 318
22338 319
22338 321
22338 322
22338 323
22338 324
22338 325
22338 326
22338 327
22338 328
22338 330
22338 331
22338 332
22338 334
22338 335
22338 336
22338 337
22338 338
22338 339
22338 340
22338 342
22338 343
22338 344
22338 347
22338 348
22338 349
22338 350
22338 351
22338 353
22338 354
22338 357
22338 359
22338 360
22338 361
22338 362
22338 363
22338 364
22338 365
22338 366
22338 368
22338 370
22338 371
22338 372
22338 373
22338 374
22338 375
22338 376
22338 377
22338 378
22338 379
22338 380
22338 381
22338 382
22338 384
22338 385
22338 389
22338 390
22338 391
22338 392
22338 393
22338 394
22338 395
22338 396
22338 397
22338 398
22338 399
22338 400
22338 401
22338 402
22338 403
22338 404
22338 405
22338 406
22338 408
22338 409
22338 411
22338 412
22338 413
22338 415
22338 416
22338 417
22338 418
22338 419
22338 420
22338 421
22338 422
22338 423
22338 424
22338 425
22338 426
22338 428
22338 429
22338 430
22338 431
22338 432
22338 435
22338 436
22338 440
22338 441
22338 442
22338 443
22338 444
22338 445
22338 447
22338 450
22338 451
22338 452
22338 453
22338 454
22338 455
22338 457
22338 458
22338 461
22338 462
22338 464
22338 465
22338 466
22338 467
22338 468
22338 469
22338 470
22338 471
22338 472
22338 474
22338 475
22338 476
22338 477
22338 478
22338 479
22338 480
22338 481
22338 482
22338 483
22338 485
22338 486
22338 488
22338 489
22338 490
22338 491
22338 492
22338 493
22338 496
22338 497
22338 498
22338 499
22338 501
22338 503
22338 504
22338 505
22338 508
22338 509
22338 510
22338 511
22338 513
22338 514
22338 515
22338 517
22338 518
22338 519
22338 520
22338 521
22338 522
22338 525
22338 527
22338 528
22338 529
22338 530
22338 531
22338 532
22338 533
22338 534
22338 536
22338 537
22338 540
22338 541
22338 543
22338 544
22338 545
22338 546
22338 547
22338 548
22338 549
22338 551
22338 554
22338 555
22338 556
22340 1
22340 3
22340 5
22340 6
22340 7
22340 8
22340 9
22340 10
22340 13
22340 14
22340 15
22340 16
22340 17
22340 18
22340 19
22340 20
22340 21
22340 22
22340 23
22340 25
22340 26
22340 27
22340 28
22340 29
22340 30
22340 31
22340 32
22340 33
22340 34
22340 35
22340 36
22340 37
22340 38
22340 39
22340 40
22340 41
22340 42
22341 0
22341 1
22341 3
22341 5
22341 6
22341 7
22341 8
22341 9
22341 10
22341 12
22341 14
22341 15
22341 16
22341 17
22341 18
22341 19
22341 20
22341 21
22341 22
22341 23
22341 24
22341 25
22341 26
22341 27
22341 28
22341 29
22341 30
22341 31
22341 32
22341 35
22341 36
22341 37
22341 38
22341 39
22341 40
22341 41
22341 42
22341 43
22341 46
22341 47
22341 48
22341 49
22341 50
22341 51
22341 52
22341 53
22341 54
22341 55
22341 56
22341 57
22341 58
22342 0
22342 1
22342 2
22342 3
22342 4
22342 5
22342 6
22342 7
22342 10
22342 11
22342 12
22342 13
22342 14
22342 15
22342 16
22342 18
22342 20
22342 21
22342 22
22342 23
22342 25
22342 26
22342 27
22342 28
22342 29
22342 30
22342 31
22342 33
22342 34
22342 35
22342 36
22342 38
22342 39
22342 40
22342 41
22342 42
22342 43
22342 44
22342 45
22342 46
22342 47
22342 48
22342 51
22342 54
22342 55
22342 56
22342 57
22342 60
22342 61
22342 62
22342 63
22342 64
22342 65
22342 66
22342 67
22342 68
22342 69
22342 72
22342 73
22342 75
22342 77
22342 78
22342 79
22342 80
22342 81
22342 82
22342 83
22342 85
22342 86
22342 87
22342 88
22342 91
22342 92
22342 94
22342 96
22342 97
22342 98
22342 99
22342 100
22342 101
22342 102
22342 103
22342 104
22342 105
22342 106
22342 107
22342 110
22342 111
22342 112
22342 113
22342 114
22342 116
22342 117
22342 119
22342 120
22342 121
22342 122
22342 123
22342 124
22342 125
22342 126
22342 127
22342 129
22342 131
22342 132
22342 133
22342 134
22342 135
22342 138
22342 139
22342 143
22342 144
22342 146
22342 147
22342 148
22342 149
22342 150
22342 151
22342 152
22342 154
22342 157
22342 159
22342 160
22342 163
22342 164
22342 166
22342 167
22342 168
22342 169
22342 170
22342 171
22342 172
22342 173
22342 174
22342 175
22342 176
22342 179
22342 180
22342 181
22342 182
22342 183
22342 184
22342 186
22342 187
22342 188
22342 189
22342 190
22342 191
22342 193
22342 194
22342 195
22342 196
22342 197
22342 199
22342 200
22342 201
22342 203
22342 204
22342 205
22342 207
22342 208
22342 209
22342 210
22342 211
22342 212
22342 213
22342 214
22342 215
22342 216
22342 218
22342 219
22342 220
22342 221
22342 222
22342 223
22342 224
22342 225
22342 226
22342 227
22342 228
22342 229
22342 230
22342 231
22342 233
22342 236
22342 237
22342 238
22342 240
22342 241
22342 244
22342 245
22342 247
22342 248
22342 249
22342 250
22342 252
22342 253
22342 255
22342 256
22342 257
22342 259
22342 260
22342 261
22342 262
22342 263
22342 264
22342 266
22342 269
22342 271
22342 272
22342 274
22342 275
22342 276
22342 277
22342 278
22342 279
22342 280
22342 281
22342 282
22342 283
22342 285
22342 286
22342 287
22342 289
22342 291
22342 292
22342 294
22342 295
22342 296
22342 297
22342 298
22342 299
22342 300
22342 301
22342 302
22342 303
22342 304
22342 306
22342 307
22342 308
22342 310
22342 311
22342 312
22342 313
22342 314
22342 315
22342 316
22342 317
22342 319
22342 320
22342 321
22342 322
22342 323
22342 324
22342 325
22342 326
22342 327
22342 328
22342 329
22342 330
22342 331
22342 332
22342 335
22342 336
22342 337
22342 338
22342 339
22342 340
22342 341
22342 342
22342 343
22342 344
22342 346
22342 347
22342 348
22342 350
22342 351
22342 353
22342 354
22342 355
22342 356
22342 358
22342 359
22342 361
22342 362
22342 363
22342 364
22342 365
22342 367
22342 368
22342 369
22342 371
22342 372
22342 373
22342 375
22342 376
22342 377
22342 378
22342 380
22342 381
22342 382
22342 384
22342 386
22342 387
22342 388
22342 389
22342 390
22342 392
22342 393
22342 394
22342 395
22342 396
22342 397
22342 398
22342 399
22342 401
22342 402
22342 403
22342 404
22342 407
22342 409
22342 410
22342 411
22342 412
22342 413
22342 414
22342 415
22342 416
22342 417
22342 418
22342 419
22342 420
22342 421
22342 422
22342 423
22342 424
22342 425
22342 426
22342 427
22342 428
22342 429
22342 430
22342 431
22342 432
22342 433
22342 434
22342 435
22342 437
22342 438
22342 439
22342 440
22342 441
22342 442
22342 443
22342 444
22342 446
22342 447
22342 448
22342 449
22342 452
22342 454
22342 455
22342 456
22342 457
22342 458
22342 460
22342 462
22342 463
22342 465
22342 466
22342 467
22342 468
22342 469
22342 470
22342 471
22342 472
22342 474
22342 475
22342 476
22342 477
22342 478
22342 479
22342 480
22342 481
22342 482
22342 484
22342 485
22342 486
22342 487
22342 489
22342 490
22342 491
22342 493
22342 494
22342 495
22342 496
22342 497
22342 498
22342 499
22342 500
22342 502
22342 503
22342 504
22342 505
22342 506
22342 508
22342 509
22342 510
22342 511
22342 515
22342 516
22342 517
22342 518
22342 519
22342 520
22342 521
22342 523
22342 524
22342 525
22342 527
22342 528
22342 530
22342 531
22342 532
22342 534
22342 535
22342 536
22342 537
22342 539
22342 540
22342 541
22342 542
22342 543
22342 544
22342 545
22342 546
22342 547
22342 548
22342 552
22342 553
22342 555
22342 556
22342 557
22342 558
22343 0
22343 1
22343 2
22343 3
22343 4
22343 5
22343 7
22343 8
22343 9
22343 10
22343 12
22343 13
22343 14
22343 16
22343 17
22343 18
22343 19
22343 21
22343 22
22343 23
22343 25
22343 26
22343 27
22343 29
22343 30
22343 31
22343 32
22343 33
22343 35
22343 36
22343 37
22343 39
22343 40
22343 41
22343 42
22343 43
22343 44
22343 45
22343 46
22343 48
22343 49
22343 50
22343 51
22343 53
22343 54
22343 55
22343 58
22343 59
22343 60
22343 61
22343 62
22343 63
22343 64
22343 65
22343 66
22345 1
22345 2
22345 3
22345 4
22345 5
22345 6
22345 7
22345 8
22345 9
22345 10
22345 11
22345 12
22345 13
22345 14
22345 15
22345 16
22345 17
22345 18
22345 19
22345 20
22345 21
22345 22
22345 23
22345 24
22345 25
22345 26
22345 29
22345 31
22345 32
22345 33
22345 34
22345 35
22345 36
22345 39
22345 41
22345 43
22345 45
22345 46
22345 48
22345 49
22345 51
22345 52
22345 56
22345 70
22345 71
22345 73
22345 74
22345 75
22345 76
22345 77
22345 78
22345 79
22345 80
22345 81
22345 82
22345 84
22345 85
22345 86
22345 87
22345 88
22345 94
22345 145
22345 146
22345 147
22345 148
22345 149
22345 150
22345 151
22345 153
22345 155
22345 156
22345 157
22345 158
22345 160
22345 161
22345 162
22345 164
22345 165
22345 166
22345 167
22345 168
22345 169
22345 170
22345 171
22345 172
22345 173
22345 174
22345 175
22345 176
22345 177
22345 178
22345 180
22345 182
22345 184
22345 185
22345 186
22345 187
22345 188
22345 190
22345 191
22345 193
22345 194
22345 195
22345 196
22345 197
22345 198
22345 199
22345 201
22345 202
22345 203
22345 204
22345 205
22345 206
22345 207
22345 208
22345 209
22345 210
22345 211
22345 212
22345 213
22345 214
22345 217
22345 218
22345 219
22345 220
22345 221
22345 222
22345 223
22345 224
22345 225
22345 226
22345 227
22345 228
22345 230
22345 231
22345 232
22345 233
22345 234
22345 236
22345 237
22345 240
22345 241
22345 242
22345 243
22345 245
22345 246
22345 248
22345 249
22345 250
22345 252
22345 253
22345 254
22345 255
22345 257
22345 259
22345 260
22345 261
22345 262
22345 263
22345 265
22345 266
22345 267
22345 269
22345 270
22345 271
22345 272
22345 273
22345 274
22345 275
22345 277
22345 279
22345 280
22345 281
22345 282
22345 283
22345 284
22345 285
22345 286
22345 287
22345 288
22345 289
22345 291
22345 292
22345 293
22345 294
22345 296
22345 297
22345 298
22345 299
22345 300
22345 301
22345 302
22345 303
22345 304
22345 305
22345 306
22345 307
22345 308
22345 310
22345 311
22345 312
22345 313
22345 314
22345 315
22345 316
22345 317
22345 319
22345 320
22345 321
22345 322
22345 323
22345 324
22345 325
22345 326
22345 328
22345 329
22345 330
22345 331
22345 332
22345 333
22345 334
22345 335
22345 337
22345 338
22345 339
22345 340
22345 341
22345 342
22345 344
22345 345
22345 346
22345 347
22345 348
22345 349
22345 350
22345 352
22345 353
22345 355
22345 356
22345 357
22346 0
22346 1
22346 2
22346 4
22346 5
22346 6
22346 7
22346 8
22346 11
22346 12
22346 13
22346 14
22346 15
22346 18
22346 19
22346 20
22346 21
22346 22
22346 23
22346 24
22346 25
22346 27
22346 28
22347 0
22347 1
22347 2
22347 3
22347 4
22347 5
22347 6
22347 7
22347 8
22347 10
22347 12
22347 13
22347 14
22347 15
22347 16
22347 17
22347 21
22347 22
22347 23
22347 24
22347 25
22347 27
22347 28
22347 29
22347 30
22347 31
22347 32
22347 33
22347 35
22347 36
22347 37
22347 38
22347 39
22347 40
22347 43
22347 44
22347 45
22347 46
22347 47
22347 48
22347 49
22347 51
22347 52
22347 53
22347 54
22347 55
22347 56
22347 58
22347 59
22347 60
22347 62
22347 64
22347 65
22347 66
22347 68
22347 69
22347 70
22347 71
22347 72
22347 73
22347 75
22347 76
22347 78
22347 79
22347 80
22347 81
22347 82
22347 83
22347 84
22347 85
22347 86
22347 87
22347 88
22347 89
22347 90
22347 91
22347 92
22347 93
22347 94
22347 98
22347 99
22347 100
22347 101
22347 102
22347 103
22347 105
22347 106
22347 109
22347 110
22347 111
22347 112
22347 113
22347 114
22347 117
22347 118
22347 120
22347 121
22347 122
22347 123
22347 124
22347 125
22347 126
22347 127
22347 129
22347 130
22347 131
22347 132
22347 133
22347 134
22347 135
22347 136
22347 137
22347 138
22347 139
22347 140
22347 141
22347 142
22347 143
22347 145
22347 146
22347 148
22347 149
22347 150
22347 151
22347 154
22347 155
22347 156
22347 157
22347 158
22347 159
22347 160
22347 161
22347 162
22347 163
22347 164
22347 165
22347 166
22347 168
22347 169
22347 170
22347 171
22347 172
22347 173
22347 175
22347 176
22347 177
22347 178
22347 179
22347 180
22347 181
22347 182
22347 183
22347 184
22347 185
22347 187
22347 188
22347 189
22347 190
22347 191
22347 192
22347 194
22347 195
22347 196
22347 198
22347 199
22347 201
22347 202
22347 203
22347 204
22347 205
22347 206
22347 208
22347 209
22347 210
22347 211
22347 212
22347 213
22347 214
22347 215
22347 216
22347 218
22347 219
22347 220
22347 221
22347 222
22347 223
22347 224
22347 225
22347 226
22347 227
22347 230
22347 231
22347 233
22347 234
22347 235
22347 236
22347 237
22347 238
22347 240
22347 241
22347 242
22347 243
22347 244
22347 246
22347 248
22347 249
22347 250
22347 251
22347 252
22347 253
22347 254
22347 255
22347 256
22347 257
22347 258
22347 259
22347 261
22347 262
22347 263
22347 264
22347 266
22347 267
22347 268
22347 269
22347 271
22347 272
22347 275
22347 276
22347 277
22347 278
22347 279
22347 281
22347 282
22347 283
22347 284
22347 285
22347 286
22347 287
22347 288
22347 289
22347 291
22347 292
22347 293
22347 294
22347 295
22347 296
22347 297
22347 298
22347 299
22347 300
22347 301
22347 302
22347 303
22347 304
22347 305
22347 306
22347 307
22347 308
22347 309
22347 310
22347 311
22347 312
22347 313
22347 314
22347 315
22347 316
22347 317
22347 318
22347 319
22347 320
22347 321
22347 322
22347 324
22347 325
22347 326
22347 327
22347 329
22347 331
22347 332
22347 333
22347 336
22347 338
22347 339
22347 340
22347 341
22347 343
22347 344
22347 345
22347 346
22347 347
22347 348
22347 349
22347 350
22347 351
22347 353
22347 354
22347 355
22347 356
22347 357
22347 358
22347 359
22347 360
22347 361
22347 362
22347 363
22347 365
22347 366
22347 367
22347 368
22347 370
22347 371
22347 372
22347 373
22347 374
22347 375
22347 377
22347 378
22347 380
22347 381
22347 382
22347 383
22347 384
22347 385
22347 386
22347 387
22347 388
22347 389
22347 390
22347 391
22347 392
22347 393
22347 397
22347 398
22347 399
22347 400
22347 401
22347 403
22347 404
22347 405
22347 406
22347 407
22347 408
22347 409
22347 410
22347 411
22347 412
22347 413
22347 415
22347 416
22347 418
22347 419
22347 420
22347 421
22347 422
22347 423
22347 424
22347 426
22347 427
22349 0
22349 1
22349 2
22349 4
22349 5
22349 6
22349 7
22349 8
22349 9
22349 10
22349 11
22349 12
22349 13
22349 14
22349 16
22349 17
22349 18
22349 19
22349 20
22349 21
22349 22
22351 0
22351 1
22351 2
22351 3
22351 4
22351 5
22351 6
22351 7
22351 9
22351 10
22351 11
22351 12
22351 13
22351 14
22351 15
22351 16
22351 17
22351 18
22351 19
22351 20
22351 21
22351 22
22351 23
22351 24
22351 25
22351 27
22351 29
22351 32
22351 33
22351 34
22351 35
22351 36
22351 37
22351 38
22351 39
22351 43
22351 44
22351 45
22351 46
22351 47
22351 48
22351 49
22351 51
22351 55
22351 56
22351 57
22351 58
22351 59
22351 60
22351 61
22351 62
22351 64
22351 65
22351 67
22351 68
22351 69
22351 70
22351 71
22351 72
22351 73
22351 74
22351 75
22351 76
22351 78
22351 79
22351 80
22351 81
22351 82
22351 84
22351 85
22351 87
22351 88
22351 90
22351 91
22351 93
22351 94
22351 95
22351 97
22351 98
22351 99
22351 100
22351 102
22351 103
22351 104
22351 105
22351 106
22351 107
22351 111
22351 112
22351 113
22351 114
22351 115
22351 116
22351 119
22351 120
22351 121
22351 122
22351 123
22351 124
22351 125
22351 126
22351 127
22351 128
22351 129
22351 130
22351 131
22351 132
22351 133
22351 134
22351 135
22351 136
22351 137
22351 138
22351 139
22351 140
22351 141
22351 142
22351 143
22351 144
22351 146
22351 147
22351 148
22351 149
22351 150
22351 152
22351 153
22351 154
22351 155
22351 156
22351 157
22351 158
22351 159
22351 160
22351 161
22351 162
22351 163
22352 0
22352 1
22352 2
22352 3
22352 4
22352 5
22352 6
22352 7
22352 8
22352 10
22352 11
22352 13
22352 15
22352 16
22352 17
22352 20
22352 21
22352 22
22352 23
22352 24
22352 25
22352 26
22352 27
22352 28
22352 29
22352 30
22352 31
22352 32
22352 33
22352 34
22352 36
22352 37
22352 38
22352 39
22352 40
22352 41
22352 42
22352 43
22352 44
22352 45
22352 46
22352 48
22352 49
22352 51
22352 53
22352 54
22352 56
22352 57
22352 58
22352 59
22352 60
22352 63
22352 64
22352 65
22352 66
22352 67
22352 68
22352 69
22352 71
22352 72
22352 73
22352 74
22352 75
22352 79
22352 80
22352 81
22352 82
22352 83
22352 84
22352 85
22352 86
22352 88
22352 91
22352 93
22352 94
22352 95
22352 96
22352 97
22352 98
22352 99
22352 100
22352 101
22352 102
22352 103
22352 104
22352 107
22352 109
22352 110
22352 111
22352 112
22352 113
22352 114
22352 115
22352 117
22352 119
22352 120
22352 121
22352 122
22352 123
22352 124
22352 125
22352 126
22352 127
22352 128
22352 129
22352 130
22352 132
22352 133
22352 134
22352 135
22352 136
22352 137
22352 138
22352 140
22352 141
22352 142
22352 143
22352 144
22352 145
22352 146
22352 147
22352 148
22352 149
22352 150
22352 151
22352 152
22352 154
22352 155
22352 156
22352 157
22352 159
22352 160
22352 161
22352 162
22352 163
22352 164
22352 165
22352 166
22352 167
22352 168
22352 169
22352 170
22352 172
22352 174
22352 175
22352 176
22352 177
22352 178
22352 179
22352 180
22352 181
22352 182
22352 183
22352 184
22352 185
22352 186
22352 187
22352 188
22352 189
22352 190
22352 191
22352 193
22352 194
22352 195
22352 196
22352 197
22352 198
22352 199
22352 200
22352 201
22352 202
22352 203
22352 204
22352 206
22352 207
22352 209
22352 210
22352 211
22352 213
22352 214
22352 216
22352 217
22352 219
22352 220
22352 221
22352 222
22352 223
22352 224
22352 226
22352 227
22352 228
22352 229
22352 230
22352 231
22352 232
22352 233
22352 235
22352 236
22352 237
22352 238
22352 239
22352 240
22352 241
22352 242
22352 243
22352 244
22352 245
22352 246
22352 247
22352 248
22352 249
22352 250
22352 251
22352 252
22352 253
22352 254
22352 255
22352 256
22352 257
22352 261
22352 262
22352 264
22352 265
22352 266
22352 267
22352 269
22352 270
22352 271
22352 272
22352 274
22352 275
22352 276
22352 278
22352 279
22352 280
22352 281
22352 282
22352 283
22352 284
22352 285
22352 286
22352 287
22352 288
22352 290
22352 292
22352 293
22352 294
22352 296
22352 297
22352 298
22352 300
22352 301
22352 302
22352 303
22352 304
22352 305
22352 306
22352 307
22352 308
22352 311
22352 312
22352 316
22352 320
22352 321
22352 322
22352 323
22352 325
22352 326
22352 327
22352 328
22352 330
22352 332
22352 333
22352 334
22352 336
22352 337
22352 338
22352 340
22352 341
22352 342
22352 343
22352 344
22352 346
22352 347
22352 349
22352 353
22352 354
22352 355
22352 356
22352 357
22352 358
22352 359
22352 360
22352 362
22352 363
22352 364
22352 366
22352 369
22352 370
22352 371
22352 372
22352 373
22352 374
22352 375
22352 376
22352 377
22352 378
22352 379
22352 380
22352 381
22352 382
22352 383
22352 384
22352 386
22352 388
22352 389
22352 391
22352 392
22352 393
22352 394
22352 395
22352 397
22352 398
22352 399
22352 400
22352 401
22352 402
22352 403
22352 404
22352 405
22352 406
22352 407
22352 408
22352 409
22352 410
22352 411
22352 412
22352 413
22352 414
22352 415
22352 416
22352 417
22352 418
22352 419
22352 420
22352 421
22352 422
22352 424
22352 425
22352 426
22352 427
22352 428
22352 429
22352 432
22352 434
22352 435
22352 436
22352 437
22352 438
22352 439
22352 440
22352 441
22352 442
22352 443
22352 445
22352 446
22352 447
22352 448
22352 449
22352 450
22352 451
22352 452
22352 453
22352 454
22352 455
22352 456
22352 457
22352 459
22352 460
22352 461
22352 462
22352 464
22352 465
22352 466
22352 467
22352 468
22352 469
22352 470
22352 472
22352 473
22352 474
22352 475
22353 0
22353 1
22353 2
22353 3
22353 4
22353 5
22353 6
22353 7
22353 8
22353 9
22353 10
22353 11
22353 12
22353 13
22353 14
22353 16
22353 17
22353 18
22353 19
22353 21
22353 23
22353 24
22353 26
22353 27
22353 28
22353 30
22353 32
22353 34
22353 35
22353 36
22353 39
22353 40
22353 42
22353 43
22353 44
22353 45
22353 46
22353 47
22353 48
22353 49
22353 50
22353 51
22353 52
22353 53
22353 55
22353 56
22353 57
22353 58
22353 59
22353 60
22353 61
22353 62
22353 64
22353 65
22353 66
22353 67
22353 69
22353 71
22353 72
22353 73
22353 75
22353 76
22353 77
22353 78
22353 79
22353 80
22353 81
22353 83
22353 85
22353 87
22353 88
22353 89
22353 90
22353 91
22353 92
22353 93
22353 94
22353 95
22353 96
22353 97
22353 98
22353 99
22353 100
22353 101
22353 102
22353 103
22353 104
22353 105
22353 107
22353 108
22353 109
22353 110
22353 112
22353 114
22353 115
22353 116
22353 117
22353 118
22353 119
22353 120
22353 121
22353 122
22353 124
22353 125
22353 127
22353 128
22353 130
22353 131
22353 132
22353 134
22353 135
22353 136
22353 137
22353 138
22353 139
22353 140
22353 141
22353 142
22353 143
22353 144
22353 146
22353 147
22353 148
22353 149
22353 150
22353 152
22353 155
22353 157
22353 158
22353 159
22353 160
22353 161
22353 165
22353 166
22353 167
22353 168
22353 170
22353 171
22353 172
22353 173
22353 174
22353 176
22353 177
22353 178
22353 180
22353 181
22353 182
22353 183
22353 184
22353 185
22353 186
22353 187
22353 188
22353 189
22353 191
22353 192
22353 193
22353 195
22353 196
22353 198
22353 199
22353 200
22353 201
22353 202
22353 203
22353 204
22353 205
22353 207
22353 208
22353 209
22353 211
22353 212
22353 213
22353 214
22353 215
22353 216
22353 217
22353 218
22353 219
22353 221
22353 224
22353 225
22353 226
22353 227
22353 228
22353 229
22353 230
22353 231
22353 232
22354 1
22354 2
22354 3
22354 4
22354 6
22354 7
22354 9
22354 10
22354 11
22354 12
22354 13
22354 14
22354 15
22354 16
22354 17
22354 18
22354 19
22354 20
22354 21
22354 22
22354 25
22354 26
22354 28
22354 29
22354 31
22354 33
22354 34
22354 35
22354 36
22354 39
22354 42
22354 43
22354 44
22354 45
22354 46
22354 47
22354 48
22354 49
22354 53
22354 54
22354 56
22354 57
22354 60
22354 62
22354 63
22354 65
22354 66
22354 67
22354 69
22354 70
22354 73
22354 75
22354 76
22354 77
22354 78
22354 79
22354 80
22354 81
22354 83
22354 84
22354 85
22354 86
22354 87
22354 88
22354 89
22354 90
22354 92
22354 95
22354 96
22354 97
22354 98
22354 99
22354 100
22354 101
22354 102
22354 103
22354 105
22354 106
22354 107
22354 108
22354 111
22354 114
22354 115
22354 116
22354 117
22354 118
22354 119
22354 120
22354 121
22354 122
22354 124
22354 125
22354 126
22354 127
22354 128
22354 131
22354 133
22354 134
22354 135
22354 138
22354 139
22354 140
22354 141
22354 142
22354 143
22354 144
22354 145
22354 146
22354 148
22354 149
22354 150
22354 151
22354 152
22354 153
22354 154
22354 155
22354 157
22354 158
22354 159
22354 160
22354 161
22354 162
22354 163
22354 166
22354 168
22354 169
22354 170
22354 171
22354 173
22354 174
22354 175
22354 176
22354 177
22354 178
22354 179
22354 180
22354 182
22354 183
22354 184
22354 186
22354 188
22354 189
22354 190
22354 191
22354 192
22354 193
22354 195
22354 196
22354 198
22354 199
22354 200
22354 201
22354 202
22354 203
22354 204
22354 206
22354 207
22354 208
22354 210
22354 211
22354 212
22354 213
22354 214
22354 215
22354 216
22354 217
22354 218
22354 219
22354 220
22354 221
22354 222
22354 225
22354 226
22354 227
22354 228
22354 229
22354 230
22354 232
22354 233
22354 234
22354 235
22354 236
22354 237
22354 239
22354 240
22354 243
22354 244
22354 247
22354 248
22354 249
22354 251
22354 253
22354 254
22354 257
22354 258
22354 259
22354 261
22354 262
22354 264
22354 266
22354 267
22354 268
22354 269
22354 270
22354 272
22354 273
22354 275
22354 276
22354 277
22354 279
22354 281
22354 282
22354 283
22354 284
22354 285
22354 286
22354 287
22354 288
22354 289
22354 290
22354 292
22354 293
22354 294
22354 295
22354 296
22354 297
22354 298
22354 299
22354 300
22354 301
22354 302
22354 304
22354 305
22354 306
22354 307
22354 308
22354 309
22354 310
22354 311
22354 313
22354 315
22354 316
22354 317
22354 318
22354 319
22354 321
22354 322
22354 323
22354 324
22354 325
22354 326
22354 327
22354 328
22354 329
22354 330
22354 332
22354 333
22354 334
22354 335
22354 336
22354 337
22354 338
22354 339
22354 341
22354 342
22354 343
22354 345
22354 346
22354 347
22354 348
22354 350
22354 351
22354 352
22354 355
22354 356
22354 357
22354 359
22354 360
22354 361
22354 362
22354 363
22354 364
22354 365
22354 366
22354 368
22354 369
22354 370
22354 371
22354 372
22354 373
22354 374
22354 375
22354 377
22354 378
22354 379
22354 380
22354 381
22354 383
22354 385
22354 386
22354 387
22356 0
22356 1
22356 2
22356 3
22356 4
22356 5
22356 6
22356 7
22356 8
22356 9
22356 10
22356 11
22356 12
22356 15
22356 16
22356 17
22356 18
22356 19
22356 20
22356 21
22356 22
22356 23
22356 25
22356 26
22356 27
22356 28
22356 29
22356 30
22356 31
22356 32
22356 33
22356 34
22356 35
22356 36
22356 37
22356 38
22356 39
22356 40
22356 41
22356 42
22356 43
22356 44
22356 45
22356 46
22356 48
22356 49
22356 50
22356 51
22356 52
22356 53
22356 54
22356 55
22356 56
22356 57
22356 58
22356 59
22356 60
22356 62
22356 63
22356 64
22356 65
22356 66
22356 67
22356 68
22356 69
22356 71
22356 72
22356 73
22356 74
22356 76
22356 77
22356 78
22356 79
22356 81
22356 82
22356 83
22356 85
22356 86
22356 88
22356 89
22356 90
22356 92
22356 93
22356 94
22356 95
22356 96
22356 97
22356 98
22356 99
22356 100
22356 101
22356 102
22356 103
22356 104
22356 105
22356 107
22356 108
22356 109
22356 111
22356 112
22356 113
22356 114
22356 115
22356 116
22356 117
22356 119
22356 121
22356 122
22356 123
22356 124
22356 125
22356 126
22356 127
22356 128
22356 129
22356 130
22356 131
22356 132
22356 133
22356 134
22356 135
22356 136
22356 138
22356 139
22356 140
22356 142
22356 144
22356 146
22356 149
22356 151
22356 152
22356 153
22356 154
22356 155
22356 156
22356 157
22356 158
22356 159
22356 160
22356 161
22356 162
22356 163
22356 164
22356 165
22356 166
22356 168
22356 169
22356 170
22356 171
22356 172
22356 173
22356 175
22356 176
22356 177
22356 178
22356 179
22356 180
22356 181
22356 182
22356 183
22356 184
22356 185
22356 186
22356 187
22356 188
22356 189
22356 191
22356 193
22356 194
22356 196
22356 197
22356 198
22356 199
22356 200
22356 202
22356 203
22356 204
22356 206
22356 207
22356 208
22356 210
22356 211
22356 214
22356 215
22356 216
22356 217
22356 219
22356 220
22356 221
22356 222
22356 224
22356 226
22356 227
22356 228
22356 229
22356 230
22356 231
22356 232
22356 233
22356 234
22356 236
22356 237
22356 238
22356 239
22356 240
22356 241
22356 242
22356 243
22356 244
22356 245
22356 246
22356 248
22356 250
22356 251
22356 252
22357 0
22357 2
22357 3
22357 4
22357 6
22357 7
22357 8
22357 9
22357 10
22357 13
22357 14
22357 15
22357 17
22357 19
22357 20
22357 21
22357 22
22357 24
22357 25
22357 26
22357 27
22357 28
22357 29
22357 31
22357 32
22357 35
22357 36
22357 37
22357 38
22357 39
22357 40
22357 41
22357 42
22357 43
22357 45
22357 47
22357 48
22357 49
22357 50
22357 51
22357 54
22357 55
22357 56
22357 57
22357 59
22357 60
22357 61
22357 63
22357 64
22357 65
22357 66
22357 67
22357 68
22357 69
22357 70
22357 71
22357 72
22357 73
22357 74
22357 75
22357 76
22357 77
22357 78
22357 79
22357 82
22357 83
22357 84
22357 85
22357 86
22357 87
22357 89
22357 90
22357 91
22357 92
22357 93
22357 94
22357 95
22357 96
22357 97
22357 98
22357 99
22357 100
22357 101
22357 102
22357 103
22357 104
22357 105
22357 107
22357 108
22357 111
22357 112
22357 114
22357 117
22357 118
22357 119
22357 120
22357 121
22357 122
22357 123
22357 124
22357 126
22357 127
22357 128
22357 129
22357 130
22357 131
22357 132
22357 133
22357 134
22357 135
22357 136
22358 0
22358 1
22358 2
22358 3
22358 6
22358 7
22358 8
22358 9
22358 10
22358 11
22358 12
22358 14
22358 15
22358 16
22358 18
22358 19
22358 20
22358 21
22358 23
22358 24
22358 25
22358 27
22358 28
22358 29
22358 30
22358 31
22358 32
22358 33
22358 34
22358 36
22358 37
22358 38
22358 39
22358 40
22358 41
22358 42
22358 43
22358 44
22358 45
22358 46
22358 48
22358 49
22358 50
22358 51
22358 52
22358 53
22358 54
22358 55
22358 56
22358 57
22358 58
22358 59
22358 60
22358 61
22358 62
22358 65
22358 66
22358 67
22358 68
22358 69
22358 70
22358 72
22358 73
22358 74
22358 75
22358 76
22358 77
22358 79
22358 80
22358 81
22358 82
22358 83
22358 84
22358 85
22358 86
22358 87
22358 88
22358 89
22358 93
22358 94
22358 95
22358 96
22358 97
22358 98
22358 99
22358 100
22358 101
22358 104
22358 105
22358 106
22358 107
22358 108
22358 109
22358 110
22358 112
22358 113
22358 115
22358 116
22358 117
22358 118
22358 119
22358 120
22358 121
22358 122
22358 123
22358 124
22358 125
22358 126
22358 127
22358 128
22358 129
22358 130
22358 131
22358 132
22358 135
22358 136
22358 137
22358 138
22358 139
22358 141
22358 142
22358 143
22358 144
22358 145
22358 146
22358 147
22358 148
22358 149
22358 150
22358 151
22358 153
22358 155
22358 156
22358 157
22358 158
22358 159
22358 160
22358 161
22358 162
22358 163
22358 164
22358 165
22358 166
22358 167
22358 168
22358 169
22358 170
22358 171
22358 172
22358 173
22358 174
22358 175
22358 176
22358 177
22358 178
22358 179
22358 180
22358 181
22358 182
22358 183
22358 184
22358 185
22358 186
22358 187
22358 188
22358 189
22358 190
22358 191
22358 192
22358 193
22358 194
22358 195
22358 196
22358 197
22358 198
22358 199
22358 200
22358 201
22358 202
22358 203
22358 204
22358 205
22358 206
22358 207
22358 208
22358 209
22358 210
22358 211
22358 212
22358 213
22358 214
22358 215
22358 216
22358 217
22358 218
22358 219
22358 220
22358 221
22358 222
22358 223
22358 224
22358 225
22358 229
22358 230
22358 231
22358 232
22359 0
22359 2
22359 3
22359 4
22359 5
22359 6
22359 7
22359 8
22359 9
22359 11
22359 14
22359 15
22359 16
22359 17
22359 18
22359 19
22359 21
22359 22
22359 23
22359 24
22359 26
22359 27
22359 28
22359 29
22359 30
22359 31
22359 32
22359 33
22359 34
22359 35
22359 36
22359 37
22359 39
22359 40
22359 41
22359 43
22359 44
22359 45
22359 47
22359 48
22359 49
22359 50
22359 51
22359 52
22359 53
22359 54
22359 55
22359 56
22359 57
22359 59
22359 60
22359 62
22359 63
22359 64
22359 65
22359 66
22359 67
22359 70
22359 71
22359 72
22359 74
22359 76
22359 77
22359 78
22359 79
22359 80
22359 81
22359 82
22359 83
22359 84
22359 85
22359 86
22359 87
22359 88
22359 89
22359 92
22359 93
22359 94
22359 95
22359 96
22359 97
22359 98
22359 100
22359 101
22359 102
22359 103
22359 105
22359 106
22359 107
22359 108
22359 109
22359 110
22359 111
22359 112
22359 113
22359 114
22359 116
22359 117
22359 118
22359 119
22359 120
22359 121
22359 122
22359 124
22359 126
22359 127
22359 128
22359 129
22359 130
22359 131
22359 132
22359 133
22359 134
22359 135
22359 136
22359 137
22359 139
22359 140
22359 141
22359 142
22359 143
22359 144
22359 145
22359 146
22359 147
22359 148
22359 149
22359 151
22359 152
22359 153
22359 154
22359 155
22359 156
22359 157
22359 159
22359 160
22359 161
22359 163
22359 166
22359 168
22359 169
22359 170
22359 171
22359 172
22359 173
22359 174
22359 175
22359 176
22359 177
22359 178
22359 179
22359 180
22359 181
22359 183
22359 184
22359 186
22359 187
22359 188
22359 189
22359 190
22359 192
22359 193
22359 194
22359 195
22359 196
22359 197
22359 198
22359 200
22359 201
22359 202
22359 203
22359 205
22359 206
22359 207
22359 209
22359 211
22359 212
22359 213
22359 214
22359 215
22359 216
22359 217
22359 218
22359 219
22359 220
22359 221
22359 222
22359 223
22359 225
22359 226
22359 227
22359 228
22359 229
22359 231
22359 232
22359 233
22359 234
22359 235
22359 236
22359 237
22359 238
22359 239
22359 240
22359 241
22359 242
22359 243
22359 244
22359 245
22359 248
22359 249
22359 250
22359 251
22359 252
22359 253
22359 254
22359 255
22359 256
22359 257
22359 258
22359 259
22359 260
22359 261
22359 262
22359 263
22359 264
22359 265
22359 266
22359 268
22359 269
22359 270
22359 271
22359 272
22359 273
22359 274
22359 275
22359 276
22359 277
22359 279
22359 280
22359 281
22359 282
22359 283
22359 284
22359 285
22359 286
22359 287
22359 288
22359 289
22359 290
22359 294
22359 295
22359 296
22359 298
22359 300
22359 301
22359 303
22359 306
22359 308
22359 309
22359 310
22359 311
22359 313
22359 314
22359 315
22359 316
22359 317
22359 318
22359 319
22359 321
22359 322
22359 324
22359 325
22359 326
22359 329
22359 330
22359 332
22359 333
22359 334
22359 335
22359 336
22359 337
22359 338
22359 339
22359 341
22359 342
22359 343
22359 344
22359 346
22359 348
22359 351
22359 352
22359 353
22359 354
22359 355
22359 356
22359 357
22359 358
22359 359
22359 360
22359 361
22359 362
22359 363
22359 364
22359 365
22359 367
22359 368
22359 369
22359 370
22359 371
22359 372
22359 373
22359 374
22359 377
22359 378
22359 379
22359 380
22359 381
22359 382
22359 383
22359 385
22359 386
22359 388
22359 391
22359 392
22359 393
22359 394
22359 395
22359 396
22359 397
22359 398
22359 399
22359 400
22359 401
22359 402
22359 406
22359 407
22359 408
22359 409
22359 410
22359 411
22359 414
22359 415
22359 416
22359 417
22359 418
22359 420
22359 421
22359 422
22359 423
22359 424
22359 425
22359 426
22359 427
22359 428
22359 429
22359 430
22359 431
22359 432
22359 433
22359 434
22359 435
22359 440
22359 442
22359 443
22359 444
22359 445
22359 446
22359 447
22359 448
22359 449
22359 450
22359 451
22359 453
22359 454
22359 455
22359 456
22359 457
22359 458
22359 462
22359 463
22359 464
22359 465
22359 466
22359 467
22359 468
22359 469
22359 470
22359 471
22359 472
22359 473
22359 474
22359 475
22359 476
22359 477
22359 478
22359 479
22359 480
22359 481
22359 482
22359 483
22359 485
22359 486
22359 487
22359 488
22359 489
22359 490
22359 491
22359 492
22359 494
22359 495
22359 496
22359 497
22359 498
22359 500
22359 501
22359 503
22359 504
22359 505
22359 506
22359 507
22359 509
22359 510
22359 513
22359 515
22359 516
22359 517
22359 518
22359 519
22359 520
22359 521
22359 522
22359 523
22359 524
22359 525
22359 526
22359 527
22359 528
22359 529
22359 530
22359 531
22359 532
22359 534
22359 536
22359 537
22359 538
22359 539
22359 540
22359 541
22359 542
22359 543
22359 544
22359 545
22359 546
22359 548
22359 549
22359 550
22359 551
22359 552
22359 553
22359 554
22359 555
22359 557
22359 558
22359 559
22359 561
22360 0
22360 1
22360 2
22360 3
22360 5
22360 6
22360 7
22360 8
22360 10
22360 11
22360 12
22360 14
22360 15
22360 16
22360 17
22360 19
22360 20
22360 21
22360 22
22360 23
22360 24
22360 25
22360 26
22360 27
22360 28
22360 29
22360 30
22360 31
22360 32
22360 34
22360 36
22360 37
22360 38
22360 39
22360 40
22360 43
22360 44
22360 45
22360 46
22360 48
22360 49
22360 50
22360 51
22360 52
22360 53
22360 54
22360 55
22360 56
22360 57
22360 58
22360 59
22360 60
22360 62
22360 63
22360 64
22360 65
22360 66
22360 67
22360 68
22360 69
22360 70
22360 71
22360 72
22360 73
22360 74
22360 75
22360 76
22360 77
22360 78
22360 79
22360 80
22360 81
22360 82
22360 83
22360 84
22360 85
22360 86
22360 87
22360 89
22360 90
22360 91
22360 92
22360 93
22360 94
22360 95
22360 96
22360 97
22360 98
22360 100
22360 101
22360 102
22360 103
22360 104
22360 105
22360 107
22360 108
22360 109
22360 110
22360 111
22360 112
22360 113
22360 114
22360 116
22360 118
22362 0
22362 2
22362 5
22362 6
22362 7
22362 8
22362 9
22362 10
22362 11
22362 13
22362 14
22362 15
22362 18
22362 19
22362 20
22362 23
22362 24
22362 25
22362 26
22362 27
22362 28
22362 29
22362 30
22362 31
22362 32
22362 33
22362 34
22362 35
22362 37
22362 39
22362 40
22362 41
22362 42
22363 1
22363 2
22363 3
22363 4
22363 5
22363 6
22363 7
22363 9
22363 10
22363 11
22363 13
22363 15
22363 16
22363 17
22363 18
22363 19
22363 20
22363 21
22363 22
22363 24
22363 25
22363 26
22363 27
22363 29
22363 30
22363 31
22363 32
22363 33
22363 34
22363 35
22363 36
22363 37
22363 38
22363 40
22363 42
22363 43
22363 44
22363 45
22363 46
22363 47
22363 48
22363 49
22363 50
22363 52
22363 53
22363 54
22363 55
22363 58
22363 59
22363 60
22363 61
22363 62
22363 63
22363 64
22363 65
22363 66
22363 67
22363 68
22363 69
22363 70
22363 71
22363 72
22363 73
22363 74
22363 76
22363 77
22363 79
22365 0
22365 1
22365 2
22365 3
22365 4
22365 5
22365 6
22365 8
22365 9
22365 11
22365 12
22365 13
22365 14
22365 15
22365 16
22365 18
22365 20
22365 22
22365 23
22365 24
22365 25
22365 26
22365 27
22365 28
22365 29
22365 30
22365 31
22365 32
22365 33
22365 34
22365 35
22365 36
22365 37
22365 38
22365 39
22371 45
22371 46
22371 47
22371 48
22371 49
22371 50
22371 51
22371 52
22371 54
22371 55
22371 56
22371 57
22371 58
22371 59
22371 60
22371 61
22371 62
22371 67
22371 68
22371 69
22371 70
22371 71
22371 72
22371 74
22371 75
22371 76
22371 77
22371 79
22371 81
22371 82
22371 84
22371 85
22371 86
22371 92
22371 93
22371 94
22371 95
22371 97
22371 98
22371 99
22371 101
22371 103
22371 104
22371 105
22371 106
22371 107
22371 108
22371 109
22371 110
22371 112
22371 113
22371 114
22371 115
22371 116
22371 118
22371 119
22371 121
22371 122
22371 124
22371 125
22371 126
22371 127
22371 128
22371 129
22371 130
22371 131
22371 132
22371 133
22371 135
22371 136
22371 137
22371 138
22371 140
22371 141
22371 142
22371 143
22371 146
22371 147
22371 148
22371 150
22371 151
22371 152
22371 153
22371 154
22371 155
22371 156
22371 157
22371 158
22371 159
22371 160
22371 161
22371 162
22371 163
22371 164
22371 165
22371 167
22371 168
22371 169
22371 170
22371 171
22371 172
22371 173
22372 1
22372 2
22372 3
22372 4
22372 5
22372 7
22372 9
22372 11
22372 12
22372 14
22372 15
22372 16
22372 17
22372 19
22372 20
22372 22
22372 23
22372 24
22372 25
22372 26
22372 27
22372 28
22372 30
22372 31
22372 32
22372 34
22372 35
22372 36
22372 37
22372 38
22372 39
22372 40
22372 42
22372 43
22372 44
22372 45
22372 47
22372 48
22372 49
22372 50
22372 51
22372 52
22372 53
22372 54
22372 55
22372 57
22372 58
22372 59
22372 63
22374 0
22374 1
22374 2
22374 3
22374 4
22374 5
22374 6
22374 7
22374 8
22374 9
22374 10
22374 11
22374 12
22374 13
22374 14
22374 15
22374 16
22374 18
22374 19
22374 20
22374 21
22374 22
22374 23
22374 25
22374 26
22374 27
22374 28
22374 29
22374 30
22374 31
22374 33
22374 34
22374 36
22374 37
22374 38
22374 39
22374 40
22374 41
22374 42
22374 43
22374 44
22374 45
22374 46
22374 47
22374 48
22374 49
22374 50
22374 51
22374 52
22374 54
22374 55
22374 58
22374 59
22374 61
22374 62
22374 64
22374 67
22374 69
22374 70
22374 71
22374 72
22374 73
22374 74
22374 75
22374 76
22374 77
22374 78
22374 79
22374 80
22374 81
22374 82
22374 83
22374 84
22374 88
22374 89
22374 90
22374 92
22374 93
22374 94
22374 95
22374 98
22374 99
22374 100
22374 101
22374 102
22374 103
22374 104
22374 105
22374 106
22374 107
22374 109
22374 110
22374 111
22374 112
22374 113
22374 114
22374 115
22374 116
22374 119
22374 120
22374 121
22374 122
22374 123
22374 126
22374 127
22374 128
22374 129
22374 130
22374 131
22374 132
22374 133
22374 134
22374 137
22374 139
22374 140
22374 141
22374 142
22374 144
22374 145
22374 148
22374 150
22374 151
22374 152
22374 153
22374 154
22374 155
22374 156
22374 157
22374 158
22374 159
22374 160
22374 161
22374 162
22374 163
22374 165
22374 166
22374 167
22374 168
22374 169
22374 170
22374 171
22374 172
22374 173
22374 174
22374 175
22374 176
22374 177
22374 178
22374 179
22374 180
22374 181
22374 182
22374 183
22374 184
22374 185
22374 187
22374 188
22374 189
22374 190
22374 191
22374 192
22374 194
22374 196
22374 197
22374 198
22374 199
22374 200
22374 201
22374 202
22374 204
22374 206
22374 208
22374 209
22374 210
22374 212
22374 214
22374 215
22374 216
22374 217
22374 218
22374 219
22374 220
22374 221
22374 222
22374 223
22374 224
22374 225
22374 226
22374 228
22374 230
22374 232
22374 233
22374 234
22374 235
22374 236
22374 237
22374 238
22374 239
22374 240
22374 241
22374 242
22374 243
22374 244
22374 246
22374 247
22374 248
22374 249
22374 250
22374 251
22374 255
22374 256
22374 257
22374 259
22374 260
22374 261
22374 262
22374 263
22374 265
22374 266
22374 267
22374 269
22374 270
22374 271
22374 272
22374 273
22374 275
22374 277
22374 278
22374 279
22374 280
22374 285
22374 286
22374 287
22374 289
22374 290
22374 291
22374 292
22374 294
22374 295
22374 297
22374 298
22374 299
22374 300
22374 301
22374 302
22374 303
22374 304
22374 305
22374 306
22374 307
22374 309
22375 0
22375 1
22375 2
22375 3
22375 4
22375 5
22375 6
22375 7
22375 8
22375 9
22375 10
22375 11
22375 12
22375 13
22375 14
22375 17
22375 19
22375 21
22375 22
22375 23
22375 24
22375 25
22375 26
22375 27
22375 29
22375 30
22375 31
22375 32
22375 33
22375 34
22375 35
22375 36
22375 37
22375 38
22375 39
22375 40
22375 42
22375 43
22375 44
22375 45
22375 46
22375 47
22375 49
22375 51
22375 52
22375 53
22375 56
22375 57
22375 60
22375 62
22375 63
22375 64
22375 65
22375 66
22375 67
22375 68
22375 69
22375 71
22375 72
22375 73
22375 74
22375 75
22375 76
22375 77
22375 78
22375 80
22375 82
22375 83
22375 84
22375 85
22375 88
22375 89
22375 90
22375 91
22375 94
22375 95
22375 96
22375 97
22375 98
22375 101
22375 102
22375 103
22375 105
22375 106
22375 107
22375 108
22375 109
22375 110
22375 112
22375 113
22375 115
22375 116
22375 117
22375 118
22375 119
22375 120
22375 122
22375 125
22375 127
22375 128
22375 130
22375 131
22375 134
22375 135
22375 136
22375 137
22375 138
22375 139
22375 140
22375 141
22375 142
22375 143
22375 144
22375 145
22375 147
22375 148
22375 149
22375 150
22375 151
22375 152
22375 154
22375 155
22375 156
22375 157
22375 158
22375 160
22375 161
22375 162
22375 164
22375 165
22375 166
22375 168
22375 169
22375 170
22375 171
22375 172
22375 174
22375 175
22375 177
22375 178
22375 179
22375 180
22375 181
22375 182
22375 183
22375 185
22375 186
22375 187
22375 188
22375 189
22375 190
22375 191
22375 192
22375 193
22375 194
22375 195
22375 196
22375 197
22375 198
22375 199
22375 200
22375 201
22375 202
22375 203
22375 204
22375 205
22375 206
22375 207
22375 208
22375 209
22375 211
22376 0
22376 1
22376 2
22376 3
22376 5
22376 6
22376 7
22376 8
22376 9
22376 10
22376 12
22376 14
22376 15
22376 16
22376 17
22376 18
22376 20
22376 21
22376 22
22376 23
22376 24
22376 25
22376 26
22376 27
22376 28
22376 29
22376 30
22376 31
22376 32
22376 33
22376 34
22376 35
22376 36
22376 38
22376 39
22376 40
22376 41
22376 43
22376 45
22376 47
22376 48
22376 49
22376 50
22376 52
22376 53
22376 55
22376 56
22376 57
22376 58
22376 61
22376 62
22376 63
22376 64
22376 65
22376 66
22376 67
22376 68
22376 69
22376 70
22376 71
22376 72
22376 73
22376 74
22376 75
22376 76
22376 77
22376 78
22376 81
22376 82
22376 84
22376 85
22376 86
22376 87
22376 88
22376 89
22376 90
22376 91
22376 92
22376 93
22376 94
22376 95
22376 97
22376 98
22376 99
22376 101
22376 102
22376 103
22376 104
22376 105
22376 107
22376 108
22376 109
22376 110
22376 111
22376 113
22376 114
22376 115
22376 116
22376 117
22376 118
22376 119
22376 120
22376 121
22376 122
22376 123
22376 125
22376 126
22376 127
22376 128
22376 130
22376 131
22376 132
22376 133
22376 134
22376 136
22376 137
22376 138
22376 139
22376 140
22376 141
22376 143
22376 146
22376 147
22376 149
22376 150
22376 151
22376 152
22376 153
22376 154
22376 155
22376 156
22376 158
22376 159
22376 160
22376 161
22376 162
22376 163
22376 164
22376 165
22376 166
22376 167
22376 168
22376 169
22376 170
22376 171
22376 172
22376 173
22376 174
22376 175
22376 176
22376 177
22376 178
22376 179
22376 180
22376 181
22376 182
22376 183
22376 184
22376 185
22376 186
22376 187
22376 188
22376 189
22376 190
22376 191
22376 192
22376 195
22376 196
22376 197
22376 198
22376 199
22376 200
22376 201
22376 202
22376 203
22376 204
22376 205
22376 207
22376 208
22376 210
22376 211
22376 212
22376 213
22376 215
22376 216
22376 217
22376 219
22376 220
22376 221
22376 222
22376 223
22376 225
22376 226
22376 227
22376 228
22376 229
22376 230
22376 231
22376 232
22376 233
22376 234
22376 235
22376 236
22376 237
22376 239
22376 240
22376 241
22376 242
22376 243
22376 244
22376 245
22376 246
22376 247
22376 248
22376 249
22376 250
22376 254
22376 255
22376 256
22376 257
22376 258
22376 259
22376 261
22376 262
22376 263
22376 264
22376 265
22376 266
22376 267
22376 268
22376 269
22376 270
22376 271
22376 272
22376 273
22376 274
22376 275
22376 276
22376 277
22376 278
22376 280
22376 281
22376 283
22376 284
22376 285
22376 286
22376 287
22376 288
22376 290
22376 291
22376 292
22376 293
22376 294
22376 295
22376 296
22376 297
22376 298
22376 299
22376 300
22376 301
22376 302
22376 303
22376 304
22376 305
22376 306
22376 307
22376 308
22376 309
22376 310
22376 311
22376 312
22376 313
22376 314
22376 315
22376 316
22376 318
22376 319
22376 320
22376 321
22376 322
22376 323
22376 325
22376 326
22376 327
22376 328
22376 330
22376 331
22376 332
22376 333
22376 334
22376 336
22376 337
22376 338
22376 339
22376 340
22376 341
22376 342
22376 343
22376 344
22376 346
22376 347
22376 348
22376 349
22376 350
22376 351
22376 352
22376 353
22376 354
22376 355
22376 356
22376 357
22376 358
22376 359
22376 360
22376 361
22376 362
22376 364
22376 365
22376 366
22376 367
22377 0
22377 1
22377 2
22377 3
22377 4
22377 5
22377 6
22377 8
22377 9
22377 10
22377 11
22377 12
22377 13
22377 16
22377 17
22377 20
22377 21
22377 22
22377 24
22377 25
22377 26
22377 29
22377 30
22377 31
22377 32
22377 33
22377 34
22377 35
22377 36
22377 37
22377 39
22377 41
22377 42
22377 43
22377 44
22377 45
22377 46
22377 48
22377 49
22377 50
22377 51
22377 52
22377 54
22377 56
22377 57
22377 58
22377 59
22377 60
22377 61
22377 62
22377 63
22377 64
22377 65
22377 66
22377 68
22377 70
22377 71
22377 73
22377 74
22377 75
22377 76
22377 77
22377 78
22377 79
22377 80
22377 81
22377 82
22377 83
22377 84
22377 85
22377 86
22377 87
22377 88
22377 89
22377 90
22377 91
22377 92
22377 93
22377 94
22377 95
22377 96
22377 97
22377 98
22377 99
22377 100
22378 0
22378 1
22378 2
22378 4
22378 5
22378 6
22378 7
22378 9
22378 10
22378 11
22378 12
22378 13
22378 14
22378 15
22378 16
22378 17
22378 19
22378 20
22378 21
22378 22
22378 23
22378 25
22378 26
22378 27
22378 28
22378 29
22378 30
22378 31
22378 32
22378 33
22378 34
22378 35
22378 36
22378 37
22378 38
22378 39
22378 41
22378 42
22378 43
22378 44
22379 0
22379 4
22379 5
22379 6
22379 7
22379 8
22379 10
22379 11
22379 12
22379 13
22379 14
22379 15
22379 16
22379 17
22379 20
22379 21
22379 22
22379 23
22379 24
22379 26
22379 27
22379 28
22379 30
22379 31
22379 32
22379 33
22379 34
22379 35
22379 36
22379 39
22379 40
22379 41
22379 42
22379 43
22379 44
22379 45
22379 46
22379 48
22379 49
22379 50
22379 51
22379 52
22379 53
22379 54
22379 55
22379 56
22379 59
22379 60
22379 61
22379 63
22379 66
22379 67
22379 68
22379 69
22379 70
22379 71
22379 72
22379 73
22379 74
22379 76
22379 77
22379 79
22379 80
22379 81
22379 82
22379 83
22379 85
22379 86
22379 87
22379 88
22379 89
22379 90
22379 93
22379 95
22379 96
22379 97
22379 98
22379 99
22379 100
22379 101
22379 102
22379 103
22379 104
22379 106
22379 107
22379 108
22379 109
22379 110
22379 111
22379 112
22379 113
22379 114
22379 115
22379 116
22379 117
22379 118
22379 119
22379 121
22379 122
22379 123
22379 124
22379 125
22379 126
22379 127
22379 128
22379 129
22379 130
22379 131
22379 132
22379 133
22379 134
22379 135
22379 137
22379 138
22379 139
22379 141
22379 143
22379 144
22379 145
22379 146
22379 147
22379 148
22379 149
22379 150
22379 152
22379 153
22379 154
22379 155
22379 156
22379 157
22379 158
22379 159
22379 160
22379 161
22379 162
22379 163
22379 164
22379 165
22379 166
22379 167
22379 168
22379 169
22379 170
22379 171
22379 172
22379 173
22379 175
22379 176
22379 178
22379 179
22379 180
22379 181
22379 182
22379 184
22379 186
22379 187
22379 188
22379 190
22379 192
22379 193
22379 194
22379 195
22379 196
22379 197
22379 198
22379 199
22379 200
22379 201
22379 203
22379 204
22379 205
22379 206
22379 207
22379 209
22379 210
22379 211
22379 212
22379 213
22379 232
22379 233
22379 235
22379 236
22379 237
22379 238
22379 239
22379 240
22379 241
22379 242
22379 243
22379 244
22379 245
22379 246
22380 0
22380 1
22380 2
22380 3
22380 6
22380 7
22380 10
22380 11
22380 12
22380 13
22380 15
22380 16
22380 17
22380 18
22380 19
22380 20
22380 21
22380 22
22380 23
22380 24
22380 25
22380 27
22380 28
22380 30
22380 31
22380 32
22380 33
22380 34
22380 35
22380 36
22380 37
22380 38
22380 39
22380 40
22380 42
22380 44
22380 45
22380 46
22380 47
22380 49
22380 50
22380 51
22380 52
22380 53
22380 54
22380 55
22380 56
22380 58
22380 60
22380 61
22380 62
22380 63
22380 64
22380 65
22380 66
22380 67
22380 68
22380 69
22380 70
22380 71
22380 72
22380 73
22380 74
22380 76
22380 77
22380 78
22380 79
22380 80
22380 81
22380 82
22380 84
22380 85
22380 86
22380 87
22380 88
22380 91
22380 92
22380 93
22380 95
22380 96
22380 97
22380 98
22380 99
22380 101
22380 102
22380 104
22380 105
22380 106
22380 107
22380 108
22380 109
22380 110
22380 111
22380 113
22380 114
22380 115
22380 116
22380 118
22380 120
22380 122
22380 123
22380 124
22380 125
22380 126
22380 127
22380 128
22380 129
22380 130
22380 131
22380 132
22380 133
22380 134
22380 135
22380 136
22380 137
22380 140
22380 141
22380 142
22380 144
22380 145
22380 146
22380 147
22380 148
22380 149
22380 151
22380 152
22380 153
22380 155
22380 156
22380 157
22380 159
22380 160
22380 161
22380 162
22380 163
22380 165
22380 166
22380 168
22380 169
22380 170
22380 171
22380 172
22380 173
22380 174
22380 175
22380 176
22380 177
22380 178
22380 179
22380 180
22380 181
22380 182
22380 184
22380 185
22380 186
22380 187
22380 188
22380 189
22380 190
22380 192
22380 193
22380 194
22380 195
22380 196
22380 197
22380 198
22380 199
22380 200
22380 201
22380 202
22380 203
22380 204
22380 205
22380 206
22380 207
22380 208
22380 210
22380 211
22380 212
22380 213
22380 214
22380 215
22380 216
22380 217
22380 218
22380 219
22380 220
22380 222
22380 223
22380 224
22380 227
22380 228
22380 229
22380 230
22380 232
22380 233
22380 235
22380 237
22380 238
22380 239
22380 240
22380 241
22380 242
22380 243
22380 246
22380 247
22380 248
22380 249
22380 252
22380 254
22380 255
22380 256
22380 257
22380 260
22380 261
22380 262
22380 264
22380 265
22380 266
22380 268
22380 269
22380 271
22380 275
22380 276
22380 277
22380 279
22380 280
22380 281
22380 282
22380 283
22380 284
22380 285
22380 286
22380 288
22380 289
22380 290
22380 291
22380 292
22381 0
22381 1
22381 2
22381 3
22381 5
22381 6
22381 7
22381 8
22381 9
22381 10
22381 11
22381 12
22381 13
22381 14
22381 15
22381 16
22381 17
22381 18
22381 19
22381 21
22381 22
22381 23
22381 24
22381 25
22381 26
22381 27
22381 28
22381 29
22381 31
22381 32
22381 33
22381 34
22381 35
22381 36
22381 38
22381 39
22381 40
22381 41
22381 42
22381 43
22381 44
22381 45
22381 46
22381 48
22381 49
22381 50
22381 51
22381 52
22381 53
22381 54
22381 56
22381 58
22381 59
22381 60
22381 61
22381 62
22381 64
22381 65
22381 66
22381 67
22381 68
22381 70
22381 71
22381 72
22381 74
22381 75
22381 76
22381 77
22381 78
22381 79
22381 80
22381 81
22381 83
22381 84
22381 85
22381 86
22381 87
22381 88
22381 89
22381 90
22381 91
22381 92
22381 93
22381 94
22381 95
22381 96
22381 97
22381 98
22381 100
22381 101
22381 102
22381 103
22381 104
22381 105
22381 106
22381 107
22381 108
22381 110
22381 111
22381 112
22381 113
22381 114
22381 116
22381 118
22381 119
22381 120
22381 121
22381 123
22381 125
22381 126
22381 127
22381 128
22381 129
22381 130
22381 131
22381 132
22381 134
22381 135
22381 136
22381 137
22381 138
22381 140
22381 142
22381 143
22381 144
22381 145
22381 146
22381 148
22381 149
22381 150
22381 151
22381 152
22381 153
22381 154
22381 156
22381 157
22381 158
22381 159
22381 160
22381 161
22381 162
22381 163
22381 164
22381 165
22381 166
22381 167
22381 168
22381 169
22381 171
22381 172
22381 173
22381 174
22381 176
22381 177
22381 178
22381 179
22381 180
22381 181
22381 182
22381 183
22381 184
22381 185
22381 186
22381 187
22381 188
22381 190
22381 191
22381 192
22381 194
22381 195
22381 196
22381 197
22381 198
22381 199
22381 200
22381 201
22381 202
22381 203
22381 204
22381 206
22381 207
22381 209
22381 210
22381 211
22381 212
22381 213
22381 215
22381 216
22381 217
22381 218
22381 219
22381 220
22381 221
22381 223
22381 225
22381 226
22381 227
22381 228
22381 229
22381 230
22381 231
22382 0
22382 1
22382 2
22382 3
22382 4
22382 5
22382 6
22382 7
22382 8
22382 9
22382 10
22382 11
22382 12
22382 15
22382 16
22382 17
22382 18
22382 19
22382 22
22382 23
22382 24
22382 25
22382 26
22382 27
22382 30
22382 31
22382 32
22382 33
22382 34
22382 35
22382 36
22382 37
22382 38
22382 39
22382 40
22382 41
22382 42
22382 43
22382 44
22382 45
22383 0
22383 1
22383 2
22383 4
22383 5
22383 6
22383 8
22383 10
22383 11
22383 12
22383 14
22383 15
22383 16
22383 17
22383 18
22383 20
22383 21
22383 22
22383 23
22383 24
22383 25
22383 26
22383 27
22383 28
22383 29
22383 30
22383 31
22383 33
22383 35
22383 38
22383 41
22383 44
22383 45
22383 46
22383 47
22383 48
22383 49
22383 50
22383 51
22383 52
22383 53
22383 54
22383 55
22383 56
22383 58
22383 59
22383 60
22383 61
22383 62
22383 64
22383 65
22383 66
22383 67
22383 69
22383 70
22383 71
22383 72
22383 73
22383 75
22385 0
22385 1
22385 2
22385 3
22385 4
22385 5
22385 8
22385 9
22385 10
22385 11
22385 12
22385 13
22385 14
22385 15
22385 16
22385 17
22385 18
22385 19
22385 20
22385 21
22385 22
22385 23
22385 24
22385 26
22385 27
22385 28
22385 29
22385 30
22385 35
22385 37
22385 39
22385 40
22385 41
22385 42
22385 43
22385 44
22385 45
22385 46
22385 47
22385 48
22385 50
22385 51
22385 52
22385 53
22385 54
22385 55
22385 56
22385 57
22385 58
22385 60
22385 61
22385 62
22385 63
22385 64
22385 65
22385 66
22385 68
22385 69
22385 71
22385 72
22385 73
22385 74
22385 76
22385 79
22385 80
22385 82
22385 83
22385 84
22385 85
22385 86
22385 126
22385 127
22385 128
22385 129
22385 130
22385 131
22385 132
22385 133
22385 134
22385 136
22385 137
22385 138
22385 139
22385 142
22385 143
22385 144
22385 145
22385 146
22385 148
22385 149
22385 151
22385 152
22385 153
22385 154
22385 155
22385 156
22385 157
22385 158
22385 159
22385 160
22385 161
22385 162
22385 163
22385 164
22385 165
22385 166
22385 167
22385 169
22385 171
22385 172
22385 173
22385 175
22385 176
22385 177
22385 178
22385 179
22385 180
22385 181
22385 182
22385 183
22385 185
22385 187
22385 188
22385 189
22385 190
22385 193
22385 194
22385 195
22385 196
22385 198
22385 199
22385 200
22385 201
22385 202
22385 204
22385 206
22385 207
22385 208
22385 209
22385 210
22385 211
22385 213
22385 214
22385 216
22385 217
22385 218
22385 220
22385 221
22385 222
22385 223
22385 225
22385 226
22385 228
22385 231
22385 232
22385 234
22385 235
22385 236
22385 237
22385 239
22385 240
22385 241
22385 242
22385 243
22385 245
22385 246
22385 247
22385 249
22385 250
22385 251
22385 252
22385 253
22385 254
22385 255
22385 256
22385 257
22385 258
22385 259
22385 260
22385 262
22385 264
22385 265
22385 266
22385 267
22385 268
22385 269
22385 272
22385 273
22385 274
22385 275
22385 276
22385 277
22385 278
22385 280
22385 282
22385 284
22385 285
22385 286
22385 287
22385 289
22385 290
22385 291
22385 292
22385 293
22385 294
22385 295
22385 296
22385 297
22385 298
22385 299
22385 300
22385 301
22385 302
22385 303
22385 304
22385 305
22385 306
22385 307
22385 309
22385 311
22385 313
22385 314
22385 315
22385 316
22385 317
22385 318
22385 319
22385 320
22385 321
22385 323
22385 324
22385 325
22385 326
22385 327
22385 328
22385 329
22385 333
22385 334
22385 336
22385 337
22385 338
22385 339
22385 340
22385 341
22385 342
22385 343
22385 344
22385 346
22385 347
22385 348
22385 349
22385 350
22385 351
22385 352
22385 353
22385 354
22385 355
22385 356
22385 357
22385 358
22385 360
22385 361
22385 362
22385 363
22385 364
22385 365
22385 366
22385 367
22385 368
22385 369
22385 370
22385 371
22385 372
22385 373
22385 374
22385 376
22385 377
22385 378
22385 379
22386 0
22386 1
22386 2
22386 3
22386 4
22386 5
22386 6
22386 7
22386 8
22386 9
22386 10
22386 11
22386 12
22386 13
22386 14
22386 15
22386 16
22386 17
22386 18
22386 19
22386 20
22386 21
22386 22
22386 23
22386 25
22386 26
22386 27
22386 28
22386 29
22386 30
22386 31
22386 32
22386 33
22386 34
22386 35
22386 37
22386 38
22386 39
22386 41
22386 42
22386 43
22386 44
22386 45
22386 46
22386 47
22386 49
22386 50
22386 51
22386 53
22386 54
22386 55
22386 56
22386 57
22386 58
22386 59
22386 61
22386 62
22386 63
22386 64
22386 65
22386 66
22386 67
22386 68
22386 69
22386 70
22386 72
22386 73
22386 74
22386 75
22386 76
22386 77
22386 78
22386 79
22386 80
22386 81
22386 82
22386 83
22386 85
22386 86
22386 87
22386 88
22386 89
22386 90
22386 92
22386 93
22386 94
22386 96
22386 97
22386 98
22386 100
22386 101
22386 102
22386 103
22386 104
22386 105
22386 106
22386 107
22386 109
22386 110
22386 111
22386 112
22386 113
22386 114
22386 115
22386 116
22386 117
22386 118
22386 120
22386 121
22386 122
22386 124
22386 125
22386 126
22386 127
22386 128
22386 129
22386 130
22386 131
22386 132
22386 133
22386 135
22386 136
22386 137
22386 138
22386 140
22386 141
22386 142
22386 143
22386 144
22386 146
22386 147
22386 148
22386 149
22386 151
22386 152
22386 153
22386 154
22386 155
22386 156
22386 158
22386 159
22386 160
22386 161
22386 162
22386 163
22386 164
22386 168
22386 170
22386 171
22386 172
22386 174
22386 175
22386 176
22386 177
22386 178
22386 180
22386 182
22386 183
22386 185
22386 186
22386 188
22386 189
22386 190
22386 191
22386 192
22386 193
22386 194
22386 195
22386 196
22386 197
22386 198
22386 199
22386 200
22386 201
22386 202
22386 203
22386 204
22386 205
22386 207
22386 208
22386 210
22386 211
22386 213
22386 214
22386 215
22386 217
22386 218
22386 220
22386 221
22386 222
22386 223
22386 225
22386 226
22386 227
22386 228
22386 229
22386 230
22386 231
22386 233
22386 234
22386 235
22386 237
22386 238
22386 239
22386 242
22386 243
22386 244
22386 245
22386 246
22386 247
22386 248
22386 249
22386 252
22386 253
22386 256
22386 257
22386 258
22386 259
22386 260
22386 261
22386 262
22386 263
22386 264
22386 265
22386 266
22386 267
22386 268
22386 269
22386 271
22386 272
22386 273
22386 274
22386 275
22386 276
22386 277
22386 278
22386 279
22386 280
22386 281
22386 282
22386 283
22386 285
22386 286
22386 287
22386 289
22386 290
22386 291
22386 292
22386 293
22386 294
22386 295
22386 296
22386 297
22386 299
22386 300
22386 302
22386 304
22386 305
22386 306
22386 307
22386 309
22386 310
22386 311
22386 312
22386 313
22386 314
22386 315
22386 316
22386 317
22386 319
22386 322
22386 323
22386 324
22386 325
22386 326
22386 327
22386 328
22386 329
22386 331
22387 0
22387 1
22387 2
22387 4
22387 5
22387 7
22387 9
22387 10
22387 11
22387 12
22387 13
22387 14
22387 15
22387 16
22387 17
22387 18
22387 19
22387 20
22387 22
22387 23
22387 25
22387 26
22387 29
22387 30
22387 31
22387 33
22387 34
22387 36
22387 37
22387 38
22387 40
22387 41
22387 43
22387 45
22387 46
22387 47
22387 48
22387 49
22387 51
22387 52
22387 53
22387 54
22387 55
22387 56
22387 57
22387 58
22387 59
22387 60
22387 62
22387 63
22387 64
22387 65
22387 67
22387 68
22387 69
22387 70
22387 71
22387 73
22387 74
22387 75
22387 76
22387 77
22387 79
22387 80
22387 81
22387 82
22387 83
22387 84
22387 85
22387 87
22387 88
22387 89
22387 90
22387 91
22387 92
22387 93
22387 94
22387 95
22387 98
22387 99
22387 100
22387 101
22387 102
22387 103
22387 104
22387 106
22387 107
22387 108
22387 109
22387 110
22387 111
22387 112
22387 113
22387 115
22388 0
22388 1
22388 2
22388 3
22388 4
22388 5
22388 6
22388 8
22388 9
22388 10
22388 11
22388 12
22388 13
22388 14
22388 15
22388 16
22388 18
22388 20
22388 21
22388 22
22388 23
22388 24
22388 25
22388 26
22388 27
22388 28
22388 29
22388 30
22388 31
22388 32
22388 33
22388 34
22388 35
22388 36
22388 37
22388 38
22388 39
22388 40
22388 41
22388 45
22388 46
22388 48
22388 49
22388 50
22388 51
22388 52
22388 53
22388 54
22388 55
22388 56
22388 57
22388 59
22388 60
22388 61
22388 62
22388 63
22388 64
22388 65
22388 66
22388 67
22388 68
22388 69
22388 72
22388 73
22388 74
22388 75
22388 77
22388 78
22388 79
22388 81
22388 82
22388 83
22388 84
22388 85
22388 86
22388 88
22388 89
22388 90
22388 91
22388 92
22388 93
22388 94
22388 95
22388 96
22388 97
22388 98
22388 99
22388 100
22388 101
22388 102
22388 103
22388 104
22388 107
22388 108
22388 109
22388 110
22388 111
22388 112
22388 113
22388 116
22388 117
22388 118
22388 119
22388 120
22388 121
22388 122
22388 123
22388 124
22388 125
22388 127
22388 128
22388 129
22388 130
22388 132
22388 133
22388 135
22388 136
22388 137
22388 138
22388 139
22388 140
22388 141
22388 142
22388 144
22388 145
22388 146
22388 147
22388 148
22388 149
22388 151
22388 152
22388 155
22388 156
22388 157
22388 158
22388 159
22388 160
22388 161
22388 162
22388 163
22388 164
22388 165
22388 166
22388 167
22388 168
22388 169
22388 170
22388 171
22388 172
22388 173
22388 174
22388 175
22388 176
22388 178
22388 179
22388 180
22388 181
22388 182
22388 183
22388 184
22388 185
22388 186
22388 188
22388 189
22388 190
22388 191
22388 192
22388 193
22388 195
22388 197
22388 198
22388 199
22388 200
22388 201
22388 203
22388 204
22388 205
22388 206
22388 207
22388 208
22388 210
22388 211
22388 212
22388 213
22388 214
22388 215
22388 216
22388 217
22388 218
22388 219
22388 220
22388 221
22388 222
22388 223
22388 224
22388 225
22388 226
22388 227
22388 228
22388 229
22388 231
22388 232
22388 233
22388 234
22388 235
22388 236
22388 237
22388 238
22388 239
22388 240
22388 241
22388 242
22388 243
22388 244
22388 245
22388 246
22388 247
22388 248
22388 249
22388 253
22388 254
22388 255
22388 256
22388 257
22388 258
22388 260
22388 261
22388 263
22388 264
22388 265
22388 266
22388 267
22388 268
22388 269
22388 270
22388 272
22388 273
22388 275
22388 276
22388 277
22388 280
22388 281
22388 282
22388 283
22388 285
22388 287
22388 288
22388 289
22388 290
22388 291
22388 292
22388 293
22388 294
22388 295
22388 296
22388 297
22388 298
22388 300
22388 302
22388 303
22388 306
22388 308
22388 309
22388 310
22388 311
22388 312
22388 313
22388 315
22388 316
22388 317
22388 318
22388 319
22388 320
22388 321
22388 322
22388 323
22388 324
22388 325
22388 326
22388 327
22388 328
22388 330
22388 331
22388 332
22388 333
22388 336
22388 337
22388 338
22388 339
22388 340
22388 341
22388 342
22388 343
22388 345
22388 346
22388 347
22388 349
22388 350
22388 351
22388 352
22388 354
22388 355
22388 356
22388 358
22388 359
22388 360
22388 361
22388 362
22388 363
22388 364
22388 365
22388 366
22388 367
22388 368
22388 369
22389 0
22389 1
22389 2
22389 3
22389 4
22389 5
22389 6
22389 7
22389 8
22389 11
22389 12
22389 14
22389 15
22389 16
22389 17
22389 18
22389 19
22389 21
22389 22
22389 23
22389 24
22389 25
22389 26
22389 28
22389 30
22389 31
22389 32
22389 33
22389 34
22389 35
22389 38
22389 39
22389 40
22389 41
22389 42
22389 43
22389 45
22389 46
22389 47
22389 48
22389 49
22389 50
22389 52
22389 53
22389 54
22389 55
22389 56
22389 57
22389 58
22389 59
22389 60
22389 61
22389 62
22389 63
22389 65
22389 66
22389 67
22389 68
22389 69
22389 70
22389 72
22389 73
22389 74
22389 75
22389 76
22389 77
22389 79
22389 80
22389 81
22389 82
22389 83
22389 84
22389 85
22389 86
22389 87
22389 90
22389 91
22389 92
22389 93
22389 94
22389 95
22392 54
22392 56
22392 57
22392 58
22392 59
22392 61
22392 62
22392 63
22392 64
22392 65
22392 66
22392 67
22392 68
22392 71
22392 72
22392 73
22392 74
22392 75
22392 76
22392 77
22392 78
22392 79
22392 81
22392 82
22392 84
22392 85
22392 86
22392 87
22392 88
22392 89
22392 90
22392 91
22392 92
22392 93
22392 94
22392 95
22392 96
22392 97
22392 98
22392 99
22392 103
22392 104
22392 105
22392 106
22392 108
22392 109
22392 113
22392 114
22392 115
22392 116
22392 117
22392 119
22392 120
22392 122
22392 123
22392 124
22392 125
22392 126
22392 128
22392 130
22392 132
22392 133
22392 135
22392 136
22392 137
22392 138
22392 139
22392 141
22392 142
22392 143
22392 144
22392 145
22392 146
22392 147
22392 148
22392 150
22392 152
22392 153
22392 154
22393 0
22393 1
22393 2
22393 3
22393 4
22393 7
22393 8
22393 9
22393 10
22393 11
22393 12
22393 13
22393 14
22393 15
22393 16
22393 17
22393 18
22393 19
22393 20
22393 21
22393 22
22393 25
22393 26
22393 27
22393 28
22393 29
22393 31
22393 32
22393 33
22393 34
22394 0
22394 1
22394 2
22394 3
22394 4
22394 5
22394 6
22394 7
22394 8
22394 9
22394 12
22394 13
22394 15
22394 16
22394 17
22394 34
22394 35
22394 36
22394 37
22394 38
22394 39
22394 40
22394 41
22394 43
22394 44
22394 45
22394 46
22394 47
22394 48
22394 49
22394 50
22394 51
22394 52
22394 53
22394 54
22394 55
22394 56
22394 58
22394 59
22394 61
22394 63
22394 64
22394 65
22394 66
22394 67
22394 68
22394 69
22394 70
22394 71
22394 72
22394 73
22394 74
22394 75
22394 76
22394 79
22394 81
22394 83
22394 84
22394 86
22394 87
22394 88
22394 89
22394 90
22394 91
22394 92
22394 93
22394 94
22394 96
22394 97
22394 98
22394 100
22394 102
22394 103
22394 104
22394 105
22394 106
22394 107
22394 108
22394 109
22394 110
22394 111
22394 113
22394 114
22394 115
22394 116
22394 117
22394 119
22394 120
22394 121
22394 122
22394 123
22394 124
22394 125
22394 127
22394 128
22394 129
22394 130
22394 131
22394 132
22394 133
22394 134
22394 135
22394 138
22394 139
22394 140
22394 141
22394 142
22394 143
22394 144
22394 145
22394 146
22394 148
22394 149
22394 150
22394 151
22394 152
22394 153
22394 154
22394 155
22394 158
22394 159
22394 161
22394 162
22394 163
22394 164
22394 166
22394 168
22394 169
22394 171
22394 172
22394 173
22394 174
22394 175
22394 176
22394 177
22394 178
22394 179
22394 180
22394 181
22394 182
22394 183
22394 184
22394 185
22394 186
22394 187
22394 189
22394 190
22394 191
22394 192
22394 193
22394 194
22394 195
22394 196
22394 197
22394 198
22394 201
22394 203
22394 204
22394 205
22394 206
22394 207
22394 208
22394 209
22394 210
22394 213
22394 214
22394 215
22394 218
22394 219
22394 220
22394 221
22394 222
22394 223
22394 224
22394 225
22394 226
22394 227
22394 228
22394 229
22394 230
22394 231
22394 232
22394 233
22394 234
22394 235
22394 236
22394 237
22394 238
22394 239
22394 240
22394 241
22394 242
22394 243
22394 244
22394 245
22394 246
22394 248
22394 251
22394 252
22394 253
22394 254
22394 255
22394 256
22394 257
22394 259
22394 260
22394 261
22394 262
22394 263
22394 264
22394 265
22394 266
22394 267
22394 269
22394 272
22394 274
22394 275
22394 277
22394 278
22394 279
22394 280
22394 281
22394 282
22394 283
22394 284
22394 285
22394 286
22394 287
22394 288
22394 289
22394 290
22394 291
22394 292
22394 293
22394 295
22394 296
22394 297
22394 298
22394 299
22394 300
22394 301
22394 302
22394 303
22394 304
22394 305
22394 307
22394 308
22394 309
22394 310
22394 311
22394 312
22394 313
22394 314
22394 315
22394 316
22394 317
22394 318
22394 319
22394 320
22394 322
22394 324
22394 325
22394 326
22394 327
22394 328
22394 329
22394 330
22394 331
22394 332
22394 334
22394 335
22394 336
22394 337
22394 338
22394 339
22394 340
22394 341
22394 342
22394 343
22394 345
22394 346
22394 349
22394 350
22394 351
22394 352
22394 353
22394 354
22394 356
22394 357
22394 358
22394 360
22394 361
22394 362
22394 363
22394 364
22394 365
22394 366
22394 368
22394 370
22394 371
22394 372
22394 373
22394 374
22394 376
22394 377
22394 378
22394 380
22394 381
22394 382
22394 384
22394 386
22394 387
22394 388
22394 389
22394 390
22394 391
22394 392
22394 393
22394 394
22394 397
22394 398
22394 399
22394 400
22394 403
22394 404
22394 405
22394 406
22394 407
22394 408
22394 409
22394 410
22394 411
22394 412
22394 413
22394 414
22394 415
22394 416
22394 417
22394 418
22394 419
22394 420
22394 422
22394 423
22394 424
22394 425
22394 426
22394 427
22394 429
22394 430
22394 431
22394 432
22394 433
22394 435
22394 436
22394 437
22394 438
22394 439
22394 440
22394 441
22394 442
22394 443
22394 444
22394 445
22394 446
22394 447
22394 448
22394 450
22394 451
22394 452
22394 453
22394 454
22394 455
22394 457
22394 458
22394 459
22394 460
22394 461
22394 462
22394 464
22394 465
22394 466
22394 468
22394 469
22394 471
22394 473
22394 474
22394 476
22394 477
22394 478
22394 479
22394 481
22394 482
22394 483
22394 484
22394 485
22394 486
22394 489
22394 490
22394 491
22394 493
22394 494
22394 495
22394 496
22394 497
22394 498
22394 499
22394 501
22394 502
22394 503
22394 504
22394 505
22394 506
22394 507
22394 508
22394 510
22394 511
22394 512
22394 513
22394 514
22394 515
22394 517
22394 518
22394 519
22394 520
22394 521
22394 522
22394 523
22394 524
22394 525
22394 526
22394 527
22394 528
22394 531
22394 532
22394 533
22394 535
22394 536
22394 537
22394 538
22394 540
22394 541
22394 542
22394 543
22394 544
22394 546
22394 547
22394 548
22394 549
22395 0
22395 1
22395 2
22395 3
22395 5
22395 8
22395 9
22395 10
22395 11
22395 12
22395 13
22395 14
22395 15
22395 16
22395 17
22395 18
22395 19
22395 20
22395 21
22395 22
22395 24
22395 25
22395 26
22395 27
22395 29
22395 30
22395 31
22395 32
22395 34
22395 38
22395 39
22395 40
22395 41
22395 42
22395 43
22395 44
22395 45
22395 47
22395 48
22395 50
22395 51
22395 52
22395 55
22395 56
22395 57
22395 59
22395 61
22395 62
22395 63
22395 64
22395 67
22395 68
22395 69
22395 70
22395 72
22395 73
22395 74
22395 75
22395 76
22395 77
22395 78
22395 80
22395 81
22395 82
22395 84
22395 85
22395 86
22395 87
22395 88
22395 89
22395 90
22395 91
22395 93
22395 94
22395 95
22395 96
22395 97
22395 98
22395 99
22395 100
22395 103
22395 104
22395 105
22395 106
22395 107
22395 109
22395 110
22395 111
22395 114
22395 115
22395 116
22395 118
22395 119
22395 120
22395 121
22395 124
22395 127
22395 128
22395 129
22395 130
22395 132
22395 134
22395 135
22395 136
22395 137
22395 139
22395 141
22395 142
22395 143
22395 144
22395 145
22395 146
22395 147
22395 148
22395 149
22395 151
22395 152
22395 153
22395 154
22395 156
22395 157
22395 158
22395 159
22395 161
22395 162
22395 163
22395 166
22395 168
22395 169
22395 170
22395 171
22395 172
22395 173
22395 174
22395 176
22395 177
22395 178
22395 179
22395 180
22395 181
22395 182
22395 183
22395 184
22395 185
22395 186
22395 188
22395 189
22395 190
22395 192
22395 193
22395 194
22395 195
22395 197
22395 199
22395 200
22395 201
22395 202
22395 203
22395 204
22395 205
22395 206
22395 207
22395 208
22395 209
22395 212
22395 213
22395 214
22395 215
22395 216
22395 218
22395 219
22395 220
22395 221
22395 222
22395 223
22395 224
22395 225
22395 227
22395 228
22395 230
22395 231
22395 232
22395 233
22395 236
22395 237
22395 238
22395 239
22395 240
22395 241
22395 243
22395 244
22395 245
22395 246
22395 247
22395 248
22395 249
22395 251
22395 252
22395 253
22395 255
22395 256
22395 257
22395 258
22395 259
22395 260
22395 261
22395 262
22395 263
22395 264
22395 266
22395 268
22395 270
22395 271
22395 274
22395 275
22395 276
22395 277
22395 278
22395 281
22395 282
22395 283
22395 284
22395 286
22395 288
22395 290
22395 291
22395 292
22395 293
22395 294
22395 295
22395 296
22395 299
22395 300
22395 301
22395 302
22395 303
22395 304
22395 305
22395 307
22395 308
22395 309
22395 311
22395 313
22395 315
22395 316
22395 317
22395 318
22395 319
22395 320
22395 321
22395 322
22395 323
22395 324
22395 325
22395 326
22395 327
22395 328
22395 329
22395 330
22395 331
22395 332
22395 333
22395 334
22395 335
22395 338
22395 339
22395 340
22395 342
22395 343
22395 345
22395 347
22395 348
22395 349
22395 350
22395 351
22395 352
22395 354
22395 355
22395 357
22395 358
22395 359
22395 360
22395 363
22395 364
22395 365
22395 366
22395 367
22395 369
22395 370
22395 371
22395 372
22395 374
22395 375
22395 376
22395 377
22395 378
22395 379
22395 380
22395 382
22395 383
22395 384
22395 385
22395 386
22395 388
22395 389
22395 390
22395 391
22395 393
22395 394
22395 395
22395 396
22395 397
22395 398
22395 399
22395 400
22395 401
22395 403
22395 404
22395 405
22395 407
22395 410
22395 411
22395 412
22395 413
22395 414
22395 417
22395 418
22395 419
22395 420
22395 421
22395 422
22395 424
22395 425
22395 427
22395 428
22395 429
22395 431
22395 433
22395 434
22395 435
22395 436
22395 438
22395 439
22395 440
22395 442
22395 443
22395 448
22395 449
22395 450
22395 451
22395 452
22395 453
22395 455
22395 456
22395 457
22395 458
22395 459
22395 460
22395 461
22395 462
22395 464
22395 465
22395 466
22395 467
22395 468
22395 469
22395 470
22395 471
22396 0
22396 1
22396 3
22396 4
22396 5
22396 7
22396 8
22396 9
22396 10
22396 11
22396 12
22396 13
22396 14
22396 15
22396 16
22396 17
22396 19
22396 20
22396 21
22396 22
22396 23
22396 24
22396 25
22396 26
22396 28
22396 29
22396 30
22396 31
22396 32
22396 33
22396 34
22396 35
22396 37
22396 39
22396 40
22396 41
22396 42
22396 44
22396 45
22397 0
22397 1
22397 2
22397 5
22397 7
22397 8
22397 9
22397 11
22397 12
22397 13
22397 14
22397 15
22397 16
22397 17
22397 18
22397 20
22397 21
22397 22
22397 23
22397 24
22397 25
22397 27
22397 28
22397 29
22397 30
22397 31
22397 32
22397 33
22397 34
22397 35
22397 36
22397 37
22397 38
22397 39
22397 40
22397 41
22397 42
22397 43
22397 44
22397 45
22397 46
22397 47
22397 48
22397 49
22397 50
22397 51
22397 53
22397 54
22397 56
22397 58
22397 59
22397 60
22397 61
22397 62
22397 63
22397 64
22397 65
22397 66
22397 67
22397 68
22397 70
22397 71
22397 72
22397 73
22397 74
22397 75
22397 76
22397 77
22397 78
22397 79
22397 80
22397 81
22397 82
22397 83
22397 84
22397 85
22397 86
22397 87
22397 88
22397 90
22397 91
22397 92
22397 95
22397 96
22397 97
22397 98
22397 99
22397 100
22397 102
22397 104
22397 105
22397 106
22397 107
22397 108
22397 109
22397 111
22397 112
22397 113
22397 114
22397 115
22397 116
22397 117
22397 118
22397 120
22397 121
22397 122
22397 123
22397 124
22397 126
22397 128
22397 129
22397 130
22397 131
22397 132
22397 134
22397 135
22397 136
22397 137
22397 139
22397 140
22397 141
22397 142
22397 143
22397 144
22397 145
22397 146
22397 147
22397 148
22397 149
22397 150
22397 151
22397 152
22397 153
22397 155
22397 156
22397 157
22397 158
22397 160
22397 161
22397 162
22397 163
22397 164
22397 165
22397 166
22397 167
22397 170
22397 171
22397 173
22397 174
22397 175
22397 176
22397 177
22397 178
22397 179
22397 181
22397 182
22397 183
22397 184
22397 186
22397 187
22397 188
22398 0
22398 1
22398 2
22398 3
22398 4
22398 5
22398 7
22398 8
22398 10
22398 11
22398 13
22398 14
22398 15
22398 16
22398 18
22398 19
22398 20
22398 21
22398 23
22398 26
22398 29
22398 30
22398 31
22398 32
22398 34
22398 35
22398 36
22398 37
22398 38
22398 39
22398 40
22398 41
22398 42
22398 43
22398 44
22398 45
22398 46
22398 47
22398 49
22398 50
22398 51
22398 52
22398 53
22398 54
22398 56
22398 57
22398 58
22398 59
22398 60
22398 61
22398 62
22398 64
22398 65
22398 66
22398 67
22398 69
22398 70
22398 72
22398 75
22398 76
22398 77
22398 78
22398 81
22398 82
22398 83
22398 84
22398 85
22398 86
22398 87
22398 88
22398 89
22398 90
22398 91
22398 92
22398 93
22398 94
22398 95
22398 96
22398 97
22398 98
22398 99
22398 100
22398 101
22398 102
22398 104
22398 105
22398 107
22398 108
22398 109
22398 111
22398 113
22398 115
22398 116
22398 117
22398 119
22398 120
22398 121
22398 123
22398 124
22398 125
22398 126
22398 127
22398 128
22398 129
22398 130
22398 132
22398 133
22398 134
22398 135
22398 136
22398 137
22398 138
22398 139
22398 140
22398 141
22398 143
22398 144
22398 145
22398 146
22398 147
22398 149
22398 150
22398 151
22398 152
22398 153
22398 155
22398 156
22398 158
22398 159
22398 160
22398 161
22398 163
22398 165
22398 167
22398 168
22398 169
22398 170
22398 171
22398 172
22398 174
22398 175
22398 176
22398 177
22398 178
22398 179
22398 180
22398 182
22398 183
22398 184
22398 185
22398 186
22398 187
22398 188
22398 189
22398 191
22398 192
22398 193
22398 194
22398 195
22398 196
22398 197
22398 200
22398 201
22398 202
22398 203
22398 204
22398 205
22398 207
22398 209
22398 210
22398 212
22398 213
22398 214
22398 216
22398 218
22398 219
22398 220
22398 221
22398 222
22398 223
22398 224
22398 225
22398 227
22398 229
22398 230
22400 1
22400 2
22400 3
22400 5
22400 6
22400 7
22400 8
22400 9
22400 11
22400 13
22400 14
22400 15
22400 16
22400 17
22400 18
22400 19
22400 20
22400 21
22400 22
22400 23
22400 24
22400 25
22400 26
22400 27
22400 28
22400 29
22400 30
22400 31
22400 32
22400 33
22400 34
22400 41
22400 42
22400 43
22400 45
22400 46
22400 47
22400 48
22400 50
22400 51
22400 52
22400 53
22400 54
22400 57
22400 58
22400 59
22400 60
22400 66
22400 67
22400 68
22400 69
22400 70
22400 71
22400 72
22400 73
22400 74
22400 77
22400 79
22400 80
22400 81
22400 82
22400 83
22400 84
22400 85
22400 87
22400 88
22400 89
22400 90
22400 91
22400 92
22400 93
22400 94
22400 95
22400 96
22400 97
22400 98
22400 99
22400 101
22400 102
22400 104
22400 105
22400 106
22400 108
22400 109
22400 110
22400 111
22400 112
22400 113
22400 114
22400 116
22400 119
22400 120
22400 121
22400 122
22400 123
22400 124
22400 125
22400 126
22400 127
22400 128
22400 129
22400 130
22400 131
22400 132
22400 133
22400 134
22400 135
22400 137
22400 138
22400 140
22400 142
22400 144
22400 145
22400 147
22400 149
22400 150
22400 151
22400 152
22400 153
22400 154
22400 155
22400 156
22400 158
22400 159
22400 161
22400 162
22400 163
22400 164
22400 165
22400 166
22400 167
22400 168
22400 169
22400 170
22400 171
22400 172
22400 173
22400 174
22400 175
22400 176
22400 177
22400 178
22400 179
22400 180
22400 181
22400 183
22400 184
22400 185
22400 186
22400 187
22400 188
22400 189
22400 190
22400 191
22400 192
22400 193
22400 194
22400 195
22400 196
22400 197
22400 198
22400 200
22400 201
22400 202
22400 204
22400 205
22400 208
22400 209
22400 210
22400 211
22400 212
22400 213
22400 214
22400 215
22400 216
22400 217
22400 218
22400 219
22400 220
22400 222
22400 223
22400 224
22400 225
22400 226
22400 227
22400 228
22400 229
22400 230
22400 231
22400 232
22400 233
22400 234
22400 236
22400 238
22400 239
22400 240
22400 241
22400 242
22400 243
22400 244
22400 245
22400 248
22400 249
22400 252
22400 253
22400 254
22400 255
22400 256
22400 257
22400 258
22400 260
22400 261
22400 262
22400 264
22400 265
22400 266
22400 267
22400 269
22400 270
22400 271
22400 272
22400 274
22400 275
22400 276
22400 277
22400 278
22400 279
22400 281
22400 282
22400 283
22400 285
22400 287
22400 288
22400 289
22400 290
22400 292
22400 293
22400 294
22400 295
22400 296
22400 297
22400 298
22400 300
22400 301
22400 303
22400 304
22400 305
22400 306
22400 307
22400 309
22400 310
22400 311
22400 313
22400 314
22400 315
22400 316
22400 317
22400 319
22400 321
22400 322
22400 323
22400 325
22400 327
22400 328
22400 329
22400 330
22400 331
22400 332
22400 333
22400 334
22400 335
22400 336
22400 337
22400 338
22400 339
22400 340
22400 341
22400 342
22400 343
22400 344
22400 345
22400 347
22400 348
22400 349
22400 350
22400 351
22400 352
22400 354
22400 355
22400 356
22400 357
22400 358
22400 359
22400 360
22400 361
22400 362
22400 363
22400 364
22400 365
22400 368
22400 369
22400 373
22400 374
22400 376
22400 377
22400 378
22400 379
22400 380
22400 381
22400 382
22400 383
22400 385
22400 387
22400 388
22400 389
22400 390
22400 391
22400 392
22400 393
22400 394
22400 395
22400 396
22400 397
22400 398
22400 399
22400 400
22400 401
22400 402
22400 403
22400 404
22400 405
22400 406
22400 407
22400 408
22400 409
22400 411
22400 412
22400 413
22400 414
22400 415
22400 416
22400 417
22400 419
22400 420
22400 421
22400 422
22400 423
22400 424
22400 425
22400 427
22400 428
22400 429
22400 430
22400 431
22400 432
22400 433
22400 434
22400 435
22400 436
22400 437
22400 438
22400 439
22400 441
22400 442
22400 443
22400 444
22400 445
22400 446
22400 447
22400 448
22400 449
22400 450
22400 451
22400 452
22400 453
22400 454
22400 455
22400 456
22400 457
22400 458
22400 460
22400 461
22400 462
22400 463
22400 464
22400 465
22400 466
22400 467
22400 468
22400 469
22400 470
22400 472
22400 473
22400 474
22400 475
22400 476
22400 477
22400 478
22400 479
22400 480
22400 481
22400 482
22400 483
22400 484
22400 485
22400 486
22400 487
22400 488
22400 489
22400 490
22400 491
22400 492
22400 493
22400 494
22400 496
22400 497
22400 498
22400 499
22400 500
22400 502
22400 503
22400 504
22400 505
22400 506
22400 507
22400 508
22400 509
22400 510
22400 512
22400 513
22400 515
22400 517
22400 518
22400 519
22400 520
22400 521
22400 522
22400 523
22400 526
22400 528
22400 529
22400 530
22400 531
22400 532
22400 533
22400 535
22400 536
22400 539
22400 540
22400 541
22400 542
22400 543
22400 544
22400 545
22400 546
22400 547
22400 548
22400 550
22400 552
22400 553
22400 554
22402 0
22402 1
22402 2
22402 3
22402 4
22402 5
22402 7
22402 8
22402 9
22402 11
22402 12
22402 13
22402 14
22402 16
22402 17
22402 19
22402 20
22402 23
22402 24
22402 26
22402 27
22402 28
22402 30
22402 31
22402 32
22402 33
22402 34
22402 35
22403 0
22403 1
22403 3
22403 5
22403 6
22403 7
22403 8
22403 9
22403 11
22403 13
22403 14
22403 15
22403 16
22403 17
22403 18
22403 19
22403 20
22404 0
22404 1
22404 2
22404 3
22404 4
22404 5
22404 6
22404 7
22404 9
22404 10
22404 11
22404 12
22404 13
22404 14
22404 15
22404 16
22404 17
22404 18
22404 19
22404 20
22404 21
22404 23
22404 24
22404 25
22404 26
22404 27
22404 28
22404 30
22404 34
22404 35
22404 36
22404 37
22404 39
22404 40
22404 41
22404 42
22404 43
22404 44
22404 47
22404 48
22404 49
22404 50
22404 51
22404 52
22404 53
22404 54
22404 55
22404 56
22404 57
22404 59
22404 60
22404 62
22404 63
22404 64
22404 66
22404 67
22404 68
22404 69
22404 70
22404 71
22404 72
22404 74
22404 75
22404 76
22404 77
22404 78
22404 79
22404 80
22404 81
22404 82
22404 83
22404 84
22404 86
22404 87
22404 88
22404 90
22404 92
22404 93
22404 95
22404 96
22404 97
22404 98
22404 99
22404 100
22404 102
22404 103
22404 104
22404 105
22404 106
22404 108
22404 110
22404 111
22404 113
22404 114
22404 115
22404 116
22404 117
22404 118
22404 119
22404 120
22404 123
22404 124
22404 125
22404 126
22404 127
22404 128
22404 129
22404 130
22404 131
22404 132
22404 134
22404 135
22404 136
22404 138
22404 139
22404 140
22404 141
22404 142
22404 143
22404 144
22404 146
22404 147
22404 148
22404 149
22404 150
22404 152
22404 153
22404 154
22404 155
22404 159
22404 160
22404 161
22404 162
22404 163
22404 164
22404 165
22404 166
22404 167
22404 168
22404 169
22404 170
22404 171
22404 172
22404 174
22404 176
22404 177
22404 178
22404 179
22404 180
22404 181
22404 183
22404 184
22404 185
22404 186
22404 188
22404 189
22404 190
22404 191
22404 192
22404 193
22404 195
22404 196
22404 198
22404 199
22404 200
22404 201
22404 202
22404 203
22404 204
22404 205
22405 0
22405 1
22405 2
22405 3
22405 4
22405 5
22405 6
22405 8
22405 9
22405 10
22405 11
22405 12
22405 13
22405 14
22405 15
22405 16
22405 17
22405 18
22405 19
22405 20
22405 21
22405 22
22405 23
22405 24
22405 25
22405 26
22405 27
22405 29
22405 30
22405 31
22405 32
22405 33
22405 34
22405 36
22405 37
22405 38
22405 39
22405 40
22405 41
22405 43
22405 44
22405 45
22405 46
22405 47
22405 48
22405 49
22405 50
22405 51
22405 53
22405 54
22405 55
22405 56
22405 57
22405 58
22405 59
22405 60
22405 62
22405 63
22405 64
22405 66
22405 67
22405 68
22405 70
22405 71
22405 73
22405 76
22405 77
22405 78
22405 79
22405 80
22405 81
22405 83
22405 86
22406 0
22406 1
22406 2
22406 4
22406 5
22406 6
22406 7
22406 8
22406 10
22406 11
22406 12
22406 13
22406 14
22406 15
22406 16
22406 18
22406 19
22406 20
22406 21
22406 22
22406 23
22406 24
22406 26
22406 27
22406 28
22406 29
22406 30
22406 31
22406 32
22406 33
22406 34
22406 35
22406 36
22406 38
22406 39
22406 40
22406 42
22406 43
22406 44
22406 45
22406 46
22406 47
22406 48
22406 49
22406 50
22407 0
22407 1
22407 2
22407 3
22407 4
22407 5
22407 6
22407 9
22407 10
22407 11
22407 13
22407 14
22407 15
22407 16
22407 17
22407 18
22407 19
22407 20
22407 21
22407 22
22407 23
22407 25
22407 27
22407 28
22407 29
22407 32
22407 34
22407 36
22407 37
22407 38
22407 39
22407 40
22407 41
22407 42
22407 43
22407 44
22407 45
22407 47
22407 48
22407 49
22407 50
22407 51
22407 52
22407 54
22407 55
22407 57
22407 58
22407 59
22407 60
22407 61
22407 62
22407 64
22407 66
22407 67
22407 68
22407 71
22407 72
22407 73
22407 75
22407 76
22407 77
22407 78
22407 79
22407 80
22407 81
22407 82
22407 83
22407 84
22407 86
22407 87
22407 88
22407 89
22407 90
22407 91
22407 92
22407 93
22407 95
22407 96
22407 97
22407 98
22407 99
22407 100
22407 102
22407 103
22407 104
22407 105
22407 106
22407 107
22407 109
22407 111
22407 113
22407 114
22407 115
22407 116
22407 118
22407 119
22407 120
22407 121
22407 123
22407 124
22407 125
22407 126
22407 127
22407 128
22407 130
22407 131
22407 132
22407 134
22407 137
22407 138
22407 139
22407 140
22407 141
22407 142
22407 143
22407 144
22407 147
22407 148
22407 149
22407 150
22407 151
22407 152
22407 153
22407 154
22407 155
22407 156
22407 158
22407 160
22407 161
22407 162
22407 163
22407 164
22407 165
22407 166
22407 167
22407 169
22407 170
22407 171
22407 173
22407 174
22407 175
22407 176
22407 179
22407 180
22407 182
22407 183
22407 184
22407 185
22407 186
22407 187
22407 189
22407 190
22407 191
22407 193
22407 199
22407 200
22407 202
22407 204
22407 205
22407 207
22407 208
22407 210
22407 212
22407 215
22407 216
22407 217
22407 218
22407 219
22407 220
22407 221
22407 223
22407 224
22407 225
22407 226
22407 227
22407 228
22407 229
22407 230
22407 231
22407 232
22407 234
22407 236
22407 237
22407 238
22407 240
22407 241
22407 242
22407 246
22407 247
22407 248
22407 249
22407 250
22407 251
22407 252
22407 254
22407 255
22407 256
22407 257
22407 259
22407 260
22407 261
22407 262
22407 263
22407 264
22407 265
22407 266
22407 267
22407 268
22407 269
22407 270
22407 271
22407 272
22407 273
22407 274
22407 277
22407 278
22407 279
22407 280
22407 281
22407 282
22407 283
22407 285
22407 286
22407 287
22407 288
22407 289
22407 290
22407 291
22407 292
22407 293
22407 295
22407 296
22407 297
22407 298
22407 299
22407 300
22407 301
22407 302
22407 303
22407 305
22407 307
22407 309
22407 310
22407 311
22407 312
22407 313
22407 314
22407 315
22407 316
22407 317
22407 318
22407 319
22407 320
22407 322
22407 324
22407 325
22407 327
22407 328
22407 329
22407 330
22407 331
22407 332
22407 333
22407 334
22407 335
22407 336
22407 337
22407 338
22407 339
22407 341
22407 342
22407 343
22407 344
22407 345
22407 346
22407 347
22407 348
22407 349
22407 350
22407 351
22407 352
22407 353
22407 354
22407 355
22407 356
22407 357
22407 358
22407 361
22407 363
22407 364
22407 365
22407 366
22407 367
22407 368
22407 369
22407 370
22407 371
22407 372
22407 374
22407 375
22407 376
22407 377
22407 378
22407 379
22407 380
22407 381
22407 382
22407 383
22407 384
22407 386
22407 387
22407 388
22407 390
22407 392
22407 393
22407 394
22407 395
22407 396
22407 397
22407 399
22407 400
22407 401
22407 404
22407 406
22407 408
22407 410
22407 413
22407 414
22407 415
22407 416
22407 417
22407 418
22407 419
22407 420
22407 421
22407 422
22407 423
22407 424
22407 425
22407 427
22407 429
22407 430
22407 431
22407 432
22407 433
22407 435
22407 436
22407 437
22407 438
22407 439
22407 440
22407 442
22407 443
22407 445
22407 446
22407 447
22407 448
22407 449
22407 450
22407 452
22407 456
22407 457
22407 458
22407 460
22407 461
22407 463
22407 464
22407 465
22407 466
22407 468
22407 469
22407 470
22407 471
22407 472
22407 473
22407 474
22407 475
22407 476
22407 477
22407 478
22407 479
22407 480
22407 481
22407 482
22407 483
22407 485
22407 486
22407 487
22407 488
22407 490
22407 492
22407 493
22407 495
22407 496
22407 498
22407 499
22407 500
22407 501
22407 502
22407 504
22407 506
22407 507
22407 508
22407 509
22407 510
22407 511
22407 512
22407 513
22407 514
22407 516
22407 517
22407 518
22407 519
22407 520
22407 521
22407 522
22407 523
22407 525
22407 526
22407 527
22407 528
22407 529
22407 530
22407 531
22407 533
22407 534
22407 535
22407 536
22407 537
22407 538
22407 539
22407 540
22407 542
22407 543
22407 544
22407 545
22407 546
22407 548
22407 549
22407 551
22407 552
22407 553
22407 554
22407 555
22407 556
22407 557
22407 558
22407 559
22407 560
22407 561
22407 564
22407 565
22408 0
22408 1
22408 2
22408 3
22408 4
22408 5
22408 6
22408 8
22408 9
22408 10
22408 11
22408 12
22408 13
22408 14
22408 15
22408 17
22408 18
22408 19
22408 20
22408 21
22408 22
22408 24
22408 25
22408 26
22408 27
22408 28
22408 29
22408 30
22408 33
22408 35
22408 36
22408 37
22408 40
22408 41
22408 42
22408 46
22408 47
22408 48
22408 50
22408 51
22408 52
22408 53
22408 54
22408 55
22408 59
22408 60
22408 61
22408 62
22408 63
22408 64
22408 65
22408 67
22408 68
22408 69
22408 72
22408 73
22408 74
22408 75
22408 76
22408 77
22409 0
22409 16
22409 17
22409 18
22409 19
22409 20
22409 21
22409 22
22409 23
22409 25
22409 26
22409 27
22409 28
22409 30
22409 31
22409 32
22409 34
22409 37
22409 38
22409 40
22409 42
22409 43
22409 44
22409 45
22409 46
22409 47
22409 48
22409 49
22409 50
22409 51
22409 53
22409 54
22409 55
22409 56
22409 57
22409 58
22409 59
22409 60
22409 61
22409 62
22409 63
22409 64
22409 65
22409 66
22409 67
22409 68
22409 69
22409 70
22409 71
22409 74
22409 75
22409 77
22409 78
22409 79
22409 80
22409 81
22409 82
22409 83
22409 84
22409 85
22409 86
22409 87
22409 88
22409 89
22409 90
22409 91
22409 93
22409 94
22409 95
22409 96
22409 98
22412 0
22412 1
22412 2
22412 3
22412 4
22412 5
22412 6
22412 7
22412 8
22412 9
22412 10
22412 11
22412 12
22412 13
22412 14
22412 15
22412 16
22412 17
22412 19
22412 20
22412 21
22412 23
22412 24
22412 25
22412 26
22412 27
22412 28
22412 29
22412 30
22412 31
22412 35
22412 36
22412 37
22412 38
22412 39
22412 40
22412 41
22412 42
22412 43
22412 44
22412 45
22412 48
22412 49
22412 50
22412 51
22412 52
22412 53
22412 54
22412 55
22412 57
22412 58
22412 60
22412 63
22412 64
22412 65
22412 66
22412 67
22412 68
22412 71
22412 72
22412 73
22412 74
22412 76
22412 78
22412 79
22412 80
22412 82
22412 83
22412 85
22412 86
22412 87
22412 89
22412 90
22412 91
22412 92
22412 93
22412 95
22412 96
22412 97
22412 98
22412 99
22412 100
22412 102
22412 104
22412 105
22412 106
22412 107
22412 108
22412 110
22412 111
22412 112
22412 113
22412 114
22412 115
22412 116
22412 117
22412 118
22412 120
22412 121
22412 122
22412 123
22412 124
22412 125
22412 127
22412 128
22412 129
22412 130
22412 131
22412 132
22412 139
22412 140
22412 141
22412 142
22412 144
22412 145
22412 148
22412 150
22412 152
22412 153
22412 154
22412 155
22412 156
22412 157
22412 158
22412 159
22412 160
22412 161
22412 162
22412 163
22412 164
22412 166
22412 167
22412 168
22412 169
22412 170
22412 172
22412 173
22412 174
22412 175
22412 177
22412 178
22412 179
22412 180
22412 181
22412 182
22412 183
22412 184
22412 185
22413 0
22413 3
22413 4
22413 5
22413 6
22413 8
22413 11
22413 12
22413 13
22413 14
22413 15
22413 16
22413 17
22413 18
22413 19
22413 20
22413 21
22413 23
22413 24
22413 25
22413 26
22413 28
22413 29
22413 30
22413 31
22413 32
22413 33
22413 34
22413 35
22413 36
22413 37
22413 38
22413 39
22413 40
22413 41
22413 42
22413 43
22413 44
22413 45
22413 47
22413 48
22413 49
22413 50
22413 52
22413 53
22413 54
22413 55
22413 57
22413 58
22413 59
22413 60
22413 61
22413 63
22413 64
22413 66
22414 0
22414 1
22414 2
22414 3
22414 6
22414 7
22414 8
22414 10
22414 11
22414 12
22414 13
22414 14
22414 17
22414 18
22414 19
22414 20
22414 21
22414 22
22414 23
22414 24
22414 25
22414 26
22414 27
22414 28
22414 29
22414 30
22414 31
22414 34
22414 35
22414 36
22414 37
22414 38
22414 39
22414 40
22414 42
22414 44
22414 46
22414 47
22414 48
22414 50
22414 51
22414 52
22414 53
22414 54
22414 55
22414 56
22414 57
22414 58
22414 59
22414 60
22414 61
22414 62
22414 63
22414 64
22414 65
22414 66
22414 69
22414 70
22414 71
22414 72
22414 75
22414 76
22414 77
22414 78
22414 79
22414 80
22414 81
22414 83
22414 86
22414 87
22414 88
22414 90
22414 92
22414 93
22414 94
22414 95
22414 97
22414 98
22414 101
22414 103
22414 104
22414 105
22414 106
22414 107
22414 108
22414 109
22414 110
22414 111
22414 113
22414 115
22414 116
22414 117
22414 118
22414 119
22414 121
22414 122
22414 123
22414 124
22414 125
22414 127
22414 129
22414 130
22414 132
22414 133
22414 134
22414 135
22414 136
22414 137
22414 138
22414 140
22414 142
22414 143
22414 144
22414 145
22414 146
22414 147
22414 149
22414 150
22414 151
22414 152
22414 153
22414 154
22414 155
22414 156
22414 157
22415 3
22415 4
22415 5
22415 8
22415 9
22415 10
22415 11
22415 12
22415 13
22415 14
22415 15
22415 16
22415 17
22415 18
22415 19
22415 22
22415 23
22415 24
22415 25
22415 26
22415 29
22415 30
22415 33
22415 34
22415 38
22415 39
22415 40
22415 42
22415 43
22416 0
22416 1
22416 2
22416 3
22416 4
22416 6
22416 8
22416 9
22416 10
22416 11
22416 13
22416 14
22416 15
22416 16
22416 17
22416 19
22416 20
22416 21
22416 23
22416 24
22416 25
22416 26
22416 27
22416 28
22416 30
22416 32
22416 33
22416 34
22416 36
22416 37
22417 0
22417 1
22417 2
22417 3
22417 4
22417 5
22417 6
22417 7
22417 8
22417 9
22417 10
22417 11
22417 13
22417 14
22417 15
22417 16
22417 17
22417 18
22417 19
22417 20
22417 21
22417 22
22417 23
22417 24
22417 25
22417 26
22417 27
22417 28
22417 29
22417 30
22417 31
22417 32
22417 33
22417 34
22417 35
22417 36
22417 38
22417 39
22417 40
22417 41
22417 42
22417 43
22417 44
22417 45
22417 46
22417 47
22417 48
22417 49
22417 50
22417 51
22417 52
22417 53
22417 54
22417 55
22417 56
22417 58
22417 59
22417 60
22417 61
22417 63
22417 64
22417 65
22417 66
22417 67
22417 68
22417 69
22417 70
22417 71
22417 73
22417 75
22417 76
22417 77
22417 78
22417 79
22417 80
22417 81
22417 82
22417 85
22417 86
22417 87
22417 88
22417 90
22417 91
22417 92
22417 93
22417 94
22417 95
22417 96
22417 97
22417 98
22417 99
22417 101
22417 103
22417 104
22417 105
22417 107
22417 109
22417 110
22417 113
22417 114
22417 115
22417 116
22417 117
22417 118
22417 119
22417 120
22417 121
22417 122
22417 123
22417 125
22417 126
22417 127
22417 128
22417 130
22417 131
22417 132
22417 133
22417 134
22417 136
22417 138
22417 139
22417 140
22417 141
22417 142
22417 144
22417 145
22417 146
22417 147
22417 148
22417 149
22417 150
22417 151
22417 153
22417 154
22417 155
22417 156
22417 158
22417 159
22417 161
22417 162
22417 163
22417 164
22417 166
22417 167
22417 168
22417 169
22417 170
22417 171
22417 172
22417 173
22417 174
22417 178
22417 179
22417 180
22417 181
22417 183
22417 184
22417 185
22417 186
22417 187
22417 188
22417 189
22417 191
22417 193
22417 194
22417 195
22417 197
22417 198
22417 199
22417 200
22417 201
22417 202
22417 203
22417 204
22417 206
22417 208
22417 210
22417 211
22417 213
22417 214
22417 215
22417 216
22417 217
22417 218
22417 219
22417 220
22417 221
22417 222
22417 226
22417 227
22417 228
22417 229
22417 230
22417 231
22417 232
22417 233
22417 234
22417 235
22417 236
22417 237
22417 239
22417 240
22417 241
22417 243
22417 244
22417 246
22417 248
22417 249
22417 250
22417 251
22417 252
22417 254
22417 256
22417 257
22417 258
22417 259
22417 260
22417 261
22417 262
22417 263
22417 264
22417 265
22417 266
22417 267
22417 268
22417 269
22417 270
22417 271
22417 272
22417 273
22417 274
22417 275
22417 276
22417 277
22417 278
22417 279
22417 281
22417 282
22417 283
22417 284
22417 285
22417 286
22417 287
22417 288
22417 289
22417 290
22417 291
22417 293
22417 295
22417 297
22417 298
22417 299
22417 300
22417 302
22417 305
22417 306
22417 308
22417 309
22417 310
22417 311
22417 312
22417 314
22417 316
22417 317
22417 318
22417 319
22417 320
22417 321
22417 322
22417 323
22417 324
22417 325
22417 326
22417 327
22417 328
22417 329
22417 330
22417 331
22417 332
22417 333
22417 334
22417 335
22417 336
22417 339
22417 341
22417 342
22417 343
22417 344
22417 345
22417 348
22417 349
22417 350
22417 351
22417 352
22417 353
22417 355
22417 357
22417 358
22417 359
22417 360
22417 361
22417 362
22417 363
22417 364
22417 366
22417 367
22417 368
22417 369
22417 371
22417 372
22417 373
22417 374
22417 376
22417 377
22417 378
22417 379
22417 380
22417 381
22417 382
22417 384
22417 385
22417 386
22417 387
22417 388
22417 390
22417 391
22417 392
22417 393
22417 397
22417 398
22417 399
22417 400
22417 401
22417 402
22417 403
22417 404
22417 405
22417 406
22417 407
22417 408
22417 409
22417 411
22417 412
22417 413
22417 414
22417 415
22417 416
22417 417
22417 418
22417 419
22417 420
22417 421
22417 422
22417 423
22417 424
22417 425
22417 426
22417 427
22417 431
22417 432
22417 433
22417 434
22417 435
22417 436
22417 437
22417 438
22417 439
22417 440
22417 441
22417 442
22417 443
22417 444
22417 446
22417 448
22417 449
22417 450
22417 451
22417 452
22417 453
22417 454
22417 455
22417 456
22417 458
22417 459
22417 460
22417 461
22417 462
22417 463
22417 464
22417 465
22417 466
22417 467
22417 469
22417 470
22417 471
22417 472
22417 473
22417 474
22417 475
22417 478
22417 479
22417 481
22417 482
22417 483
22417 484
22417 485
22417 486
22417 487
22417 488
22417 489
22417 490
22417 491
22417 492
22417 493
22417 494
22417 495
22417 496
22417 497
22417 498
22417 500
22417 504
22417 505
22417 506
22417 507
22417 508
22417 509
22417 510
22417 511
22417 512
22417 513
22417 514
22417 515
22417 516
22417 518
22417 519
22417 520
22417 521
22417 523
22417 526
22417 527
22417 528
22417 529
22417 530
22417 531
22417 532
22417 534
22417 535
22417 537
22417 538
22417 539
22417 540
22418 1
22418 2
22418 4
22418 5
22418 6
22418 8
22418 9
22418 10
22418 11
22418 12
22418 15
22418 16
22418 17
22418 18
22418 19
22418 20
22418 21
22418 23
22418 25
22418 26
22418 28
22418 29
22418 31
22418 33
22418 34
22418 36
22418 37
22418 38
22418 39
22418 40
22418 41
22418 42
22418 43
22418 46
22418 47
22418 48
22418 49
22418 50
22418 52
22418 54
22418 58
22418 60
22418 61
22418 62
22418 63
22418 64
22418 65
22418 67
22418 68
22418 69
22418 70
22418 71
22418 72
22418 73
22418 74
22418 77
22418 78
22418 79
22418 80
22418 81
22418 82
22418 85
22418 86
22418 87
22418 88
22418 90
22418 91
22418 92
22418 93
22418 94
22418 95
22418 98
22418 101
22418 102
22418 103
22418 104
22418 105
22418 106
22418 107
22418 110
22418 111
22418 112
22418 113
22418 116
22418 117
22418 119
22418 120
22418 121
22418 122
22418 123
22418 124
22418 125
22418 126
22418 127
22418 128
22418 129
22418 131
22418 133
22418 134
22418 135
22418 137
22418 139
22418 140
22418 141
22418 142
22418 143
22418 145
22418 146
22418 147
22418 148
22418 149
22418 150
22418 152
22418 153
22418 154
22418 155
22418 156
22418 157
22418 158
22418 159
22418 160
22418 161
22418 162
22418 163
22418 164
22418 165
22418 166
22418 167
22418 168
22418 169
22418 170
22418 171
22418 172
22418 173
22418 175
22418 176
22418 177
22418 179
22418 180
22418 181
22418 182
22418 184
22418 185
22418 186
22418 187
22418 188
22418 189
22418 190
22418 191
22418 192
22418 193
22418 194
22418 195
22418 196
22418 199
22418 200
22418 201
22418 202
22418 203
22418 204
22418 205
22418 206
22418 209
22418 210
22418 211
22418 213
22418 214
22418 215
22418 216
22418 217
22418 218
22418 219
22418 220
22418 222
22418 224
22418 225
22418 226
22418 227
22418 228
22418 229
22418 231
22418 232
22418 233
22418 234
22418 235
22418 237
22418 238
22418 239
22418 240
22418 241
22418 242
22418 243
22418 244
22418 246
22418 247
22418 248
22418 249
22418 250
22418 251
22418 252
22418 253
22418 254
22418 256
22418 257
22418 258
22418 259
22418 260
22418 261
22418 264
22418 265
22418 267
22418 268
22418 269
22418 270
22418 271
22418 272
22418 273
22418 274
22418 275
22418 276
22418 277
22418 278
22418 279
22418 280
22418 281
22418 282
22418 284
22418 285
22418 287
22418 289
22418 290
22418 291
22418 292
22418 293
22418 295
22418 296
22418 297
22418 300
22418 302
22418 303
22418 304
22418 305
22418 307
22418 308
22418 309
22418 312
22418 313
22418 314
22418 315
22418 316
22418 317
22418 318
22418 319
22418 320
22418 321
22418 323
22418 324
22418 325
22418 326
22418 327
22418 328
22418 329
22418 330
22418 331
22418 333
22418 334
22418 335
22418 337
22418 338
22418 339
22418 340
22418 343
22418 344
22418 346
22418 347
22418 348
22418 349
22418 350
22418 351
22418 352
22418 354
22418 355
22418 356
22418 357
22418 360
22418 361
22418 362
22418 363
22418 364
22418 365
22418 366
22418 367
22418 368
22418 369
22418 370
22418 371
22418 374
22418 376
22418 377
22418 380
22418 381
22418 385
22418 386
22418 388
22418 389
22418 390
22418 391
22418 392
22418 393
22418 394
22418 396
22418 397
22418 398
22418 399
22418 400
22418 401
22418 403
22418 404
22418 405
22418 406
22418 407
22418 408
22418 409
22418 410
22418 412
22418 413
22418 414
22418 415
22418 416
22418 417
22418 418
22418 420
22418 421
22418 422
22418 423
22418 424
22418 425
22418 426
22418 427
22418 428
22418 429
22418 430
22418 431
22418 432
22418 433
22418 434
22418 436
22418 437
22418 438
22418 439
22418 441
22418 442
22418 443
22418 444
22418 445
22418 446
22418 447
22418 448
22418 449
22418 450
22418 451
22418 452
22418 453
22418 454
22418 455
22418 456
22418 457
22418 458
22418 459
22418 460
22418 461
22418 462
22418 463
22418 464
22418 465
22418 466
22418 468
22418 469
22418 470
22418 471
22418 472
22418 473
22418 474
22418 476
22418 477
22418 478
22418 479
22418 481
22418 484
22418 485
22418 486
22418 487
22418 488
22418 489
22418 490
22418 491
22418 493
22418 494
22418 495
22418 496
22418 497
22418 499
22418 500
22418 501
22418 502
22418 504
22418 505
22418 506
22418 507
22418 508
22418 509
22418 510
22418 511
22418 512
22418 514
22418 515
22418 516
22418 517
22418 518
22418 519
22418 520
22418 521
22418 523
22418 524
22418 525
22418 527
22418 528
22418 530
22418 531
22418 532
22418 533
22418 534
22418 536
22418 538
22418 539
22418 540
22418 541
22418 542
22418 545
22418 546
22418 547
22418 549
22418 550
22418 551
22418 552
22418 553
22418 554
22418 555
22418 556
22418 557
22418 558
22418 559
22418 560
22418 561
22418 562
22419 0
22419 1
22419 2
22419 3
22419 5
22419 6
22419 7
22419 10
22419 11
22419 12
22419 13
22419 14
22419 15
22419 17
22419 19
22419 21
22419 22
22419 23
22419 24
22419 26
22419 27
22419 28
22419 29
22419 30
22419 31
22419 32
22419 33
22419 34
22419 35
22419 36
22419 37
22419 38
22419 39
22419 40
22419 41
22419 42
22419 43
22419 45
22419 46
22419 48
22419 50
22419 51
22419 52
22419 53
22419 54
22419 55
22419 56
22419 57
22419 58
22419 60
22419 61
22419 62
22419 63
22419 67
22419 68
22419 69
22419 70
22419 71
22419 72
22419 74
22419 76
22419 77
22419 78
22419 79
22419 81
22419 82
22419 83
22419 84
22419 85
22419 86
22419 87
22419 88
22419 89
22419 92
22419 93
22419 94
22419 95
22419 96
22419 97
22419 98
22419 99
22419 100
22419 101
22419 102
22419 103
22419 104
22419 107
22419 108
22419 109
22419 110
22419 111
22419 112
22419 113
22419 114
22419 115
22419 116
22419 117
22419 118
22419 120
22419 121
22419 122
22419 123
22419 124
22419 125
22419 126
22419 127
22419 128
22419 129
22419 130
22419 132
22419 133
22419 135
22419 136
22419 137
22419 138
22419 139
22419 140
22419 141
22419 142
22419 143
22419 144
22419 145
22419 146
22420 0
22420 1
22420 2
22420 3
22420 4
22420 5
22420 6
22420 7
22420 8
22420 9
22420 10
22420 11
22420 12
22420 13
22420 14
22420 15
22420 16
22420 17
22420 18
22420 19
22420 20
22420 21
22420 22
22420 24
22420 26
22420 28
22420 29
22420 30
22420 31
22420 32
22420 33
22420 34
22420 36
22420 37
22420 38
22420 39
22420 40
22420 41
22420 42
22420 43
22420 44
22420 45
22420 46
22420 47
22420 48
22420 51
22420 52
22420 53
22420 55
22420 57
22420 58
22420 59
22420 60
22420 61
22420 62
22420 63
22420 64
22420 65
22420 66
22420 67
22420 68
22420 69
22420 70
22420 71
22420 74
22420 75
22420 76
22420 77
22420 78
22420 79
22420 80
22420 81
22420 82
22420 83
22420 84
22420 85
22420 87
22420 89
22420 90
22420 91
22420 92
22420 94
22420 95
22420 96
22420 97
22420 98
22420 99
22420 100
22420 102
22420 103
22420 104
22420 105
22420 106
22420 108
22420 109
22420 110
22420 112
22420 113
22420 114
22420 115
22420 116
22420 117
22420 119
22420 120
22420 121
22420 122
22420 123
22420 124
22420 125
22420 126
22420 127
22420 128
22420 130
22420 131
22420 132
22420 133
22420 134
22420 135
22420 136
22420 137
22420 138
22420 140
22420 142
22420 143
22420 144
22420 145
22420 146
22420 150
22420 151
22420 152
22420 153
22420 155
22420 156
22420 157
22420 158
22420 159
22420 160
22420 161
22420 162
22420 163
22420 164
22420 165
22420 166
22420 167
22420 168
22420 169
22420 170
22420 171
22420 172
22420 173
22420 174
22420 175
22420 176
22420 177
22420 178
22420 179
22420 180
22420 181
22420 182
22420 183
22420 187
22420 190
22420 191
22420 192
22420 193
22421 0
22421 1
22421 2
22421 3
22421 4
22421 5
22421 6
22421 7
22421 8
22421 11
22421 12
22421 13
22421 14
22421 15
22421 16
22421 17
22421 18
22421 19
22421 20
22421 21
22421 22
22421 24
22421 25
22421 26
22421 27
22421 28
22421 29
22421 30
22421 31
22421 32
22421 35
22421 37
22421 38
22421 39
22421 40
22421 41
22421 42
22421 43
22421 44
22421 51
22421 54
22421 55
22421 56
22421 57
22421 59
22421 60
22421 61
22421 62
22421 63
22421 65
22421 66
22421 69
22421 70
22421 72
22421 73
22421 74
22421 76
22421 77
22421 78
22421 79
22421 80
22421 81
22421 82
22421 83
22421 84
22421 85
22421 86
22421 88
22421 89
22421 90
22421 92
22421 93
22421 94
22421 95
22421 96
22421 97
22421 98
22421 99
22421 100
22421 101
22421 102
22421 103
22421 104
22421 105
22421 106
22421 107
22421 108
22421 109
22421 110
22421 111
22421 112
22421 113
22421 114
22421 115
22421 116
22421 117
22421 119
22421 120
22421 121
22421 122
22421 123
22421 124
22421 125
22421 126
22421 128
22421 130
22421 131
22421 132
22421 133
22421 134
22421 135
22421 136
22421 137
22421 138
22421 139
22421 140
22421 141
22421 142
22421 143
22421 144
22421 145
22421 146
22421 147
22421 148
22421 149
22421 150
22421 151
22421 152
22421 153
22421 154
22421 155
22421 156
22421 157
22421 158
22421 159
22421 160
22421 162
22421 165
22421 166
22421 167
22421 168
22421 169
22421 170
22421 171
22421 172
22421 173
22421 174
22421 175
22421 177
22421 178
22421 179
22421 181
22421 182
22421 183
22421 184
22421 185
22421 186
22421 187
22421 188
22421 189
22421 190
22421 191
22421 193
22421 195
22421 196
22421 197
22421 198
22421 199
22421 200
22421 201
22421 202
22421 203
22421 204
22421 205
22421 206
22421 207
22421 211
22421 212
22421 213
22421 214
22421 216
22421 218
22421 219
22421 221
22421 222
22421 223
22421 224
22421 225
22421 226
22421 227
22421 228
22421 230
22421 231
22421 232
22421 234
22421 235
22421 236
22421 237
22421 238
22421 239
22421 241
22421 243
22421 244
22421 245
22421 246
22421 247
22421 248
22421 249
22421 250
22421 251
22421 252
22421 253
22421 255
22421 256
22421 257
22421 259
22421 260
22421 261
22421 263
22421 264
22421 265
22421 266
22422 0
22422 1
22422 2
22422 3
22422 4
22422 5
22422 6
22422 7
22422 8
22422 9
22422 10
22422 11
22422 12
22422 14
22422 15
22422 17
22422 18
22422 20
22422 21
22422 22
22422 23
22422 26
22422 27
22422 28
22422 29
22422 30
22422 31
22422 32
22422 33
22422 34
22422 35
22422 36
22422 37
22422 39
22422 40
22422 41
22422 42
22422 43
22422 44
22422 45
22422 46
22422 47
22422 48
22422 49
22422 50
22422 51
22422 52
22422 53
22422 54
22422 55
22422 56
22422 58
22422 59
22422 61
22422 62
22422 63
22422 64
22422 65
22422 66
22422 67
22422 68
22422 69
22422 70
22422 71
22422 72
22422 73
22422 74
22422 75
22422 76
22422 77
22422 78
22422 79
22422 80
22422 81
22422 82
22422 83
22422 84
22422 85
22422 86
22422 88
22422 89
22422 90
22422 91
22422 92
22422 94
22422 95
22422 97
22422 98
22422 99
22422 100
22422 101
22422 103
22422 104
22422 105
22422 106
22422 107
22422 108
22422 109
22422 110
22422 111
22422 112
22422 113
22422 115
22422 116
22422 117
22422 118
22422 119
22422 121
22422 122
22422 123
22422 124
22422 125
22422 126
22422 127
22422 128
22422 129
22422 130
22422 131
22422 132
22422 133
22422 134
22422 135
22422 136
22422 137
22422 138
22422 140
22422 141
22422 142
22422 143
22422 144
22422 145
22422 146
22422 147
22422 149
22422 150
22422 151
22422 152
22422 153
22422 154
22422 157
22422 158
22422 160
22422 161
22422 162
22422 163
22422 164
22422 165
22422 166
22422 167
22422 168
22422 169
22422 170
22422 171
22422 172
22422 173
22422 174
22422 175
22422 176
22422 177
22422 178
22422 179
22422 181
22422 182
22422 183
22422 185
22422 186
22422 187
22422 188
22422 189
22422 190
22422 191
22422 192
22422 193
22422 194
22422 195
22422 196
22422 197
22422 199
22422 201
22422 202
22422 203
22422 204
22422 206
22422 207
22422 208
22422 209
22422 211
22422 212
22422 214
22422 216
22422 217
22422 218
22422 219
22422 220
22422 221
22422 222
22422 223
22422 224
22422 225
22422 226
22422 227
22422 228
22422 230
22422 231
22422 232
22422 233
22422 234
22422 235
22422 236
22422 237
22422 238
22422 240
22422 242
22422 243
22422 245
22422 246
22422 247
22422 248
22422 249
22422 250
22422 251
22422 252
22422 253
22422 254
22422 255
22422 256
22422 257
22422 258
22422 259
22422 260
22422 262
22422 263
22422 265
22422 267
22422 268
22422 269
22422 270
22422 271
22422 272
22422 274
22422 275
22422 276
22422 277
22422 278
22422 279
22422 280
22422 281
22422 282
22422 284
22422 285
22422 286
22422 288
22422 290
22422 291
22422 293
22422 294
22422 295
22422 298
22422 300
22422 301
22422 302
22422 304
22422 305
22422 306
22422 307
22422 308
22422 309
22422 311
22422 312
22422 313
22422 314
22422 320
22422 321
22422 322
22422 323
22422 324
22422 325
22422 326
22422 327
22422 328
22422 331
22422 332
22422 334
22422 335
22422 336
22422 337
22422 338
22422 339
22422 340
22423 2
22423 3
22423 4
22423 5
22423 7
22423 8
22423 9
22423 10
22423 11
22423 12
22423 14
22423 16
22423 17
22423 21
22423 22
22423 23
22423 24
22423 25
22423 26
22423 27
22423 28
22423 29
22423 30
22423 34
22423 35
22423 36
22423 37
22423 38
22423 39
22423 40
22423 41
22423 42
22423 43
22423 44
22423 45
22423 46
22423 47
22423 48
22423 49
22423 50
22423 51
22423 52
22423 54
22423 55
22423 56
22423 57
22423 58
22423 59
22423 61
22423 63
22423 64
22423 66
22423 67
22423 68
22424 1
22424 2
22424 3
22424 4
22424 5
22424 6
22424 7
22424 9
22424 10
22424 12
22424 14
22424 15
22424 16
22424 17
22424 18
22424 19
22424 20
22424 21
22424 22
22424 23
22424 24
22424 25
22424 26
22424 27
22424 28
22424 29
22424 30
22424 31
22424 33
22424 34
22424 35
22424 36
22424 39
22424 40
22424 41
22424 42
22424 43
22424 44
22424 46
22424 49
22424 50
22424 51
22424 52
22424 53
22424 54
22424 55
22424 56
22424 58
22424 59
22424 60
22424 61
22424 62
22424 63
22424 65
22424 66
22424 67
22424 69
22424 70
22424 71
22424 72
22424 73
22424 74
22424 75
22424 76
22424 77
22424 82
22424 83
22424 84
22424 85
22424 86
22424 87
22424 88
22424 89
22424 90
22424 91
22424 93
22424 94
22424 95
22424 96
22425 0
22425 1
22425 3
22425 6
22425 9
22425 10
22425 11
22425 12
22425 13
22425 14
22425 15
22425 17
22425 18
22425 19
22425 20
22425 22
22425 23
22425 25
22425 27
22425 28
22425 29
22425 31
22425 32
22425 33
22425 34
22425 35
22425 36
22425 37
22425 38
22425 39
22425 40
22425 41
22425 42
22425 43
22425 45
22425 46
22425 47
22425 48
22425 50
22425 51
22425 52
22425 53
22425 54
22425 56
22425 57
22425 58
22425 59
22425 60
22425 61
22425 62
22425 63
22425 64
22425 65
22425 66
22425 67
22425 68
22425 69
22425 71
22425 73
22425 74
22425 75
22425 76
22425 77
22425 79
22425 80
22425 82
22425 83
22425 85
22425 86
22425 87
22425 89
22425 90
22425 92
22425 93
22425 95
22425 96
22425 97
22425 98
22425 100
22425 102
22425 103
22425 104
22425 105
22425 106
22425 107
22425 108
22425 109
22425 110
22425 111
22425 112
22425 113
22425 114
22425 115
22425 116
22425 117
22425 118
22425 119
22425 121
22425 123
22425 124
22425 127
22425 128
22425 129
22425 130
22425 131
22425 132
22425 133
22425 134
22425 136
22425 137
22425 138
22425 139
22425 140
22425 142
22425 143
22425 144
22425 145
22425 146
22425 147
22425 148
22425 149
22425 150
22425 151
22425 152
22425 154
22425 155
22425 156
22425 157
22425 158
22425 159
22425 161
22425 162
22425 166
22425 167
22425 168
22425 169
22425 170
22425 171
22425 172
22425 173
22425 174
22425 175
22425 176
22425 178
22425 179
22425 180
22425 181
22425 182
22425 183
22425 185
22425 186
22425 187
22425 188
22425 189
22425 190
22425 191
22425 194
22425 196
22425 198
22425 199
22425 200
22425 202
22425 203
22425 204
22425 205
22425 207
22425 208
22425 209
22425 210
22425 211
22425 212
22425 214
22425 215
22425 216
22425 217
22425 218
22425 219
22425 220
22425 221
22425 223
22425 224
22425 225
22425 226
22425 227
22425 229
22425 230
22425 231
22425 232
22425 233
22425 236
22425 237
22425 238
22425 240
22425 241
22425 244
22425 247
22425 250
22425 251
22425 253
22425 254
22425 256
22425 257
22425 258
22425 260
22425 261
22425 262
22425 263
22425 265
22425 266
22425 268
22425 269
22425 270
22425 271
22425 274
22425 275
22425 276
22425 277
22425 278
22425 279
22425 280
22425 282
22425 283
22425 284
22425 285
22425 286
22425 287
22425 288
22425 289
22425 291
22425 293
22425 294
22425 295
22425 296
22425 297
22425 298
22425 299
22425 301
22425 302
22425 303
22425 304
22425 305
22425 306
22425 308
22425 309
22425 310
22425 311
22425 312
22425 314
22425 316
22425 320
22425 321
22425 322
22425 324
22425 325
22425 326
22425 327
22425 328
22425 329
22425 330
22425 331
22425 332
22425 333
22425 334
22425 335
22425 336
22425 337
22425 338
22425 339
22425 340
22425 341
22425 344
22425 345
22425 346
22425 347
22425 348
22425 349
22425 350
22425 351
22425 352
22425 354
22425 355
22425 356
22425 357
22425 358
22425 359
22425 360
22425 361
22425 362
22425 363
22425 364
22425 365
22425 367
22425 368
22425 369
22425 370
22425 371
22425 372
22425 373
22425 374
22425 375
22425 376
22425 377
22425 378
22425 379
22425 380
22425 381
22425 382
22425 383
22425 384
22425 385
22425 386
22425 387
22425 391
22425 392
22425 393
22425 394
22425 395
22425 396
22425 397
22425 398
22425 399
22425 401
22425 402
22425 403
22425 404
22425 406
22425 407
22425 408
22425 409
22425 410
22425 411
22426 0
22426 1
22426 3
22426 4
22426 5
22426 6
22426 7
22426 10
22426 11
22426 12
22426 13
22426 15
22426 17
22426 18
22426 19
22426 20
22426 21
22426 22
22426 23
22426 24
22426 25
22426 26
22426 28
22426 29
22426 30
22426 31
22426 32
22426 33
22426 35
22426 37
22426 38
22426 39
22426 40
22426 41
22426 43
22426 44
22426 45
22426 46
22426 47
22426 48
22426 49
22426 50
22426 51
22426 52
22426 53
22426 54
22426 56
22426 58
22426 61
22426 63
22426 64
22426 65
22426 66
22426 67
22426 69
22426 71
22426 72
22426 73
22426 74
22426 75
22426 76
22426 78
22426 79
22426 80
22426 81
22426 83
22426 84
22426 86
22426 87
22426 88
22426 89
22426 91
22426 93
22426 94
22426 96
22426 97
22426 98
22426 99
22426 100
22426 101
22426 103
22426 104
22426 105
22426 106
22426 107
22426 110
22426 111
22426 112
22426 113
22426 114
22426 115
22426 117
22426 118
22426 120
22426 121
22426 122
22426 123
22426 125
22426 126
22426 127
22426 128
22426 129
22426 130
22426 132
22426 133
22426 134
22426 135
22426 136
22426 139
22426 140
22426 142
22426 143
22426 144
22426 145
22426 146
22426 148
22426 149
22426 150
22426 151
22426 152
22426 153
22426 154
22426 155
22426 156
22426 157
22426 158
22426 159
22426 161
22426 162
22426 163
22426 164
22426 167
22426 168
22426 169
22426 170
22426 172
22426 174
22426 175
22426 176
22426 177
22426 178
22426 179
22426 180
22426 181
22426 182
22426 184
22426 185
22426 187
22426 188
22426 189
22426 190
22426 191
22426 192
22426 193
22426 194
22426 195
22426 196
22426 197
22426 198
22426 201
22426 202
22426 203
22426 204
22426 205
22426 206
22426 207
22426 208
22426 210
22426 212
22426 213
22426 214
22426 215
22426 216
22426 217
22426 218
22426 219
22426 220
22426 221
22426 222
22426 224
22426 225
22426 226
22426 227
22426 228
22426 231
22426 232
22426 234
22426 235
22426 237
22426 238
22426 239
22426 240
22426 241
22426 243
22426 244
22426 245
22426 247
22426 248
22426 250
22426 251
22426 252
22428 0
22428 1
22428 2
22428 3
22428 4
22428 5
22428 7
22428 9
22428 10
22428 11
22428 12
22428 13
22428 14
22428 15
22428 16
22428 17
22428 18
22428 19
22428 20
22428 21
22428 22
22428 23
22428 24
22428 25
22428 27
22428 28
22428 29
22428 30
22428 31
22428 32
22428 33
22428 34
22428 36
22428 37
22428 39
22428 40
22428 41
22428 42
22428 43
22428 44
22428 46
22428 47
22428 48
22428 49
22428 51
22428 52
22428 53
22428 54
22428 55
22428 57
22428 58
22428 61
22428 62
22428 63
22428 65
22428 66
22428 67
22428 68
22428 69
22428 70
22428 71
22428 72
22428 73
22428 74
22428 75
22428 76
22428 77
22428 78
22428 79
22428 80
22428 81
22428 84
22428 86
22428 87
22428 89
22428 90
22428 91
22428 92
22428 93
22428 94
22428 95
22428 96
22428 97
22428 98
22428 100
22428 102
22428 104
22428 105
22428 106
22428 107
22428 108
22428 110
22428 111
22428 112
22428 113
22428 114
22428 115
22428 116
22428 118
22428 119
22428 120
22428 122
22428 123
22428 125
22428 126
22428 127
22428 130
22428 131
22428 133
22428 134
22428 135
22428 137
22428 139
22428 142
22428 143
22428 144
22428 145
22428 146
22428 147
22428 148
22428 149
22428 150
22428 151
22428 154
22428 155
22428 156
22428 157
22428 158
22428 159
22428 160
22428 161
22428 162
22428 163
22428 164
22428 165
22428 166
22428 167
22428 168
22428 169
22428 170
22428 171
22428 173
22428 174
22428 175
22428 176
22428 177
22428 178
22428 179
22428 181
22428 182
22428 183
22428 184
22428 185
22428 186
22428 187
22428 188
22428 189
22428 190
22428 191
22428 192
22428 194
22428 195
22428 196
22428 197
22428 198
22428 199
22428 203
22428 205
22428 206
22428 207
22428 208
22428 209
22428 210
22428 211
22428 212
22428 213
22428 214
22428 216
22428 219
22428 220
22428 221
22428 222
22428 223
22428 224
22428 225
22428 226
22428 227
22428 228
22428 229
22428 230
22428 231
22428 232
22428 233
22428 234
22428 235
22428 236
22428 237
22428 238
22428 239
22428 240
22428 241
22428 242
22428 244
22428 245
22428 246
22428 248
22428 249
22428 251
22428 252
22552 59
22552 60
22552 66
22552 67
22552 68
22552 72
22552 73
22552 82
22552 83
22552 84
22552 86
22552 89
22552 90
22552 91
22552 92
22552 93
22552 94
22552 96
22552 97
22552 98
22552 99
22552 101
22552 102
22552 103
22552 104
22552 105
22552 106
22552 107
22552 108
22552 109
22552 110
22552 111
22552 112
22552 113
22552 114
22552 116
22552 118
22552 119
22552 120
22552 121
22552 122
22552 123
22552 124
22552 125
22552 126
22552 127
22552 128
22552 129
22552 130
22552 131
22552 132
22552 133
22552 134
22552 135
22552 136
22552 137
22552 138
22552 139
22552 140
22552 141
22552 145
22552 149
22552 150
22552 151
22552 153
22552 154
22552 156
22552 157
22552 158
22552 159
22552 166
22552 167
22552 168
22552 170
22552 176
22552 177
22552 178
22552 180
22552 181
22552 182
22552 183
22552 184
22552 185
22552 186
22552 187
22552 188
22552 189
22552 190
22552 194
22552 195
22552 196
22552 197
22552 198
22552 199
22552 200
22552 201
22552 202
22552 204
22552 206
22552 207
22552 208
22552 209
22552 212
22552 213
22552 214
22552 215
22552 216
22552 218
22552 219
22552 220
22552 221
22552 222
22552 223
22552 224
22552 225
22552 226
22552 227
22552 228
22552 229
22552 230
22552 231
22552 232
22552 233
22552 234
22552 235
22552 236
22552 237
22552 238
22552 239
22552 240
22552 241
22552 243
22552 244
22552 245
22552 246
22552 247
22552 248
22552 249
22552 250
22552 251
22552 253
22552 255
22552 259
22552 260
22552 262
22552 263
22552 264
22552 265
22552 266
22552 267
22552 268
22552 269
22552 271
22552 272
22552 273
22552 274
22552 275
22552 276
22552 277
22552 279
22552 280
22552 281
22552 283
22552 285
22552 286
22552 288
22552 289
22552 290
22552 291
22552 292
22552 293
22552 294
22552 295
22552 296
22552 297
22552 298
22552 301
22552 302
22552 303
22552 304
22552 305
22552 306
22552 308
22552 309
22552 312
22552 313
22552 314
22552 315
22552 316
22552 317
22552 318
22552 319
22552 320
22552 323
22552 324
22552 326
22552 328
22552 329
22552 330
22552 331
22552 332
22552 333
22552 334
22552 335
22552 336
22552 337
22552 339
22552 340
22552 342
22552 343
22552 344
22552 345
22552 346
22552 347
22552 351
22552 352
22552 353
22552 354
22552 355
22552 356
22552 358
22552 359
22552 361
22552 362
22552 364
22552 365
22552 366
22552 367
22552 368
22552 369
22552 370
22552 371
22552 373
22552 374
22552 376
22552 377
22552 378
22552 379
22552 380
22552 381
22552 382
22552 385
22552 386
22552 387
22552 388
22552 389
22552 390
22552 391
22552 392
22552 395
22552 396
22552 397
22552 399
22552 400
22552 401
22552 402
22552 403
22552 405
22552 406
22552 407
22552 408
22552 409
22552 410
22552 411
22552 412
22552 413
22552 414
22552 415
22552 416
22552 417
22552 418
22552 422
22552 423
22552 424
22552 426
22552 427
22552 428
22552 429
22552 430
22552 431
22552 432
22552 433
22552 435
22552 436
22552 437
22552 438
22552 439
22552 440
22552 441
22552 442
22552 443
22552 444
22552 445
22552 446
22552 447
22552 448
22552 453
22552 454
22552 455
22552 456
22552 457
22552 458
22552 459
22552 460
22552 461
22552 462
22552 463
22552 465
22552 466
22552 468
22552 469
22552 470
22552 471
22552 472
22552 475
22552 476
22552 477
22552 478
22552 480
22552 481
22552 482
22552 483
22552 484
22552 486
22552 487
22552 490
22552 492
22552 493
22552 494
22552 495
22552 496
22552 497
22552 498
22552 499
22552 500
22552 502
22552 504
22552 506
22552 507
22552 508
22552 509
22552 510
22552 512
22552 513
22552 514
22552 515
22552 516
22552 517
22552 518
22552 519
22552 520
22552 521
22552 522
22552 523
22552 524
22552 525
22552 526
22552 527
22552 528
22552 529
22552 530
22552 531
22552 532
22552 533
22552 534
22552 536
22552 537
22552 538
22552 539
22552 540
22552 541
22552 542
22552 543
22552 544
22552 545
22552 546
22552 547
22552 548
22552 549
22552 550
22552 551
22552 552
22553 0
22553 1
22553 2
22553 3
22553 4
22553 5
22553 6
22553 7
22553 8
22553 10
22553 11
22553 12
22553 13
22553 14
22553 15
22553 16
22553 19
22553 20
22553 21
22553 23
22553 24
22553 27
22553 28
22553 29
22553 32
22553 33
22553 34
22553 35
22553 36
22553 37
22553 38
22553 39
22553 40
22553 41
22553 42
22553 43
22553 44
22553 45
22553 46
22553 48
22553 49
22553 50
22553 53
22555 0
22555 1
22555 2
22555 3
22555 4
22555 5
22555 6
22555 8
22555 10
22555 11
22555 13
22555 14
22555 15
22555 17
22555 18
22555 19
22555 20
22555 21
22555 24
22555 25
22555 26
22555 28
22555 29
22555 31
22555 32
22555 33
22555 34
22555 35
22555 36
22555 37
22555 39
22555 40
22555 42
22555 43
22555 44
22555 45
22555 46
22555 48
22555 49
22555 50
22555 51
22555 52
22555 54
22555 56
22555 57
22556 0
22556 3
22556 4
22556 5
22556 6
22556 8
22556 9
22556 10
22556 11
22556 12
22556 13
22556 14
22556 16
22556 17
22556 20
22556 22
22556 23
22556 24
22556 25
22556 26
22556 28
22556 29
22556 30
22556 31
22556 32
22556 33
22556 34
22556 35
22556 37
22556 39
22556 40
22556 41
22556 42
22556 43
22556 44
22556 45
22556 46
22556 47
22556 48
22556 49
22556 51
22556 52
22556 53
22556 55
22556 56
22556 57
22556 58
22556 59
22556 60
22556 61
22556 62
22557 23
22557 24
22557 25
22557 26
22557 28
22557 29
22557 31
22557 32
22557 33
22557 34
22557 36
22557 37
22557 38
22557 39
22557 42
22557 43
22557 44
22557 46
22557 47
22557 48
22557 49
22557 50
22557 51
22557 52
22557 53
22557 54
22557 55
22557 56
22557 57
22557 58
22557 59
22557 60
22557 62
22557 63
22557 64
22557 65
22557 66
22557 68
22557 69
22557 70
22557 72
22557 73
22557 74
22557 75
22557 77
22557 78
22557 79
22557 80
22557 81
22557 83
22557 85
22557 86
22557 87
22557 88
22557 89
22557 90
22557 91
22557 92
22557 93
22557 94
22557 96
22557 97
22557 98
22557 99
22557 100
22557 101
22557 102
22557 103
22557 104
22557 105
22557 106
22557 107
22557 108
22557 109
22557 110
22557 111
22557 113
22557 114
22557 116
22557 117
22557 118
22557 120
22557 121
22557 123
22557 124
22557 125
22557 126
22557 128
22557 129
22557 130
22557 132
22557 133
22557 134
22557 135
22557 137
22557 139
22557 140
22557 141
22557 142
22557 143
22557 144
22557 145
22557 147
22557 148
22557 149
22557 151
22557 153
22557 155
22557 156
22557 157
22557 159
22557 160
22557 161
22557 162
22557 163
22557 164
22557 165
22557 166
22557 167
22557 168
22557 169
22557 171
22557 173
22562 1
22562 2
22562 3
22562 4
22562 5
22562 6
22562 7
22562 9
22562 11
22562 12
22562 13
22562 14
22562 15
22562 16
22562 17
22562 18
22562 19
22562 20
22562 21
22562 22
22562 23
22562 25
22562 26
22562 28
22562 30
22562 31
22562 33
22562 34
22562 35
22562 36
22562 37
22562 38
22562 39
22562 40
22562 42
22562 43
22562 44
22562 45
22562 46
22562 49
22562 50
22562 51
22565 22
22565 25
22565 26
22565 27
22565 28
22565 29
22565 31
22565 32
22565 33
22565 34
22565 35
22565 37
22565 39
22565 40
22565 41
22565 43
22565 44
22565 45
22565 48
22565 49
22565 50
22565 52
22565 53
22565 54
22565 55
22565 56
22565 57
22565 58
22565 59
22565 60
22565 61
22565 63
22565 64
22565 65
22565 66
22565 67
22565 69
22565 70
22565 71
22565 72
22565 74
22565 75
22565 76
22565 78
22565 81
22565 82
22565 83
22565 84
22565 86
22565 89
22565 90
22565 91
22565 92
22565 93
22565 94
22565 95
22565 98
22565 99
22565 100
22565 101
22565 102
22565 104
22565 105
22565 106
22565 107
22565 108
22565 111
22565 112
22565 114
22565 115
22565 117
22565 119
22565 120
22565 121
22565 122
22565 123
22565 124
22565 126
22565 129
22565 130
22565 131
22565 132
22565 133
22565 134
22565 135
22565 136
22565 137
22565 138
22565 139
22565 141
22565 142
22565 143
22565 144
22565 145
22565 146
22565 147
22565 148
22565 150
22565 151
22565 152
22565 153
22565 154
22565 155
22565 156
22565 157
22565 158
22565 160
22565 161
22565 162
22565 163
22565 164
22565 165
22565 166
22565 167
22565 168
22565 170
22565 171
22565 172
22565 173
22565 174
22565 176
22565 177
22565 178
22565 180
22565 181
22565 185
22565 186
22565 187
22565 188
22565 189
22565 190
22565 192
22565 193
22565 194
22565 195
22565 197
22565 199
22565 201
22565 202
22565 203
22565 204
22565 205
22565 206
22565 207
22565 208
22565 209
22565 210
22565 211
22565 212
22565 213
22565 214
22565 215
22565 216
22565 217
22565 218
22565 219
22565 220
22565 221
22565 222
22565 223
22565 224
22565 225
22565 226
22565 227
22565 228
22565 229
22565 230
22565 233
22565 234
22565 239
22565 240
22565 245
22565 247
22565 248
22565 249
22565 250
22565 251
22565 256
22565 258
22565 259
22565 260
22565 262
22565 263
22565 265
22565 266
22565 268
22565 269
22565 271
22565 273
22565 274
22565 276
22565 278
22565 279
22565 280
22565 281
22565 282
22565 283
22565 284
22565 285
22565 288
22565 289
22565 290
22565 291
22566 0
22566 1
22566 2
22566 3
22566 4
22566 5
22566 6
22566 7
22566 8
22566 9
22566 11
22566 12
22566 13
22566 14
22566 15
22566 16
22566 17
22566 18
22566 19
22566 22
22566 23
22566 25
22566 26
22566 27
22566 28
22566 29
22566 30
22566 31
22566 32
22566 33
22566 34
22566 36
22566 37
22566 38
22566 39
22566 43
22566 45
22566 46
22566 47
22566 49
22566 51
22566 52
22566 53
22566 56
22566 58
22566 59
22566 60
22566 61
22566 62
22566 63
22566 64
22566 65
22566 66
22566 68
22566 70
22566 72
22566 74
22566 76
22566 77
22566 78
22566 79
22566 80
22566 81
22566 83
22566 84
22566 85
22566 86
22566 87
22566 91
22566 92
22566 93
22566 94
22566 97
22566 98
22566 99
22566 100
22566 101
22566 102
22566 103
22566 104
22566 106
22566 107
22566 108
22566 109
22566 110
22566 112
22566 113
22566 114
22566 115
22566 116
22566 117
22566 118
22566 119
22566 120
22566 121
22566 122
22566 123
22566 124
22566 125
22566 126
22566 127
22566 128
22566 129
22566 130
22566 131
22566 133
22566 134
22566 135
22566 138
22566 139
22566 141
22566 142
22566 143
22566 145
22566 146
22566 148
22566 150
22566 151
22566 152
22566 153
22566 154
22566 155
22566 157
22566 158
22566 159
22566 160
22566 161
22566 162
22566 163
22566 164
22566 165
22566 166
22566 167
22566 168
22566 169
22566 170
22566 171
22566 172
22566 173
22566 174
22566 175
22566 177
22566 178
22566 179
22566 180
22566 181
22566 182
22566 183
22566 184
22566 186
22566 187
22566 188
22566 189
22566 190
22566 191
22566 192
22566 194
22566 195
22566 196
22566 197
22566 198
22566 208
22566 209
22566 211
22566 212
22566 213
22566 214
22566 215
22566 216
22566 218
22566 219
22566 220
22566 221
22566 222
22566 224
22566 225
22566 226
22566 237
22566 238
22566 239
22566 242
22566 243
22566 247
22566 251
22566 252
22566 253
22566 254
22566 255
22566 256
22566 259
22566 261
22566 263
22566 264
22566 265
22566 266
22566 267
22566 268
22566 271
22566 272
22566 273
22566 274
22566 275
22566 278
22566 282
22566 283
22566 284
22566 285
22566 286
22566 288
22566 289
22566 290
22566 294
22566 295
22566 296
22566 297
22566 298
22566 299
22566 300
22566 301
22566 303
22566 304
22566 305
22566 306
22566 307
22566 308
22566 309
22566 310
22566 311
22566 312
22566 313
22566 315
22566 316
22566 317
22566 320
22566 321
22566 323
22566 324
22566 326
22566 327
22567 0
22567 1
22567 2
22567 3
22567 23
22567 24
22567 26
22567 27
22567 29
22567 30
22568 0
22568 1
22568 2
22568 4
22568 5
22568 6
22568 7
22568 9
22568 10
22568 11
22568 12
22568 13
22568 15
22568 16
22568 18
22568 19
22568 20
22568 21
22568 22
22568 23
22568 24
22568 25
22568 26
22568 27
22568 28
22568 30
22568 31
22568 32
22568 33
22568 34
22568 35
22568 36
22568 37
22568 38
22568 39
22568 40
22568 43
22568 44
22568 45
22568 47
22568 48
22568 50
22568 51
22568 52
22568 53
22568 54
22568 55
22568 56
22568 57
22568 58
22568 59
22568 60
22568 61
22568 62
22568 63
22568 64
22568 71
22568 72
22568 73
22568 74
22568 75
22568 76
22568 77
22568 79
22568 81
22568 82
22568 83
22568 84
22568 85
22568 86
22568 89
22568 92
22568 93
22568 94
22568 95
22568 96
22568 98
22568 99
22568 100
22568 101
22568 102
22568 103
22568 104
22568 105
22568 107
22568 108
22568 110
22568 111
22568 112
22568 113
22568 115
22568 117
22568 118
22568 119
22568 120
22568 121
22568 122
22568 123
22568 124
22568 125
22568 126
22568 127
22569 0
22569 1
22569 2
22569 3
22569 4
22569 6
22569 7
22569 8
22576 0
22576 1
22576 4
22576 5
22576 6
22576 7
22576 8
22577 0
22577 1
22577 2
22577 3
22577 4
22577 5
22577 6
22577 7
22577 8
22577 10
22577 11
22577 12
22577 15
22577 16
22577 18
22577 19
22577 21
22577 23
22577 24
22577 25
22577 27
22577 28
22577 29
22577 30
22577 32
22577 33
22577 34
22577 35
22577 36
22577 37
22577 38
22577 39
22577 42
22577 43
22577 44
22577 45
22577 46
22577 47
22577 48
22577 49
22577 50
22577 51
22577 52
22577 53
22577 54
22577 56
22577 58
22577 59
22577 60
22577 62
22577 63
22577 64
22577 65
22577 66
22577 67
22577 68
22577 70
22577 73
22577 75
22577 77
22577 78
22577 80
22577 81
22577 82
22577 83
22577 84
22577 85
22577 86
22577 87
22577 88
22577 89
22577 90
22577 92
22577 93
22577 94
22577 96
22577 97
22577 98
22577 99
22577 100
22577 101
22577 104
22577 105
22577 106
22577 107
22577 108
22577 110
22577 111
22577 112
22577 113
22577 115
22577 116
22577 117
22579 0
22579 1
22579 3
22579 4
22579 5
22579 6
22579 7
22579 8
22579 9
22579 10
22579 11
22579 12
22579 13
22579 14
22579 15
22579 16
22579 17
22579 19
22579 20
22579 21
22579 22
22579 23
22579 24
22579 25
22579 26
22579 27
22579 28
22579 29
22579 30
22579 31
22579 34
22579 35
22579 36
22579 37
22579 38
22579 40
22579 41
22579 42
22579 43
22579 47
22579 48
22579 49
22579 50
22579 52
22579 53
22579 55
22579 56
22579 57
22579 58
22579 59
22579 60
22579 62
22580 0
22580 1
22580 2
22580 3
22580 4
22580 5
22580 7
22580 8
22580 10
22580 11
22580 13
22580 15
22580 18
22580 19
22580 20
22580 22
22580 24
22580 25
22580 26
22580 27
22580 28
22580 29
22580 30
22580 31
22580 32
22580 33
22580 34
22580 35
22580 36
22580 37
22580 38
22580 39
22580 40
22580 42
22580 43
22580 46
22580 47
22580 48
22580 49
22580 50
22580 52
22580 53
22580 54
22580 55
22580 56
22580 57
22580 58
22580 60
22580 61
22580 62
22580 63
22580 64
22580 65
22580 67
22580 68
22580 69
22580 70
22580 71
22580 73
22580 74
22580 75
22580 76
22580 77
22580 78
22580 79
22580 80
22580 81
22580 82
22580 83
22580 84
22580 85
22580 86
22580 87
22580 88
22580 89
22580 90
22580 91
22580 92
22580 93
22580 94
22580 95
22580 96
22580 98
22580 99
22580 100
22580 101
22580 102
22580 103
22580 104
22580 105
22580 106
22580 107
22580 109
22580 110
22580 111
22580 112
22580 113
22580 115
22580 117
22580 118
22580 120
22580 121
22580 122
22580 123
22580 124
22580 125
22580 126
22580 127
22580 128
22580 129
22580 130
22580 131
22580 132
22580 134
22580 135
22580 136
22580 138
22580 139
22580 140
22580 141
22580 142
22580 143
22580 145
22580 147
22580 148
22580 149
22580 150
22580 151
22580 153
22580 154
22580 155
22580 156
22580 157
22580 159
22580 160
22580 161
22580 162
22580 163
22580 166
22580 167
22580 168
22580 169
22580 170
22580 171
22580 172
22580 174
22580 175
22580 176
22580 177
22580 178
22580 179
22580 180
22580 181
22580 182
22580 183
22580 184
22580 185
22580 186
22580 187
22580 188
22580 189
22580 190
22580 192
22580 193
22580 194
22580 196
22580 197
22580 198
22580 199
22580 200
22580 202
22580 204
22580 205
22580 208
22580 209
22580 210
22580 212
22580 213
22580 214
22580 215
22580 216
22580 217
22580 218
22580 219
22580 220
22580 221
22580 222
22580 223
22580 224
22580 225
22580 226
22580 227
22580 229
22580 230
22580 231
22580 232
22580 233
22580 234
22580 235
22580 236
22580 237
22580 238
22580 239
22580 240
22580 241
22580 242
22580 243
22580 244
22580 245
22580 248
22580 249
22580 250
22580 252
22580 253
22580 254
22580 255
22580 256
22580 258
22580 260
22580 261
22580 262
22580 264
22580 267
22580 268
22580 269
22580 270
22580 271
22580 272
22580 275
22580 276
22580 277
22580 280
22580 281
22580 282
22580 284
22580 285
22580 286
22580 287
22580 288
22580 289
22580 290
22580 292
22580 293
22580 294
22580 297
22580 298
22580 299
22580 300
22580 301
22580 302
22580 303
22580 304
22580 305
22580 306
22580 307
22580 308
22580 309
22580 310
22580 311
22580 313
22580 314
22580 315
22580 316
22580 317
22580 318
22580 319
22580 320
22580 321
22580 322
22580 324
22580 325
22580 326
22580 327
22580 328
22580 329
22580 331
22580 332
22580 333
22580 334
22580 335
22580 336
22580 337
22580 338
22580 339
22580 340
22580 341
22580 342
22580 343
22580 346
22580 347
22580 348
22580 349
22580 350
22580 351
22580 353
22580 354
22580 355
22580 356
22580 357
22580 359
22580 360
22580 362
22580 363
22580 364
22580 365
22580 366
22580 367
22580 368
22580 369
22580 371
22580 372
22580 374
22580 375
22580 376
22580 377
22580 378
22580 380
22580 382
22580 383
22580 384
22580 386
22580 387
22580 388
22580 390
22580 392
22580 393
22580 394
22580 395
22580 396
22580 397
22580 398
22580 399
22580 400
22580 401
22580 402
22580 403
22580 404
22580 405
22580 406
22580 408
22580 409
22580 411
22580 413
22580 414
22580 415
22580 416
22580 417
22580 418
22580 419
22580 420
22580 421
22580 422
22580 423
22580 424
22580 425
22580 426
22580 427
22581 0
22581 1
22581 2
22581 4
22581 5
22581 6
22581 7
22581 9
22581 10
22581 11
22581 12
22581 13
22581 15
22581 16
22581 18
22581 19
22581 20
22581 21
22581 22
22581 23
22581 26
22581 27
22581 28
22581 29
22581 30
22581 31
22581 32
22581 33
22581 34
22581 35
22581 37
22581 38
22581 39
22581 40
22581 41
22581 45
22581 47
22581 48
22581 50
22581 51
22581 52
22581 53
22581 54
22581 55
22581 57
22581 58
22581 59
22581 60
22581 61
22581 62
22581 63
22581 64
22581 66
22581 67
22581 68
22581 69
22581 70
22581 72
22581 75
22581 77
22581 78
22581 80
22581 81
22581 82
22581 83
22585 1
22585 4
22585 5
22585 6
22585 7
22585 8
22585 9
22585 10
22585 13
22585 14
22585 15
22585 18
22585 19
22585 20
22585 21
22585 23
22585 24
22585 26
22585 28
22585 29
22585 31
22585 33
22585 35
22585 36
22585 37
22585 38
22585 39
22585 40
22585 41
22585 42
22585 43
22585 44
22585 45
22585 46
22585 47
22585 48
22585 49
22585 50
22585 51
22585 52
22585 53
22585 54
22586 0
22586 1
22586 2
22586 3
22586 4
22586 5
22586 6
22586 7
22586 8
22586 9
22586 10
22586 11
22586 12
22586 13
22586 15
22586 16
22586 17
22586 18
22586 19
22586 20
22586 21
22586 22
22586 23
22586 24
22586 25
22586 26
22586 28
22586 30
22586 31
22586 32
22586 33
22586 34
22586 35
22586 36
22586 37
22586 38
22586 40
22586 41
22586 42
22586 43
22586 45
22586 46
22586 48
22586 49
22586 51
22586 52
22586 54
22586 55
22586 56
22586 58
22586 59
22586 60
22586 61
22586 62
22586 63
22586 64
22586 65
22586 66
22586 67
22586 68
22586 70
22586 71
22586 72
22586 73
22586 76
22586 78
22586 79
22586 80
22586 81
22586 83
22586 84
22586 85
22586 87
22586 88
22586 90
22586 91
22586 92
22586 96
22586 97
22586 98
22586 99
22586 100
22586 101
22586 102
22586 103
22586 104
22586 106
22586 107
22586 108
22586 109
22586 111
22586 113
22586 114
22586 115
22586 116
22586 117
22586 118
22586 119
22586 120
22586 121
22586 123
22586 125
22586 126
22586 127
22586 128
22586 129
22586 130
22586 131
22586 133
22586 134
22586 135
22586 136
22586 137
22586 138
22586 139
22586 140
22586 141
22586 142
22586 143
22586 144
22586 145
22586 146
22586 147
22586 149
22586 150
22586 151
22586 152
22586 153
22586 154
22586 155
22586 156
22586 157
22586 158
22586 159
22586 161
22586 162
22586 163
22586 164
22586 165
22586 166
22586 167
22586 168
22586 169
22586 173
22586 174
22586 175
22586 176
22586 177
22586 178
22586 179
22586 180
22586 181
22586 182
22586 183
22586 185
22586 186
22586 188
22586 189
22586 190
22586 191
22586 192
22586 193
22586 194
22586 195
22586 196
22586 199
22586 202
22586 203
22586 204
22586 205
22586 206
22586 208
22586 209
22586 210
22586 213
22586 214
22586 215
22586 216
22586 218
22586 219
22586 221
22586 223
22586 224
22586 225
22586 227
22586 228
22586 229
22586 230
22586 232
22586 234
22586 235
22586 236
22586 237
22586 238
22586 239
22586 240
22586 241
22586 242
22586 243
22586 244
22586 245
22586 246
22586 247
22586 248
22586 250
22586 251
22586 252
22586 253
22586 255
22586 256
22586 257
22586 258
22586 260
22586 261
22586 262
22586 263
22586 264
22586 265
22586 266
22586 267
22586 270
22586 271
22586 272
22586 273
22586 274
22586 275
22586 277
22586 279
22586 281
22586 284
22586 285
22586 286
22586 287
22586 288
22586 290
22586 294
22586 295
22586 296
22586 297
22586 298
22586 299
22586 300
22586 301
22586 302
22587 2
22587 3
22587 4
22587 5
22587 6
22587 8
22587 10
22587 11
22587 12
22587 13
22587 15
22587 17
22587 18
22587 19
22587 20
22587 21
22587 22
22587 23
22587 24
22587 25
22587 26
22587 28
22587 29
22587 30
22587 32
22587 34
22587 35
22587 36
22587 37
22587 38
22587 39
22587 40
22587 41
22587 43
22587 45
22587 46
22587 47
22587 50
22587 51
22587 52
22587 53
22587 54
22587 55
22587 56
22587 57
22587 59
22587 60
22587 61
22587 63
22587 64
22587 65
22587 66
22587 68
22587 69
22587 70
22587 71
22587 72
22587 73
22587 75
22587 76
22587 77
22587 78
22587 79
22587 80
22587 81
22587 82
22587 83
22587 84
22587 85
22587 87
22587 88
22587 89
22587 90
22587 91
22587 92
22587 93
22587 94
22587 95
22587 98
22587 99
22587 102
22587 103
22587 104
22587 105
22587 106
22587 107
22587 108
22587 109
22587 110
22587 111
22587 112
22587 113
22587 114
22587 115
22587 116
22587 117
22587 118
22587 120
22587 121
22587 122
22587 123
22587 124
22587 125
22587 126
22587 128
22587 130
22587 131
22587 132
22587 133
22587 134
22587 135
22587 137
22587 139
22587 140
22587 142
22587 143
22587 144
22587 145
22587 146
22587 147
22587 148
22587 149
22587 151
22587 152
22587 153
22587 154
22587 156
22587 157
22587 158
22587 159
22587 160
22587 161
22587 162
22587 163
22587 165
22587 168
22587 169
22587 170
22587 171
22587 172
22587 173
22587 174
22587 175
22587 176
22587 177
22587 180
22587 181
22587 182
22587 183
22587 184
22587 185
22587 186
22587 187
22587 188
22587 189
22587 191
22587 193
22587 194
22587 195
22587 196
22587 197
22587 198
22587 199
22587 200
22587 201
22587 203
22587 205
22587 206
22587 207
22587 209
22587 210
22587 211
22587 212
22587 213
22587 214
22587 215
22587 216
22587 220
22587 221
22587 222
22587 223
22587 224
22587 225
22587 226
22587 227
22587 229
22587 230
22587 231
22587 232
22587 233
22587 234
22587 236
22587 237
22587 238
22587 239
22587 241
22587 242
22587 243
22587 249
22587 251
22587 253
22587 255
22587 256
22587 257
22587 258
22587 259
22587 263
22587 264
22587 266
22587 267
22587 269
22587 270
22587 271
22587 272
22587 273
22587 274
22587 275
22587 277
22587 278
22587 279
22587 280
22587 281
22587 282
22587 284
22587 285
22587 286
22587 287
22587 289
22587 290
22587 292
22587 294
22587 295
22587 297
22587 298
22587 299
22587 302
22587 303
22587 304
22587 305
22587 307
22587 308
22587 309
22587 311
22587 312
22587 313
22587 315
22587 316
22587 317
22587 318
22587 319
22587 320
22587 321
22587 322
22587 324
22587 325
22587 326
22587 327
22587 330
22587 331
22587 332
22587 333
22587 334
22587 335
22587 336
22587 337
22587 338
22587 339
22588 0
22588 1
22588 2
22588 3
22588 4
22588 5
22588 6
22588 7
22588 8
22588 9
22588 10
22588 11
22588 12
22588 13
22588 14
22588 15
22588 16
22588 17
22588 18
22588 19
22588 20
22588 21
22588 22
22588 23
22588 24
22588 25
22588 26
22588 29
22588 30
22588 31
22588 32
22588 33
22588 36
22588 37
22588 38
22588 39
22588 40
22588 43
22588 44
22588 45
22588 46
22588 49
22588 50
22588 51
22588 52
22588 53
22588 54
22589 1
22589 2
22589 4
22589 5
22589 6
22589 8
22589 10
22589 11
22589 13
22589 14
22589 15
22589 16
22589 17
22589 18
22589 19
22589 21
22589 22
22589 23
22589 24
22589 26
22589 27
22589 28
22589 29
22589 31
22589 33
22589 35
22589 36
22589 37
22589 38
22589 39
22589 40
22589 41
22589 42
22589 43
22589 44
22589 46
22589 47
22589 48
22589 49
22589 50
22589 51
22589 52
22589 53
22589 54
22589 55
22589 57
22589 58
22589 59
22589 60
22589 61
22589 62
22589 63
22589 64
22589 65
22589 66
22589 67
22589 68
22589 70
22589 71
22589 72
22589 73
22589 74
22589 75
22589 76
22589 77
22589 78
22589 79
22589 80
22589 81
22589 83
22589 84
22589 85
22589 86
22589 87
22589 88
22589 89
22589 90
22589 92
22589 93
22589 94
22589 95
22589 96
22589 97
22589 98
22589 99
22589 100
22589 101
22589 102
22589 103
22589 104
22589 105
22589 106
22589 107
22589 109
22589 110
22589 111
22589 112
22589 113
22589 115
22589 118
22589 119
22589 120
22589 121
22589 123
22590 0
22590 1
22590 2
22590 4
22590 5
22590 6
22590 7
22590 9
22591 0
22591 1
22591 2
22591 3
22591 5
22591 7
22591 8
22591 10
22591 12
22591 13
22591 14
22591 16
22591 17
22591 18
22591 19
22591 20
22591 21
22591 22
22591 23
22591 24
22591 25
22591 26
22591 27
22591 29
22591 31
22591 32
22591 33
22591 34
22591 35
22591 36
22591 37
22591 39
22591 40
22591 41
22591 42
22591 43
22591 44
22591 45
22591 46
22591 47
22591 48
22591 49
22591 50
22591 51
22591 53
22591 54
22591 55
22591 57
22591 61
22591 62
22591 63
22591 64
22591 65
22591 66
22591 67
22591 68
22591 69
22591 71
22591 72
22591 73
22591 74
22591 75
22591 76
22591 77
22591 78
22591 79
22591 80
22591 81
22591 82
22591 83
22591 84
22591 85
22591 86
22591 87
22591 88
22592 0
22592 1
22592 2
22592 3
22592 4
22592 5
22592 6
22592 7
22592 8
22592 9
22592 10
22592 13
22592 14
22592 15
22592 17
22592 18
22592 19
22592 20
22592 21
22592 22
22592 23
22592 24
22592 26
22592 27
22592 28
22592 29
22592 30
22592 31
22592 32
22595 0
22595 1
22595 3
22595 4
22595 5
22595 7
22595 8
22595 10
22595 12
22595 13
22595 14
22595 16
22595 18
22595 19
22596 0
22596 1
22596 2
22596 3
22596 4
22596 5
22596 7
22596 9
22596 10
22596 11
22596 12
22596 13
22596 14
22596 15
22596 16
22596 17
22596 20
22596 22
22596 23
22596 24
22596 25
22596 26
22596 27
22596 30
22596 31
22596 32
22596 33
22596 35
22596 36
22596 37
22596 38
22596 39
22596 40
22596 41
22596 42
22596 43
22596 44
22596 45
22596 46
22596 47
22596 48
22596 49
22596 50
22596 51
22596 52
22596 55
22596 56
22596 57
22596 58
22596 60
22596 61
22596 63
22596 65
22596 66
22596 67
22596 68
22596 69
22596 70
22596 71
22596 73
22596 75
22596 77
22596 78
22596 81
22596 82
22596 83
22596 84
22596 85
22596 89
22596 90
22596 91
22596 93
22597 0
22597 1
22597 2
22597 3
22597 4
22597 5
22597 6
22597 7
22597 8
22597 9
22597 10
22597 11
22597 12
22597 14
22597 16
22597 17
22597 18
22597 19
22597 20
22597 21
22597 24
22597 25
22597 26
22597 27
22597 28
22597 30
22597 31
22597 33
22597 34
22597 35
22597 38
22597 40
22597 41
22597 42
22597 43
22597 45
22597 47
22597 48
22597 49
22597 50
22597 51
22597 53
22597 54
22597 55
22597 56
22597 57
22597 58
22597 59
22597 60
22597 63
22597 64
22597 65
22597 66
22597 67
22597 68
22597 69
22597 70
22597 72
22597 73
22597 74
22597 76
22597 78
22597 79
22597 80
22598 6
22598 7
22598 8
22598 9
22598 11
22598 12
22598 13
22598 14
22598 15
22598 17
22598 18
22598 19
22598 20
22598 21
22598 22
22598 23
22598 24
22598 25
22598 26
22598 27
22598 28
22598 29
22598 30
22598 33
22598 34
22598 35
22598 36
22598 38
22598 39
22598 41
22598 42
22598 43
22598 44
22598 45
22598 46
22598 47
22598 48
22598 49
22598 50
22598 51
22598 52
22598 53
22598 54
22598 55
22598 56
22598 57
22598 59
22598 60
22598 61
22598 62
22598 63
22598 64
22598 65
22598 67
22598 69
22598 70
22598 71
22598 72
22598 73
22598 74
22598 75
22598 77
22598 78
22598 79
22598 80
22598 81
22598 82
22598 83
22598 84
22598 85
22598 88
22598 91
22598 92
22598 93
22598 94
22598 95
22598 96
22598 97
22598 100
22598 102
22600 2
22600 3
22600 4
22600 5
22600 7
22600 8
22600 10
22600 12
22600 13
22600 14
22600 15
22600 16
22600 17
22600 18
22600 19
22600 20
22600 21
22600 22
22600 24
22600 25
22600 27
22600 30
22600 31
22600 33
22600 34
22600 35
22600 36
22600 37
22600 38
22600 40
22600 41
22600 42
22600 43
22600 44
22600 45
22600 46
22600 47
22600 48
22600 49
22600 50
22600 51
22600 53
22600 55
22600 57
22600 59
22600 60
22600 61
22600 63
22600 64
22600 65
22600 66
22600 67
22600 68
22600 69
22600 70
22600 71
22600 72
22600 73
22600 74
22601 1
22601 2
22601 3
22601 4
22601 5
22601 6
22601 7
22601 10
22601 11
22601 12
22601 13
22601 14
22601 15
22601 16
22601 17
22601 18
22601 19
22601 20
22601 21
22601 22
22601 25
22601 26
22601 27
22601 28
22601 29
22601 30
22601 31
22601 32
22601 33
22601 34
22601 38
22601 39
22601 41
22601 42
22601 43
22601 44
22601 45
22601 47
22601 48
22601 49
22601 50
22601 51
22601 52
22601 54
22601 55
22601 56
22601 57
22601 58
22601 59
22601 60
22601 61
22601 62
22601 63
22601 65
22601 66
22601 67
22601 68
22602 0
22602 1
22602 3
22602 5
22602 6
22602 7
22602 8
22602 10
22602 12
22602 13
22602 14
22602 16
22602 17
22602 18
22602 20
22602 21
22602 22
22602 23
22602 24
22602 25
22602 26
22602 28
22602 29
22602 30
22602 31
22602 32
22602 33
22602 34
22602 35
22602 36
22602 37
22602 38
22602 39
22602 40
22602 41
22602 43
22602 44
22602 45
22602 47
22602 48
22603 0
22603 1
22603 2
22603 3
22603 4
22603 5
22603 7
22603 8
22603 9
22603 10
22603 12
22603 13
22603 14
22603 15
22603 16
22603 20
22603 21
22603 22
22603 24
22603 25
22603 26
22603 28
22603 29
22603 31
22603 32
22603 33
22603 34
22603 35
22603 36
22603 37
22603 38
22603 39
22603 40
22603 41
22603 42
22603 45
22603 47
22603 48
22603 49
22603 50
22603 51
22603 52
22603 53
22603 54
22603 56
22603 57
22603 58
22603 60
22603 62
22603 63
22603 64
22603 65
22603 67
22603 70
22603 71
22604 0
22604 1
22604 3
22604 4
22604 5
22604 6
22604 7
22604 10
22604 11
22604 12
22604 15
22604 16
22604 17
22604 18
22604 27
22604 29
22604 30
22604 31
22604 32
22604 33
22604 35
22604 36
22604 37
22604 38
22604 39
22604 40
22604 41
22604 42
22604 43
22604 44
22604 46
22604 47
22604 49
22604 50
22604 51
22604 52
22604 53
22604 55
22604 56
22604 57
22604 58
22604 59
22604 60
22604 61
22604 62
22604 64
22604 66
22604 67
22604 68
22604 69
22604 72
22604 73
22604 74
22604 75
22604 78
22604 79
22604 80
22604 82
22604 83
22604 84
22604 85
22604 86
22604 87
22604 88
22604 89
22604 90
22604 91
22604 93
22604 94
22604 95
22604 96
22604 97
22604 98
22604 100
22604 101
22604 102
22604 103
22604 104
22604 105
22604 106
22604 107
22604 108
22604 109
22604 110
22604 111
22604 112
22604 113
22604 114
22604 115
22604 116
22604 118
22604 120
22604 121
22604 122
22604 123
22604 124
22604 125
22604 127
22604 128
22604 129
22604 130
22604 131
22604 133
22604 134
22604 135
22604 136
22604 137
22604 138
22604 139
22604 140
22604 141
22604 143
22604 144
22604 145
22604 147
22604 148
22604 149
22604 152
22604 153
22604 154
22604 155
22604 156
22604 157
22604 158
22604 159
22604 160
22604 161
22604 162
22604 165
22604 166
22604 167
22604 168
22604 169
22604 170
22604 171
22604 172
22604 173
22604 175
22604 176
22604 177
22604 178
22604 179
22604 180
22604 181
22604 182
22604 183
22604 184
22604 185
22604 186
22604 187
22604 191
22604 192
22604 193
22604 194
22604 195
22604 196
22604 197
22604 198
22604 199
22604 200
22604 201
22604 203
22604 204
22604 205
22604 206
22604 207
22604 209
22604 210
22604 211
22604 212
22604 213
22604 215
22604 216
22604 217
22604 218
22604 219
22604 220
22604 222
22604 223
22604 226
22604 227
22604 228
22604 229
22604 230
22604 231
22604 233
22604 234
22604 235
22604 236
22604 237
22604 238
22604 239
22604 240
22604 241
22604 242
22604 244
22604 246
22604 247
22604 248
22604 249
22604 250
22604 251
22604 252
22604 253
22604 254
22604 255
22604 256
22604 258
22604 259
22604 260
22604 261
22604 262
22604 263
22604 264
22604 265
22604 266
22604 267
22604 268
22604 269
22604 270
22604 271
22604 272
22604 273
22604 274
22604 275
22605 0
22605 2
22605 3
22605 4
22605 5
22605 6
22605 7
22605 8
22605 9
22605 10
22605 11
22605 12
22605 13
22605 15
22605 16
22605 19
22605 20
22605 21
22605 22
22605 23
22605 24
22605 25
22605 26
22605 27
22605 28
22605 29
22605 30
22605 32
22605 33
22605 34
22605 35
22605 37
22605 40
22605 41
22605 42
22605 43
22605 44
22605 45
22605 46
22605 47
22605 48
22605 49
22605 50
22605 51
22605 52
22605 53
22605 54
22605 55
22605 56
22605 57
22605 58
22605 60
22605 61
22605 64
22605 65
22605 67
22605 68
22605 69
22605 70
22605 71
22605 72
22605 73
22605 76
22605 77
22605 78
22605 80
22605 81
22605 82
22605 83
22605 84
22605 85
22605 87
22605 88
22605 89
22605 90
22605 91
22605 92
22605 93
22605 94
22605 95
22605 97
22605 98
22605 99
22605 101
22605 102
22605 103
22605 104
22605 105
22605 107
22605 108
22605 109
22605 110
22605 111
22605 112
22605 113
22605 115
22605 116
22605 117
22605 118
22605 119
22605 120
22605 121
22605 122
22605 123
22605 124
22605 126
22605 127
22605 128
22605 129
22605 130
22605 132
22605 133
22605 134
22605 135
22605 137
22605 138
22605 139
22605 140
22605 141
22605 142
22605 143
22605 144
22605 145
22605 146
22605 147
22605 148
22605 149
22605 150
22605 151
22605 152
22605 153
22605 154
22605 155
22605 156
22605 157
22605 158
22605 159
22605 160
22605 161
22605 163
22605 164
22605 165
22605 166
22605 167
22605 168
22605 169
22605 170
22605 171
22605 172
22605 173
22605 174
22605 175
22605 176
22605 177
22605 179
22605 180
22605 181
22605 182
22605 183
22605 184
22605 186
22605 187
22605 188
22605 190
22605 191
22605 192
22605 194
22605 195
22605 196
22605 197
22605 198
22605 199
22605 202
22605 204
22605 205
22605 206
22605 207
22605 208
22605 209
22605 210
22605 211
22605 212
22605 213
22605 214
22605 215
22605 216
22605 218
22605 219
22605 220
22605 222
22605 223
22607 0
22607 1
22607 2
22607 3
22607 4
22607 5
22607 6
22607 7
22607 8
22607 9
22607 10
22607 12
22607 13
22607 14
22607 17
22607 18
22607 20
22607 21
22607 22
22607 23
22607 24
22607 25
22607 26
22607 27
22607 28
22607 29
22607 30
22607 31
22607 32
22607 34
22607 35
22607 36
22607 40
22607 42
22607 43
22607 44
22607 45
22607 46
22607 47
22607 48
22607 50
22607 51
22607 52
22607 53
22607 55
22607 57
22607 58
22607 59
22607 60
22607 61
22607 64
22607 66
22607 67
22607 68
22607 69
22607 71
22607 72
22607 73
22607 74
22607 76
22607 77
22607 78
22607 79
22607 80
22607 81
22607 83
22607 84
22607 85
22607 86
22607 87
22607 89
22607 90
22607 91
22607 93
22607 95
22607 96
22607 97
22607 98
22607 99
22607 100
22607 101
22607 102
22607 103
22607 104
22607 105
22607 106
22607 107
22607 108
22607 111
22607 112
22607 113
22607 114
22607 115
22607 116
22607 118
22607 119
22607 120
22607 121
22607 122
22607 123
22607 124
22607 130
22607 131
22607 133
22607 135
22607 137
22607 138
22607 139
22607 140
22607 142
22607 143
22607 144
22607 145
22607 146
22607 147
22607 148
22607 149
22607 150
22607 152
22607 153
22607 154
22607 155
22607 156
22607 157
22607 158
22607 159
22607 160
22607 161
22607 164
22607 166
22607 167
22607 168
22607 170
22607 172
22607 173
22607 175
22607 176
22607 177
22607 180
22607 181
22607 182
22607 184
22607 185
22607 186
22607 187
22607 188
22607 191
22607 192
22607 193
22607 194
22607 195
22607 197
22607 198
22607 199
22607 200
22607 201
22607 202
22607 203
22607 204
22607 205
22607 207
22607 208
22607 210
22607 211
22607 212
22607 213
22607 214
22607 215
22607 216
22607 217
22607 219
22607 221
22607 222
22607 223
22607 224
22607 225
22607 226
22607 227
22607 228
22607 229
22607 231
22607 233
22607 234
22607 235
22607 237
22607 238
22607 239
22607 240
22607 241
22607 242
22607 243
22607 244
22607 246
22607 247
22607 249
22607 251
22607 252
22607 253
22607 254
22607 256
22607 257
22607 258
22607 259
22607 260
22607 261
22607 263
22607 264
22607 265
22607 266
22607 268
22607 269
22607 270
22607 271
22607 272
22607 273
22607 274
22607 275
22607 276
22607 277
22607 278
22607 279
22607 280
22607 281
22607 282
22607 283
22607 284
22607 285
22607 287
22607 288
22607 289
22608 0
22608 1
22608 3
22608 4
22608 5
22608 7
22608 8
22608 9
22608 10
22608 11
22608 12
22608 13
22608 14
22608 15
22608 16
22608 17
22608 18
22608 19
22608 20
22608 21
22608 22
22608 23
22608 24
22608 25
22608 26
22608 27
22608 28
22608 29
22608 30
22608 31
22608 32
22608 33
22608 34
22608 35
22608 36
22608 37
22608 39
22608 40
22608 41
22608 42
22608 43
22608 44
22608 45
22608 48
22608 49
22608 50
22608 51
22608 52
22608 53
22608 54
22608 57
22608 58
22608 59
22608 60
22608 61
22608 62
22608 63
22608 64
22608 65
22608 66
22608 67
22608 68
22608 69
22608 70
22608 71
22609 0
22609 1
22609 2
22609 3
22609 4
22609 5
22609 6
22609 7
22609 8
22609 10
22609 13
22609 14
22609 15
22609 16
22609 19
22609 20
22609 21
22609 22
22609 24
22609 25
22609 26
22609 27
22609 28
22609 29
22609 30
22609 31
22609 32
22609 33
22609 34
22609 35
22609 36
22609 37
22609 38
22609 39
22609 41
22610 1
22610 2
22610 3
22610 4
22610 5
22610 6
22610 7
22610 8
22610 10
22610 11
22611 0
22611 1
22611 2
22611 3
22611 4
22611 5
22611 6
22611 7
22611 8
22611 9
22611 10
22611 11
22611 13
22611 14
22611 15
22611 16
22611 18
22611 19
22611 20
22611 21
22611 22
22611 23
22611 25
22611 26
22611 27
22611 28
22611 29
22611 30
22611 31
22611 32
22611 34
22611 35
22611 36
22611 38
22611 39
22611 40
22611 41
22611 42
22611 43
22611 45
22611 47
22611 48
22611 49
22611 51
22611 54
22611 55
22611 57
22611 58
22611 60
22611 61
22611 64
22611 66
22611 67
22611 68
22611 69
22611 70
22611 71
22611 73
22611 74
22611 75
22611 76
22611 77
22611 79
22611 80
22611 81
22611 82
22611 83
22611 84
22611 85
22612 0
22612 1
22612 2
22612 3
22612 5
22612 7
22612 9
22612 10
22612 11
22612 13
22612 14
22612 15
22612 17
22612 18
22612 19
22612 20
22612 21
22612 22
22612 24
22612 25
22612 26
22612 27
22612 28
22612 30
22612 31
22612 32
22612 33
22612 34
22612 35
22612 36
22612 37
22612 38
22612 39
22612 40
22612 41
22612 42
22612 43
22612 44
22612 45
22612 46
22612 48
22612 49
22612 50
22612 51
22612 52
22612 53
22612 56
22612 57
22612 58
22612 59
22612 61
22612 62
22612 64
22612 65
22612 66
22612 67
22612 68
22612 69
22612 70
22612 72
22612 73
22612 74
22612 75
22612 76
22612 77
22613 0
22613 1
22613 3
22613 4
22613 5
22613 6
22613 7
22613 10
22613 12
22613 13
22613 14
22613 15
22613 16
22613 17
22613 18
22613 20
22613 21
22614 0
22614 1
22614 2
22614 3
22614 4
22614 6
22614 7
22614 9
22614 10
22614 13
22614 14
22614 15
22614 17
22614 18
22614 19
22614 20
22614 21
22614 22
22614 23
22614 24
22614 25
22614 26
22614 27
22614 28
22614 34
22614 35
22614 37
22614 38
22614 39
22614 40
22614 41
22614 42
22614 43
22614 44
22614 45
22614 46
22614 47
22614 48
22614 50
22614 51
22614 52
22614 53
22614 54
22614 55
22614 57
22614 61
22614 62
22614 63
22614 64
22614 66
22614 67
22614 70
22614 71
22614 72
22614 73
22614 74
22614 75
22614 77
22614 78
22614 79
22614 80
22614 82
22614 83
22615 0
22615 2
22615 4
22615 5
22615 6
22615 7
22615 8
22615 10
22615 11
22615 12
22615 13
22615 14
22615 16
22615 17
22615 20
22615 22
22615 23
22615 24
22615 26
22615 27
22615 30
22615 31
22615 32
22615 33
22615 34
22615 35
22615 36
22615 37
22615 39
22615 40
22615 41
22615 43
22615 44
22615 45
22615 46
22615 47
22615 48
22615 49
22615 50
22615 51
22615 52
22615 53
22615 54
22615 55
22615 56
22615 57
22615 58
22615 61
22615 62
22615 64
22615 66
22615 67
22615 68
22615 69
22615 70
22615 71
22615 73
22615 74
22615 75
22615 77
22615 78
22615 79
22615 80
22615 81
22615 82
22615 83
22615 84
22615 85
22615 86
22615 88
22615 90
22615 91
22615 92
22615 93
22615 94
22615 95
22615 96
22615 97
22615 98
22615 100
22615 101
22615 102
22615 103
22615 104
22615 105
22615 106
22615 108
22615 109
22615 110
22615 111
22615 112
22615 113
22615 114
22615 115
22615 116
22615 117
22615 118
22615 119
22615 120
22615 122
22615 123
22615 124
22615 125
22615 126
22615 127
22615 128
22615 129
22615 130
22615 131
22615 134
22615 138
22615 139
22615 140
22615 141
22615 142
22615 143
22615 144
22615 145
22615 147
22615 149
22615 150
22615 151
22615 152
22615 154
22615 155
22615 156
22615 157
22615 158
22615 159
22615 161
22615 162
22616 0
22616 1
22616 2
22616 3
22616 4
22616 8
22616 9
22616 10
22616 13
22616 14
22616 16
22616 18
22616 19
22616 22
22616 24
22616 25
22616 26
22616 27
22616 28
22616 32
22616 33
22616 34
22616 35
22616 36
22616 37
22616 38
22616 39
22616 40
22616 42
22616 43
22616 44
22616 45
22616 47
22616 48
22616 49
22616 50
22616 51
22616 52
22616 54
22616 57
22616 58
22616 59
22616 63
22616 64
22616 65
22616 66
22616 67
22616 69
22616 70
22616 71
22616 72
22616 75
22616 76
22616 79
22616 81
22616 82
22616 83
22616 84
22616 85
22616 86
22616 90
22616 91
22616 92
22616 93
22616 94
22616 95
22616 97
22616 98
22616 99
22616 100
22616 101
22616 103
22616 104
22616 106
22616 108
22616 109
22616 110
22616 111
22616 112
22616 113
22616 115
22616 116
22616 117
22616 118
22616 119
22616 120
22616 121
22616 122
22616 123
22616 124
22616 127
22616 128
22616 129
22616 130
22616 131
22616 132
22616 133
22616 134
22616 136
22616 137
22616 138
22616 139
22616 142
22616 143
22616 145
22616 146
22616 147
22616 148
22616 149
22616 150
22616 152
22616 153
22616 154
22616 155
22616 156
22616 157
22616 158
22616 159
22616 160
22616 161
22616 162
22616 163
22616 165
22616 166
22616 167
22616 168
22616 169
22616 170
22616 171
22616 172
22616 173
22616 175
22616 176
22616 177
22616 179
22616 180
22616 181
22616 182
22616 183
22616 184
22616 186
22616 187
22616 188
22616 189
22616 190
22616 191
22616 192
22616 193
22616 195
22616 196
22616 198
22616 199
22616 200
22616 203
22616 204
22616 205
22616 207
22616 209
22616 211
22616 212
22616 213
22616 214
22616 215
22616 216
22616 219
22616 220
22616 221
22616 222
22616 224
22616 225
22616 227
22616 228
22616 230
22616 231
22616 232
22616 233
22616 234
22616 235
22616 236
22618 1
22618 2
22618 3
22618 4
22618 5
22618 6
22618 7
22618 8
22618 9
22618 11
22618 12
22618 13
22618 14
22618 15
22618 19
22618 20
22618 21
22618 22
22618 25
22618 26
22618 27
22618 28
22618 33
22618 34
22618 35
22618 36
22618 37
22618 39
22618 40
22618 41
22618 42
22618 43
22618 44
22618 46
22618 48
22618 49
22618 50
22618 51
22618 52
22618 57
22618 58
22618 59
22618 61
22618 62
22618 63
22618 64
22618 65
22618 66
22618 67
22618 68
22618 69
22618 70
22618 71
22618 75
22618 76
22618 77
22618 78
22618 80
22618 81
22618 82
22618 83
22618 85
22618 87
22618 88
22618 89
22618 90
22618 91
22618 92
22618 93
22618 94
22618 95
22618 96
22618 97
22618 98
22618 99
22618 100
22618 101
22618 102
22618 103
22618 104
22618 106
22618 107
22618 108
22618 109
22618 111
22618 113
22618 114
22618 115
22618 116
22618 117
22618 119
22618 120
22618 121
22618 122
22618 123
22618 124
22618 126
22618 128
22618 129
22618 130
22618 131
22618 132
22618 133
22618 134
22618 135
22618 136
22618 137
22618 138
22618 140
22618 141
22618 142
22618 143
22618 144
22618 145
22618 146
22618 147
22618 151
22618 152
22618 153
22618 155
22618 156
22618 157
22618 158
22618 160
22618 161
22618 162
22618 163
22618 164
22618 165
22618 166
22618 167
22618 168
22618 169
22618 170
22618 171
22618 172
22618 173
22618 174
22618 175
22618 176
22618 184
22618 186
22618 187
22618 188
22618 189
22618 190
22618 191
22618 192
22618 193
22620 2
22620 3
22620 4
22620 5
22620 6
22620 7
22620 8
22620 9
22620 10
22620 11
22620 13
22620 15
22620 16
22620 17
22620 18
22620 21
22620 23
22620 25
22620 26
22620 27
22620 28
22620 29
22620 30
22620 31
22620 32
22620 33
22620 34
22620 36
22620 38
22621 0
22621 1
22621 2
22621 4
22621 5
22621 6
22621 7
22621 10
22621 12
22621 13
22621 15
22621 16
22621 17
22621 18
22621 19
22621 20
22621 21
22621 22
22621 23
22621 24
22621 25
22621 26
22621 27
22621 28
22621 29
22621 30
22621 31
22621 32
22621 34
22621 35
22621 36
22621 37
22621 38
22621 39
22621 40
22621 41
22621 42
22621 43
22621 44
22621 45
22621 46
22621 47
22621 48
22621 49
22621 50
22621 51
22621 52
22621 53
22621 54
22621 55
22621 56
22621 58
22621 59
22621 60
22621 61
22621 62
22621 63
22621 64
22621 65
22621 66
22621 67
22621 68
22621 69
22621 70
22621 71
22621 72
22621 73
22621 74
22621 75
22621 76
22621 77
22621 78
22621 79
22621 81
22621 83
22621 84
22621 85
22621 86
22621 87
22621 90
22621 91
22621 92
22621 93
22621 94
22621 97
22621 99
22621 103
22621 104
22621 106
22621 107
22621 108
22621 109
22621 110
22621 111
22621 113
22621 114
22621 115
22621 116
22621 117
22621 118
22621 119
22621 120
22621 121
22621 122
22621 123
22621 124
22621 125
22621 126
22621 127
22621 128
22621 129
22621 130
22621 131
22621 132
22621 136
22621 137
22621 138
22621 139
22621 141
22621 142
22621 143
22621 145
22621 146
22621 148
22621 149
22621 150
22621 152
22621 153
22621 155
22621 156
22621 157
22621 158
22621 159
22621 160
22621 161
22621 162
22621 164
22621 165
22621 166
22621 167
22621 168
22621 170
22621 171
22621 172
22621 173
22621 174
22621 175
22621 176
22621 177
22621 178
22621 179
22621 181
22621 182
22621 184
22621 186
22621 188
22621 189
22621 190
22621 191
22621 193
22621 194
22621 195
22621 196
22621 197
22621 198
22621 199
22621 200
22621 201
22621 202
22621 203
22621 204
22621 205
22621 206
22621 207
22621 209
22621 210
22621 213
22621 214
22621 215
22621 216
22621 217
22621 219
22621 221
22621 222
22621 223
22621 225
22621 226
22621 227
22621 228
22621 229
22621 230
22621 231
22621 234
22621 235
22621 237
22621 238
22621 239
22621 240
22621 241
22621 242
22621 243
22621 244
22621 245
22621 246
22621 247
22621 248
22621 249
22621 250
22621 251
22621 252
22621 253
22621 254
22621 255
22621 256
22621 257
22621 258
22621 259
22621 260
22621 261
22621 262
22621 263
22621 265
22621 266
22621 267
22621 268
22621 269
22621 270
22621 271
22621 272
22621 273
22621 274
22621 275
22621 276
22621 277
22621 278
22621 279
22621 280
22621 281
22621 282
22621 283
22621 284
22621 285
22621 286
22621 287
22621 288
22621 289
22621 290
22621 291
22621 292
22621 293
22621 294
22621 296
22621 297
22621 298
22621 300
22621 301
22621 302
22621 303
22621 304
22621 305
22621 307
22621 309
22621 310
22621 311
22621 312
22621 313
22621 314
22621 316
22621 318
22621 319
22621 320
22621 321
22621 322
22621 323
22621 324
22621 325
22621 326
22621 328
22621 329
22621 331
22621 332
22621 334
22621 335
22621 336
22621 337
22621 338
22621 339
22621 340
22621 341
22621 342
22621 343
22621 345
22621 346
22621 347
22621 348
22621 349
22621 350
22621 352
22621 353
22621 354
22621 355
22621 356
22621 357
22621 358
22621 359
22621 360
22621 362
22621 363
22621 365
22621 366
22621 368
22621 370
22621 371
22621 372
22621 375
22621 376
22621 377
22621 378
22621 379
22621 380
22621 381
22621 383
22621 384
22621 385
22621 386
22621 387
22621 388
22621 390
22621 391
22621 392
22621 393
22621 394
22621 395
22621 396
22621 397
22621 398
22621 399
22621 400
22621 401
22621 402
22621 403
22621 405
22621 406
22621 408
22621 410
22621 411
22621 412
22621 413
22621 415
22621 416
22621 418
22621 419
22621 420
22621 421
22622 2
22622 3
22622 4
22622 6
22622 8
22622 9
22622 10
22622 11
22622 12
22622 13
22622 14
22622 15
22622 17
22622 19
22622 20
22622 21
22622 22
22622 23
22622 24
22622 25
22622 26
22622 27
22622 28
22622 30
22622 31
22622 33
22622 34
22622 35
22622 36
22622 37
22622 38
22622 40
22622 41
22622 42
22622 43
22622 44
22622 45
22622 46
22622 47
22622 48
22622 49
22622 50
22622 51
22622 52
22622 53
22622 54
22622 55
22622 56
22622 57
22622 58
22622 59
22622 60
22622 61
22622 62
22622 64
22622 65
22622 66
22622 67
22622 68
22622 69
22622 70
22622 71
22622 73
22622 74
22622 75
22622 76
22622 77
22622 78
22622 79
22622 80
22622 81
22622 83
22622 85
22622 86
22622 87
22622 88
22622 89
22622 90
22622 91
22622 92
22622 93
22622 94
22622 95
22622 97
22622 99
22622 100
22622 101
22622 103
22622 104
22622 106
22622 107
22622 108
22622 110
22622 111
22622 112
22622 113
22622 114
22622 115
22622 116
22622 117
22623 2
22623 3
22623 4
22623 5
22623 6
22623 7
22623 8
22623 9
22623 10
22623 11
22623 12
22623 14
22623 15
22623 16
22623 17
22623 18
22623 19
22623 20
22623 21
22623 22
22623 23
22623 24
22623 25
22623 26
22623 27
22623 28
22623 29
22623 31
22623 32
22623 33
22623 34
22623 35
22623 36
22623 37
22623 38
22623 40
22623 41
22623 42
22623 43
22623 44
22623 45
22624 0
22624 1
22624 2
22624 3
22624 4
22624 5
22624 7
22624 8
22624 10
22624 11
22624 12
22624 13
22624 14
22624 15
22624 16
22624 17
22624 18
22624 20
22624 21
22624 22
22624 23
22624 24
22624 25
22624 27
22624 28
22624 29
22624 30
22624 31
22624 32
22624 33
22624 35
22624 36
22624 37
22624 38
22624 41
22624 42
22624 43
22624 44
22624 45
22624 46
22624 47
22624 48
22624 49
22624 51
22624 52
22624 53
22624 54
22624 55
22624 56
22624 57
22624 58
22624 59
22624 60
22624 61
22624 63
22624 64
22624 65
22624 66
22624 67
22624 69
22624 70
22624 71
22624 72
22624 73
22624 75
22624 76
22624 78
22624 79
22624 80
22624 81
22624 82
22624 83
22624 84
22624 86
22624 87
22624 88
22624 89
22624 91
22624 94
22624 95
22624 96
22624 97
22624 98
22624 99
22624 101
22624 102
22624 105
22624 107
22624 108
22624 109
22624 110
22624 111
22624 112
22624 113
22624 114
22624 115
22624 116
22624 118
22624 119
22624 121
22624 122
22624 123
22624 124
22624 125
22624 126
22624 127
22624 130
22624 133
22624 134
22624 135
22624 136
22624 137
22624 138
22624 140
22624 141
22624 142
22624 143
22624 144
22624 145
22624 146
22624 147
22624 151
22624 152
22624 153
22624 154
22624 155
22624 156
22624 157
22624 159
22624 161
22624 162
22624 163
22624 164
22624 165
22624 166
22624 169
22624 170
22624 171
22624 172
22624 173
22624 174
22624 176
22624 177
22624 178
22624 179
22624 180
22624 181
22624 182
22624 183
22624 184
22624 185
22624 186
22624 187
22624 188
22624 189
22624 190
22624 191
22624 192
22624 194
22624 195
22624 196
22624 197
22624 198
22624 201
22624 202
22624 203
22624 205
22624 206
22624 207
22624 208
22624 209
22624 210
22624 211
22624 213
22624 214
22624 215
22624 216
22624 217
22624 218
22624 219
22624 220
22624 221
22624 222
22624 223
22624 224
22624 228
22624 229
22624 231
22624 235
22624 236
22624 237
22624 238
22624 239
22624 240
22624 241
22624 242
22624 243
22624 244
22624 245
22624 246
22624 247
22624 250
22624 251
22624 252
22625 0
22625 1
22625 2
22625 3
22625 4
22625 5
22625 6
22625 7
22625 8
22625 9
22625 11
22625 12
22625 13
22625 14
22625 15
22625 16
22625 17
22625 18
22625 20
22625 21
22625 22
22625 24
22625 25
22625 26
22625 28
22625 29
22625 30
22625 33
22625 34
22625 35
22625 36
22625 37
22625 38
22625 39
22625 40
22625 41
22625 42
22625 43
22625 45
22625 46
22625 47
22625 49
22625 50
22625 51
22625 52
22625 53
22625 54
22625 55
22625 57
22625 58
22625 59
22625 60
22625 62
22625 63
22625 64
22625 65
22625 66
22625 68
22625 69
22625 70
22625 71
22625 72
22625 73
22625 74
22625 76
22625 77
22625 78
22625 79
22625 80
22625 82
22625 83
22625 84
22625 85
22625 86
22625 87
22625 88
22625 89
22625 90
22625 91
22625 92
22625 94
22625 96
22625 97
22625 98
22625 99
22625 100
22625 101
22625 102
22625 103
22625 104
22625 105
22625 106
22625 108
22625 109
22625 110
22625 111
22625 112
22625 113
22625 115
22625 116
22625 118
22625 119
22625 120
22625 121
22625 122
22625 123
22625 124
22625 125
22625 126
22625 127
22625 131
22625 132
22625 134
22625 135
22625 136
22625 137
22625 141
22625 142
22625 143
22625 145
22625 147
22625 148
22625 149
22625 150
22625 151
22625 152
22625 155
22625 156
22625 157
22625 158
22625 159
22625 160
22625 161
22625 163
22625 164
22625 165
22625 166
22625 167
22625 168
22625 169
22625 170
22625 171
22625 172
22625 174
22625 176
22625 177
22625 179
22625 180
22625 181
22625 183
22625 184
22625 185
22625 186
22625 187
22625 188
22625 189
22625 190
22625 191
22625 192
22625 193
22625 195
22625 196
22625 197
22625 198
22625 199
22625 200
22625 201
22625 202
22625 203
22625 204
22625 205
22625 206
22625 207
22625 208
22625 209
22625 212
22625 213
22625 215
22625 216
22625 218
22626 0
22626 1
22626 2
22626 3
22626 4
22626 5
22626 6
22626 8
22626 9
22626 10
22626 11
22626 12
22626 13
22626 14
22626 15
22626 16
22626 18
22626 20
22626 21
22626 22
22626 24
22626 25
22626 27
22626 28
22626 29
22626 30
22626 31
22626 34
22626 35
22626 36
22626 37
22626 38
22626 40
22626 41
22626 43
22626 44
22626 45
22626 47
22626 48
22626 49
22626 50
22626 51
22626 52
22626 53
22626 54
22626 55
22626 56
22626 57
22626 58
22626 60
22626 61
22626 62
22626 63
22626 64
22626 65
22626 66
22626 67
22626 68
22626 69
22626 70
22626 76
22626 77
22626 78
22626 79
22626 80
22626 81
22626 83
22626 84
22626 86
22626 87
22626 88
22626 89
22626 90
22626 91
22626 92
22626 93
22626 94
22626 96
22626 97
22626 98
22626 100
22626 101
22626 102
22626 104
22626 106
22626 107
22626 108
22626 109
22626 110
22626 111
22626 112
22626 113
22626 115
22626 116
22626 117
22626 118
22626 119
22626 121
22626 122
22626 124
22626 125
22626 126
22626 127
22626 128
22626 129
22626 130
22626 131
22626 132
22626 134
22626 135
22626 136
22626 137
22626 138
22626 139
22626 140
22626 142
22626 143
22626 144
22626 145
22626 147
22626 148
22626 149
22626 150
22626 151
22626 153
22626 154
22626 155
22626 156
22626 157
22626 158
22626 159
22626 161
22626 162
22628 0
22628 1
22628 2
22628 3
22628 5
22628 6
22628 7
22628 8
22628 10
22628 11
22628 12
22628 13
22628 14
22628 15
22628 16
22628 17
22628 18
22628 19
22628 20
22628 22
22628 24
22628 25
22628 26
22628 27
22628 29
22628 30
22628 31
22628 32
22628 33
22628 34
22628 35
22628 36
22628 37
22628 38
22628 40
22628 41
22628 42
22628 43
22628 44
22628 45
22628 47
22628 48
22628 49
22628 51
22628 52
22628 53
22628 54
22628 58
22628 59
22628 60
22628 61
22628 62
22628 63
22628 64
22628 65
22628 66
22628 67
22628 68
22628 69
22628 70
22628 71
22628 72
22628 73
22628 74
22628 75
22628 76
22628 77
22628 78
22628 79
22628 80
22628 82
22628 83
22628 85
22628 86
22628 87
22628 88
22628 89
22628 91
22628 92
22628 93
22628 94
22628 97
22628 98
22628 99
22628 100
22628 102
22628 103
22628 104
22628 105
22628 107
22628 108
22628 109
22628 110
22628 111
22628 112
22628 113
22628 114
22628 116
22628 117
22628 118
22628 119
22628 121
22628 122
22628 123
22628 124
22628 125
22628 126
22628 128
22629 1
22629 2
22629 3
22629 4
22629 5
22629 6
22629 7
22629 9
22629 10
22629 12
22629 81
22629 82
22629 102
22629 103
22629 104
22629 105
22629 106
22629 109
22629 111
22629 112
22629 113
22629 114
22629 115
22629 116
22629 117
22629 118
22629 119
22629 120
22629 122
22629 123
22629 126
22631 0
22631 1
22631 2
22631 3
22631 4
22631 5
22631 6
22631 8
22631 9
22631 10
22631 11
22631 12
22631 13
22631 14
22631 15
22631 16
22631 17
22631 18
22631 19
22631 21
22631 22
22631 23
22631 24
22631 25
22631 26
22631 28
22631 29
22631 30
22631 31
22631 32
22631 33
22631 36
22631 37
22631 40
22631 41
22631 42
22631 43
22631 44
22631 45
22631 46
22631 47
22631 48
22631 50
22631 51
22631 53
22631 54
22631 55
22631 57
22631 58
22631 59
22631 60
22631 61
22631 62
22631 64
22631 67
22631 68
22631 70
22631 71
22631 72
22631 74
22631 75
22631 76
22631 78
22631 79
22631 80
22631 81
22631 82
22631 84
22631 85
22631 86
22631 89
22631 91
22631 92
22631 93
22631 94
22631 95
22631 96
22631 97
22631 98
22631 100
22631 101
22631 103
22631 107
22631 200
22631 201
22631 202
22631 203
22631 205
22631 207
22631 208
22631 209
22631 210
22631 211
22631 212
22631 213
22631 214
22631 216
22631 217
22631 218
22631 220
22631 222
22631 223
22631 224
22631 225
22631 226
22631 227
22631 228
22631 229
22631 230
22632 3
22632 4
22632 5
22632 6
22632 7
22632 8
22632 9
22632 10
22632 11
22633 0
22633 2
22633 3
22633 4
22633 5
22633 6
22633 7
22633 8
22633 9
22633 10
22633 13
22633 15
22633 16
22633 17
22633 18
22633 19
22633 20
22633 21
22633 22
22633 23
22633 24
22633 25
22633 26
22633 27
22633 28
22633 29
22633 30
22633 32
22633 33
22633 34
22633 35
22633 36
22633 38
22633 39
22633 40
22633 42
22633 43
22633 44
22633 45
22633 46
22633 47
22633 49
22633 50
22633 52
22633 53
22634 0
22634 1
22634 2
22634 4
22634 5
22634 6
22634 7
22634 8
22634 9
22634 10
22634 11
22634 12
22634 13
22634 15
22634 16
22634 17
22634 18
22634 19
22634 20
22634 22
22634 23
22634 24
22634 25
22634 26
22634 27
22634 28
22634 30
22634 31
22634 32
22634 33
22635 0
22635 1
22635 2
22635 3
22635 4
22635 5
22635 6
22635 7
22635 8
22635 9
22635 10
22635 11
22635 12
22635 13
22635 14
22635 15
22635 16
22635 17
22635 18
22635 19
22635 20
22635 22
22635 24
22635 25
22635 26
22635 27
22635 29
22635 31
22635 32
22635 33
22635 35
22635 36
22635 37
22635 38
22635 39
22635 40
22635 41
22635 42
22635 43
22635 44
22635 45
22635 46
22635 47
22635 48
22635 49
22635 50
22635 51
22635 52
22635 53
22635 54
22635 55
22635 56
22635 59
22635 60
22635 61
22635 63
22635 64
22635 65
22635 66
22635 67
22635 68
22635 69
22635 72
22635 73
22635 74
22635 75
22635 76
22635 77
22635 78
22635 79
22635 80
22635 81
22635 83
22635 84
22635 85
22635 86
22635 87
22635 88
22635 89
22635 90
22635 91
22635 92
22635 93
22635 94
22635 95
22635 96
22635 97
22635 98
22635 99
22635 100
22635 101
22635 103
22635 104
22635 105
22635 106
22635 107
22635 108
22635 109
22635 110
22635 111
22635 112
22635 113
22635 114
22635 116
22635 117
22636 1
22636 2
22636 3
22636 4
22636 5
22636 6
22636 9
22636 10
22636 11
22636 12
22636 13
22636 14
22636 15
22636 16
22636 18
22636 19
22636 20
22636 21
22636 22
22636 23
22636 25
22636 26
22636 29
22636 30
22636 31
22636 34
22636 35
22636 36
22636 37
22636 38
22636 39
22636 40
22636 41
22636 42
22636 43
22636 44
22636 45
22636 46
22636 48
22636 49
22636 50
22636 51
22636 52
22636 55
22636 56
22636 60
22636 62
22636 63
22636 64
22636 66
22636 67
22636 69
22636 70
22636 71
22637 1
22637 2
22637 4
22637 5
22637 6
22637 7
22637 9
22637 11
22637 12
22637 14
22637 15
22637 17
22637 18
22637 19
22637 20
22637 22
22637 23
22637 25
22637 26
22637 27
22637 28
22637 29
22637 30
22637 31
22637 32
22637 33
22637 34
22637 35
22637 36
22637 37
22637 38
22637 39
22637 43
22637 44
22637 45
22637 46
22637 47
22637 48
22637 50
22637 51
22637 52
22637 53
22637 55
22637 56
22637 57
22637 58
22637 59
22637 60
22637 61
22637 62
22637 63
22637 64
22637 65
22637 66
22637 67
22637 68
22637 69
22637 70
22637 71
22637 73
22637 74
22637 75
22637 77
22637 78
22637 79
22637 80
22637 81
22637 83
22637 84
22637 85
22637 86
22637 87
22637 88
22637 91
22637 92
22637 94
22637 95
22826 32
22826 41
22826 42
22826 43
22826 44
22826 45
22826 46
22826 47
22826 48
22826 50
22826 51
22826 52
22826 54
22826 55
22826 56
22826 58
22826 59
22826 60
22826 61
22826 62
22826 72
22826 73
22826 76
22826 77
22826 79
22826 80
22826 82
22826 83
22826 84
22826 86
22826 87
22826 88
22826 91
22826 92
22826 93
22827 1
22827 2
22827 3
22827 4
22827 5
22827 7
22827 9
22827 43
22827 44
22827 45
22827 46
22827 47
22827 48
22827 49
22827 50
22827 51
22827 53
22827 54
22827 55
22827 57
22827 58
22827 59
22827 61
22827 62
22827 63
22827 64
22827 67
22827 68
22827 70
22827 71
22827 73
22827 74
22827 76
22827 77
22827 78
22827 79
22827 80
22827 81
22827 82
22827 83
22827 84
22827 85
22827 86
22827 87
22827 88
22827 89
22827 90
22827 92
22827 93
22827 95
22827 96
22827 97
22827 98
22827 99
22827 101
22827 102
22827 103
22827 104
22827 106
22827 108
22827 109
22827 110
22828 0
22828 1
22828 2
22828 3
22828 4
22828 5
22828 6
22828 8
22828 9
22828 10
22828 11
22828 21
22828 23
22828 47
22828 48
22828 50
22828 51
22828 52
22828 53
22828 54
22828 55
22828 56
22828 57
22828 58
22828 59
22828 60
22828 61
22828 62
22828 63
22828 64
22829 0
22829 1
22829 2
22829 3
22829 4
22829 5
22829 6
22829 7
22829 9
22829 10
22829 11
22829 12
22829 13
22829 14
22829 15
22829 16
22834 0
22834 1
22834 2
22834 3
22834 4
22834 5
22834 6
22834 7
22834 8
22834 9
22834 10
22834 11
22834 12
22834 13
22834 14
22834 15
22834 16
22834 18
22834 19
22834 20
22834 21
22834 22
22835 0
22835 1
22835 2
22835 3
22835 4
22835 5
22835 6
22835 7
22835 10
22835 11
22835 12
22835 13
22835 14
22835 15
22835 16
22835 18
22835 19
22835 20
22835 21
22835 22
22835 23
22835 24
22835 26
22835 28
22835 30
22835 31
22835 32
22835 33
22835 34
22835 36
22835 37
22835 38
22835 39
22835 40
22835 41
22835 42
22835 43
22835 44
22835 46
22835 48
22835 49
22835 50
22835 51
22835 53
22835 54
22835 55
22835 56
22835 57
22835 58
22835 59
22835 61
22835 62
22835 63
22835 64
22835 65
22836 0
22836 1
22836 3
22836 4
22836 5
22836 6
22836 7
22836 8
22836 9
22836 10
22836 11
22836 12
22836 13
22836 14
22836 16
22836 17
22836 18
22836 19
22836 20
22836 21
22836 22
22836 24
22836 25
22836 26
22836 27
22836 28
22836 30
22836 32
22836 33
22836 34
22836 35
22836 36
22836 37
22836 39
22836 40
22836 41
22836 42
22836 43
22836 44
22836 45
22836 46
22836 47
22836 48
22836 49
22836 50
22836 51
22836 52
22836 53
22836 54
22836 56
22836 57
22836 58
22836 59
22836 62
22836 63
22836 64
22836 65
22836 66
22836 67
22836 69
22836 70
22836 71
22836 72
22836 73
22836 75
22836 76
22836 78
22836 79
22836 81
22836 82
22836 83
22836 85
22836 86
22836 87
22836 88
22836 89
22836 90
22836 91
22836 93
22836 94
22836 95
22836 97
22836 99
22836 101
22836 102
22836 103
22836 104
22836 105
22836 106
22836 107
22836 108
22836 109
22836 111
22836 112
22836 113
22836 114
22836 116
22836 117
22836 118
22836 119
22836 120
22836 121
22836 122
22836 123
22836 124
22836 125
22836 127
22836 128
22836 129
22836 130
22836 132
22836 134
22836 135
22836 136
22836 137
22836 138
22836 139
22836 140
22836 141
22836 142
22836 143
22836 144
22836 145
22836 147
22836 149
22836 150
22836 151
22836 152
22836 153
22836 154
22836 155
22836 156
22836 157
22836 158
22836 159
22836 160
22836 161
22836 162
22836 163
22836 164
22836 165
22836 166
22836 167
22836 168
22836 169
22836 170
22836 172
22836 173
22836 174
22836 175
22836 176
22838 0
22838 1
22838 2
22838 4
22838 6
22838 9
22838 10
22838 12
22838 13
22838 14
22838 16
22838 17
22838 18
22838 19
22838 24
22838 25
22838 26
22838 28
22838 29
22838 30
22838 31
22838 32
22838 33
22838 34
22838 35
22838 37
22838 38
22838 39
22838 40
22838 41
22838 42
22838 43
22838 44
22838 45
22838 46
22838 47
22838 48
22838 49
22838 50
22838 51
22838 52
22838 53
22838 54
22838 55
22838 56
22838 58
22838 60
22838 61
22838 62
22838 63
22838 64
22838 65
22838 66
22838 67
22838 68
22838 69
22838 71
22838 72
22838 73
22838 74
22838 75
22838 76
22838 78
22838 79
22838 81
22838 82
22838 83
22838 84
22838 85
22838 86
22838 87
22838 88
22838 89
22838 91
22838 92
22838 93
22838 94
22838 96
22838 98
22838 100
22838 101
22838 102
22838 103
22838 104
22838 105
22838 107
22838 109
22838 110
22838 112
22838 113
22838 114
22838 115
22838 116
22838 117
22838 119
22838 120
22838 121
22839 0
22839 1
22839 2
22839 3
22839 4
22839 5
22839 6
22839 7
22839 8
22839 9
22839 10
22839 12
22839 13
22839 14
22839 15
22839 16
22839 17
22839 18
22839 19
22839 20
22839 21
22839 22
22839 23
22839 24
22839 25
22839 26
22839 27
22839 28
22839 29
22839 30
22839 31
22839 32
22839 33
22839 34
22839 35
22839 36
22839 37
22839 39
22839 40
22839 41
22839 42
22839 43
22839 44
22839 46
22839 47
22839 48
22839 50
22839 52
22839 55
22839 56
22839 59
22839 60
22839 62
22839 63
22839 65
22839 66
22839 68
22839 69
22839 70
22839 71
22839 72
22839 73
22839 74
22839 75
22839 77
22839 78
22839 79
22839 80
22839 81
22839 82
22839 83
22839 84
22839 85
22839 87
22839 88
22839 89
22839 90
22839 93
22839 94
22839 96
22839 97
22839 98
22839 99
22839 100
22839 101
22839 102
22839 104
22839 105
22839 106
22839 107
22839 108
22839 109
22839 110
22839 111
22839 112
22839 113
22839 114
22839 116
22839 117
22839 120
22839 121
22839 122
22839 124
22839 125
22839 126
22839 127
22839 129
22839 130
22839 131
22839 132
22839 133
22839 134
22839 135
22839 136
22839 137
22839 138
22839 139
22839 141
22839 142
22839 144
22839 145
22839 146
22839 147
22839 148
22839 149
22839 150
22839 151
22839 152
22839 153
22839 154
22839 156
22839 157
22839 158
22839 159
22839 160
22839 162
22839 164
22839 165
22839 166
22839 167
22839 168
22839 169
22839 170
22839 171
22839 173
22839 174
22839 176
22839 177
22839 179
22839 180
22839 181
22839 182
22839 184
22839 186
22839 187
22839 188
22839 189
22839 191
22839 192
22839 193
22839 194
22839 195
22839 196
22839 198
22839 199
22839 201
22839 202
22839 204
22839 205
22839 207
22839 208
22839 209
22839 211
22839 212
22839 213
22839 214
22839 215
22839 216
22839 217
22839 218
22839 219
22839 220
22839 221
22839 222
22839 223
22839 224
22839 225
22839 226
22839 229
22839 230
22839 232
22839 233
22839 234
22839 235
22839 236
22839 237
22839 238
22839 239
22839 240
22839 241
22839 243
22839 244
22839 246
22839 247
22839 248
22839 250
22839 251
22839 252
22839 253
22839 254
22839 255
22839 256
22839 257
22839 258
22839 261
22839 262
22839 263
22839 265
22839 266
22839 267
22839 268
22839 269
22839 270
22839 271
22839 272
22839 273
22839 274
22839 275
22839 276
22839 277
22839 278
22839 280
22839 281
22839 282
22839 283
22839 284
22839 285
22839 286
22839 287
22839 288
22839 289
22839 290
22839 291
22839 292
22839 293
22839 295
22839 296
22839 297
22839 298
22839 301
22840 0
22840 1
22840 2
22840 3
22840 4
22840 6
22840 7
22840 8
22840 9
22840 10
22840 11
22840 12
22840 13
22840 15
22840 17
22840 18
22840 19
22840 20
22840 21
22840 23
22840 24
22840 25
22840 26
22840 27
22840 28
22840 29
22840 30
22840 32
22840 33
22840 36
22840 37
22840 41
22840 42
22840 43
22840 44
22840 45
22840 46
22840 47
22840 48
22840 49
22840 50
22840 58
22840 59
22840 61
22840 63
22840 64
22840 65
22840 66
22840 70
22840 73
22840 77
22840 114
22840 115
22840 116
22840 117
22840 119
22840 120
22840 121
22840 122
22840 123
22840 124
22840 125
22840 127
22840 128
22840 130
22840 131
22840 132
22840 134
22840 136
22840 137
22840 138
22840 139
22840 140
22840 141
22840 143
22840 145
22840 148
22840 149
22840 150
22840 151
22840 152
22840 153
22840 154
22840 155
22840 156
22840 157
22840 158
22840 159
22840 160
22840 161
22842 1
22842 3
22842 4
22842 5
22842 6
22842 7
22842 8
22842 9
22842 10
22842 12
22842 13
22842 14
22842 15
22842 16
22842 17
22842 18
22842 19
22842 20
22842 22
22842 24
22842 25
22842 26
22842 27
22842 28
22842 29
22842 30
22842 32
22842 33
22842 34
22842 35
22842 36
22842 37
22842 38
22842 39
22842 40
22842 41
22842 42
22842 43
22842 44
22842 45
22842 46
22842 47
22842 48
22842 50
22842 51
22842 52
22842 54
22842 55
22842 56
22842 57
22842 58
22842 60
22842 62
22842 63
22842 65
22842 67
22842 68
22842 69
22842 70
22842 72
22842 73
22842 74
22842 75
22842 76
22842 77
22842 78
22842 81
22842 82
22842 83
22842 84
22842 86
22842 87
22842 88
22842 89
22842 90
22842 91
22842 92
22842 93
22842 94
22842 95
22842 96
22842 98
22842 99
22842 100
22842 102
22842 103
22842 104
22842 108
22842 109
22842 110
22842 111
22842 113
22842 114
22842 115
22842 117
22842 119
22842 120
22842 121
22842 122
22842 123
22842 125
22842 126
22842 127
22842 128
22842 129
22842 130
22842 131
22842 132
22842 133
22842 134
22842 135
22842 136
22842 138
22842 140
22842 141
22842 142
22842 143
22842 144
22842 145
22842 146
22842 147
22842 148
22842 149
22842 150
22842 151
22842 153
22842 154
22842 155
22842 156
22842 157
22842 160
22842 161
22842 163
22842 164
22842 165
22842 167
22842 168
22842 169
22842 170
22842 172
22842 173
22842 174
22843 0
22843 2
22843 3
22843 4
22843 6
22843 7
22843 9
22843 10
22843 11
22843 12
22843 13
22843 14
22843 15
22843 17
22843 18
22843 20
22843 21
22843 22
22843 24
22843 25
22843 26
22843 27
22843 28
22843 30
22843 31
22843 32
22843 33
22843 34
22843 35
22843 36
22843 37
22843 38
22843 40
22843 41
22843 42
22843 43
22843 44
22843 45
22843 46
22843 48
22843 49
22843 50
22843 51
22843 53
22843 54
22843 55
22843 56
22843 59
22843 60
22843 61
22843 62
22843 63
22843 65
22843 66
22843 67
22843 69
22843 70
22843 71
22843 73
22843 74
22843 75
22843 77
22843 78
22843 79
22843 80
22843 82
22843 83
22843 84
22843 85
22843 86
22843 87
22843 88
22843 89
22843 91
22843 92
22843 93
22843 95
22843 97
22843 98
22843 99
22843 100
22843 101
22843 102
22843 103
22843 104
22843 105
22843 106
22843 107
22843 108
22843 110
22844 0
22844 1
22844 2
22844 3
22844 4
22844 6
22844 7
22844 8
22844 9
22844 10
22844 11
22844 12
22844 14
22844 16
22844 18
22844 19
22844 20
22844 21
22844 23
22844 24
22844 27
22844 28
22844 29
22844 30
22844 31
22844 32
22844 33
22844 35
22844 36
22844 37
22844 38
22844 39
22844 40
22844 41
22844 42
22844 43
22844 44
22844 45
22845 0
22845 1
22845 3
22845 5
22845 6
22845 7
22845 8
22845 9
22845 11
22845 12
22845 13
22845 14
22845 16
22846 0
22846 1
22846 2
22846 4
22846 5
22846 6
22846 7
22846 8
22846 9
22846 10
22846 11
22846 13
22846 14
22846 15
22846 16
22847 0
22847 1
22847 2
22847 3
22847 4
22847 5
22847 6
22847 7
22847 8
22847 9
22847 10
22847 11
22847 12
22847 13
22847 15
22847 16
22847 17
22847 18
22847 20
22847 21
22847 22
22847 23
22847 25
22847 26
22847 27
22847 28
22847 29
22847 30
22847 31
22847 32
22847 33
22847 34
22847 35
22847 36
22847 37
22847 38
22847 40
22847 41
22847 43
22847 44
22847 45
22847 46
22847 47
22847 48
22847 51
22848 0
22848 2
22848 4
22848 5
22848 6
22848 7
22848 8
22848 9
22848 10
22848 11
22848 12
22848 13
22848 14
22848 15
22848 16
22848 17
22848 18
22848 20
22848 21
22848 23
22848 24
22848 25
22848 26
22848 27
22848 28
22848 29
22848 30
22848 31
22848 32
22848 33
22848 34
22848 36
22848 37
22848 38
22848 39
22848 41
22848 42
22848 43
22848 44
22848 48
22848 50
22848 51
22848 52
22848 53
22848 55
22848 56
22848 58
22848 60
22848 61
22848 62
22848 64
22848 65
22850 0
22850 1
22850 2
22850 3
22850 4
22850 5
22850 6
22850 7
22850 9
22850 10
22850 11
22850 12
22850 13
22850 15
22850 16
22850 17
22852 0
22852 1
22852 2
22852 3
22852 4
22852 5
22852 6
22852 7
22852 11
22852 12
22852 13
22852 14
22852 15
22852 16
22852 17
22852 19
22852 20
22852 21
22852 22
22853 1
22853 2
22853 4
22853 7
22853 8
22853 9
22853 10
22853 12
22853 13
22853 14
22853 15
22853 16
22853 17
22853 20
22853 22
22853 23
22853 24
22853 25
22853 27
22853 28
22853 29
22853 30
22854 1
22854 2
22854 3
22854 4
22854 5
22854 8
22854 10
22854 11
22854 12
22854 13
22854 14
22854 15
22854 16
22854 17
22854 18
22854 19
22854 20
22854 22
22854 23
22854 24
22854 25
22854 27
22854 32
22854 33
22854 35
22854 37
22854 38
22854 39
22854 40
22854 41
22854 42
22854 43
22854 44
22854 45
22854 46
22854 47
22854 48
22854 50
22854 51
22854 52
22854 53
22854 54
22854 55
22854 56
22854 66
22854 67
22854 68
22854 69
22854 70
22854 71
22854 72
22854 73
22854 74
22854 75
22854 76
22854 77
22854 78
22854 79
22854 81
22854 82
22854 83
22854 84
22854 85
22854 86
22854 87
22854 88
22854 89
22854 90
22854 91
22854 92
22854 93
22854 94
22854 95
22854 99
22854 100
22854 101
22854 102
22854 103
22854 104
22854 105
22854 106
22854 107
22854 108
22854 109
22854 113
22854 115
22854 116
22854 117
22854 118
22854 121
22854 123
22854 124
22854 125
22854 127
22854 129
22854 130
22854 131
22854 132
22854 133
22854 134
22854 135
22854 136
22854 137
22854 138
22854 139
22854 140
22854 141
22854 142
22854 143
22854 144
22854 145
22854 146
22854 147
22854 148
22854 149
22854 152
22854 153
22854 154
22854 155
22854 156
22854 157
22854 158
22854 159
22854 160
22854 161
22854 162
22854 163
22854 164
22854 165
22854 166
22854 167
22854 168
22854 169
22854 170
22854 171
22854 172
22854 173
22854 177
22854 178
22854 179
22854 180
22854 181
22854 182
22854 184
22854 187
22854 188
22854 189
22854 190
22854 191
22854 192
22854 227
22854 228
22854 229
22854 230
22855 0
22855 2
22855 3
22855 4
22855 5
22855 6
22855 7
22855 8
22855 9
22855 10
22855 11
22855 12
22855 13
22855 14
22855 15
22855 16
22855 17
22855 18
22855 19
22855 20
22855 21
22855 22
22855 23
22855 24
22855 25
22855 26
22855 28
22855 29
22855 30
22855 31
22855 32
22855 33
22855 34
22855 35
22855 36
22855 38
22855 39
22855 40
22855 41
22855 42
22855 43
22855 44
22855 45
22855 47
22855 48
22855 49
22855 50
22855 51
22855 52
22855 54
22855 55
22855 56
22855 57
22855 58
22855 59
22855 62
22855 63
22855 65
22855 66
22855 67
22855 68
22855 69
22855 70
22855 71
22855 72
22855 73
22855 74
22855 76
22855 77
22855 78
22855 79
22855 81
22855 82
22855 83
22855 84
22855 85
22855 86
22855 87
22855 88
22855 89
22855 90
22855 91
22855 92
22855 93
22855 95
22855 96
22855 97
22855 99
22855 101
22855 102
22855 103
22855 104
22855 105
22855 106
22855 108
22855 109
22855 110
22855 112
22855 113
22855 114
22855 115
22855 116
22855 117
22855 118
22855 119
22855 127
22855 128
22855 129
22855 130
22855 131
22855 183
22855 184
22855 185
22855 186
22855 187
22855 188
22855 189
22855 190
22855 191
22855 192
22855 195
22855 196
22855 197
22855 198
22855 199
22855 200
22855 201
22855 203
22855 204
22855 205
22855 206
22855 212
22855 213
22855 214
22855 215
22855 216
22855 217
22855 219
22855 221
22855 222
22855 223
22855 227
22855 228
22855 230
22855 232
22855 233
22855 234
22855 235
22855 236
22855 237
22855 238
22855 240
22855 242
22855 243
22855 244
22855 245
22855 248
22855 249
22855 250
22855 251
22855 253
22855 254
22855 255
22855 256
22855 258
22855 261
22855 262
22855 263
22855 265
22855 269
22855 270
22855 271
22855 272
22855 273
22855 274
22855 275
22855 276
22855 277
22855 278
22855 280
22855 282
22855 283
22855 284
22855 285
22855 286
22855 289
22855 290
22855 291
22855 293
22855 294
22855 295
22855 296
22855 297
22855 298
22855 299
22855 300
22855 302
22855 303
22855 304
22855 306
22855 307
22855 308
22855 309
22855 310
22855 311
22855 313
22855 314
22855 315
22855 316
22855 318
22855 319
22855 320
22855 321
22855 322
22855 323
22855 324
22855 325
22855 326
22855 327
22855 328
22855 329
22855 330
22855 331
22855 332
22855 333
22855 334
22855 335
22855 336
22855 337
22855 338
22855 339
22855 340
22855 343
22855 344
22855 345
22855 346
22855 348
22855 349
22855 350
22855 351
22855 353
22855 354
22855 355
22855 356
22855 357
22855 358
22855 359
22855 361
22855 362
22855 363
22855 364
22855 365
22855 366
22855 367
22855 368
22855 369
22855 370
22855 371
22855 372
22855 373
22855 374
22855 375
22855 376
22855 377
22855 378
22855 379
22855 380
22855 381
22855 382
22855 383
22855 385
22855 386
22855 387
22855 388
22855 389
22855 390
22855 391
22855 392
22855 393
22855 394
22855 395
22855 396
22855 397
22855 399
22855 400
22855 401
22855 402
22855 403
22855 404
22855 405
22855 406
22855 407
22855 408
22855 409
22855 410
22855 411
22855 412
22855 414
22855 416
22855 417
22855 419
22855 420
22855 421
22855 422
22855 423
22855 424
22855 425
22855 426
22855 427
22855 428
22855 429
22855 430
22855 431
22855 432
22855 433
22855 435
22855 437
22855 438
22855 439
22855 440
22855 441
22855 442
22855 443
22855 444
22855 446
22855 448
22855 449
22855 450
22855 451
22855 452
22855 453
22855 455
22855 457
22855 458
22855 460
22855 462
22855 463
22855 465
22855 466
22855 467
22855 468
22855 470
22855 471
22855 472
22855 473
22855 474
22855 475
22855 477
22855 478
22855 479
22855 480
22855 481
22855 482
22855 483
22855 484
22855 485
22855 486
22855 487
22855 488
22855 489
22855 490
22855 491
22855 492
22855 493
22855 495
22855 496
22855 497
22855 498
22855 499
22855 500
22855 502
22855 503
22855 504
22855 505
22855 506
22855 507
22855 508
22855 512
22855 514
22855 515
22855 516
22855 517
22855 519
22855 520
22855 521
22855 525
22855 526
22855 527
22855 528
22855 529
22855 530
22855 531
22856 0
22856 4
22856 5
22856 6
22856 7
22856 8
22856 9
22856 10
22856 11
22856 12
22856 13
22856 14
22857 0
22857 1
22857 2
22857 3
22857 4
22857 6
22857 7
22857 9
22857 10
22857 11
22857 12
22857 13
22857 14
22857 15
22857 16
22857 17
22857 18
22857 19
22857 21
22857 22
22857 25
22857 26
22857 27
22857 30
22857 31
22857 32
22857 34
22857 35
22857 36
22857 37
22857 38
22857 40
22857 41
22857 43
22857 44
22857 45
22857 46
22857 47
22857 48
22857 49
22857 50
22857 52
22857 53
22857 55
22857 58
22857 59
22857 60
22857 61
22857 62
22857 63
22857 65
22857 66
22857 68
22857 69
22857 70
22857 71
22857 72
22857 73
22857 74
22857 75
22857 76
22857 77
22857 78
22857 79
22857 80
22857 81
22857 82
22857 84
22858 0
22858 1
22858 2
22858 3
22858 4
22858 6
22858 7
22858 8
22858 9
22858 10
22858 11
22858 12
22858 13
22858 14
22858 15
22858 16
22858 18
22858 19
22858 20
22858 21
22858 22
22858 23
22858 24
22858 25
22858 26
22858 27
22858 28
22858 29
22858 31
22858 32
22858 33
22858 35
22858 36
22858 38
22858 40
22858 41
22858 42
22858 44
22858 45
22858 46
22858 47
22858 50
22858 51
22858 52
22858 53
22858 55
22858 56
22858 57
22858 58
22858 59
22858 60
22858 61
22858 62
22858 63
22858 64
22858 66
22858 68
22858 69
22858 71
22858 73
22858 74
22858 75
22858 77
22858 78
22858 79
22858 81
22858 82
22858 83
22858 84
22858 85
22858 86
22858 87
22858 88
22858 89
22858 90
22858 91
22858 92
22858 94
22858 95
22858 96
22858 97
22858 98
22858 99
22858 103
22858 104
22858 105
22858 106
22858 107
22858 108
22858 110
22858 111
22858 112
22858 113
22858 115
22858 116
22858 117
22858 118
22858 119
22858 120
22858 122
22858 123
22858 124
22858 125
22858 126
22858 127
22858 128
22858 129
22858 130
22858 142
22858 143
22858 144
22858 145
22858 146
22858 147
22858 148
22858 149
22858 150
22858 152
22858 153
22858 155
22858 156
22858 157
22858 158
22858 159
22858 160
22858 161
22858 162
22858 164
22858 166
22858 167
22858 169
22858 171
22858 172
22858 173
22858 174
22858 175
22858 176
22858 177
22858 178
22858 179
22858 180
22858 182
22858 183
22858 185
22858 186
22858 187
22858 188
22858 189
22858 190
22858 191
22858 192
22858 193
22858 195
22858 198
22858 199
22858 200
22858 202
22858 203
22858 204
22858 205
22858 206
22858 209
22858 210
22858 212
22858 213
22858 214
22858 215
22858 216
22858 217
22858 218
22858 220
22858 222
22858 223
22858 224
22858 225
22858 226
22858 227
22858 228
22858 229
22858 230
22858 231
22858 232
22858 239
22858 240
22858 242
22858 245
22858 246
22858 247
22858 248
22858 250
22858 252
22859 0
22859 1
22859 2
22859 3
22859 4
22859 5
22859 6
22859 7
22859 8
22859 9
22859 12
22859 13
22859 14
22859 15
22859 16
22859 17
22859 18
22859 19
22859 20
22859 21
22859 22
22859 23
22859 24
22859 25
22859 27
22859 30
22859 31
22859 32
22859 33
22859 34
22859 36
22859 37
22859 39
22859 40
22859 41
22859 43
22859 44
22859 45
22859 46
22859 47
22859 49
22859 50
22859 51
22859 52
22859 54
22859 55
22859 56
22859 57
22859 58
22859 59
22859 60
22859 61
22859 62
22859 65
22859 66
22859 67
22859 68
22859 69
22859 70
22859 71
22859 72
22859 73
22859 75
22859 76
22859 77
22859 78
22859 80
22859 83
22859 84
22859 85
22859 86
22859 87
22859 89
22859 90
22859 91
22859 92
22859 93
22859 94
22859 97
22859 98
22859 99
22859 100
22859 102
22859 103
22859 104
22859 105
22859 106
22859 107
22859 108
22859 109
22859 110
22859 111
22859 112
22859 113
22859 114
22859 115
22859 116
22859 117
22859 118
22859 119
22859 122
22859 124
22859 125
22859 126
22859 127
22859 128
22859 129
22859 130
22859 131
22859 132
22859 133
22859 134
22859 135
22859 136
22859 137
22859 138
22859 139
22859 140
22859 141
22859 142
22859 143
22859 144
22859 145
22859 146
22859 147
22859 148
22859 149
22859 151
22859 152
22859 154
22859 156
22859 157
22859 158
22859 159
22859 160
22859 161
22859 162
22859 163
22859 164
22859 168
22859 169
22859 170
22859 171
22859 173
22859 175
22859 176
22859 177
22859 178
22859 179
22859 180
22859 181
22859 182
22859 183
22859 184
22859 185
22859 186
22859 187
22859 188
22859 189
22859 192
22859 193
22859 194
22859 195
22859 196
22859 198
22859 200
22859 201
22859 202
22859 203
22859 206
22859 207
22859 208
22859 213
22859 214
22859 215
22859 216
22859 217
22859 218
22859 219
22859 220
22859 221
22859 222
22859 223
22859 224
22859 225
22859 226
22859 227
22859 228
22859 229
22859 231
22859 232
22859 233
22859 234
22859 235
22859 236
22859 239
22859 240
22859 246
22859 249
22859 251
22859 252
22859 253
22859 254
22859 257
22859 258
22859 259
22859 261
22859 262
22859 263
22859 264
22859 265
22859 267
22859 268
22859 269
22859 270
22859 271
22859 273
22859 274
22859 275
22859 276
22859 277
22859 279
22859 280
22859 281
22859 282
22859 283
22859 284
22859 285
22859 288
22859 289
22859 290
22859 291
22859 292
22859 293
22859 294
22859 295
22859 296
22859 297
22859 298
22859 300
22859 301
22859 303
22859 304
22859 305
22859 308
22859 309
22859 310
22859 312
22859 313
22859 314
22859 315
22859 316
22859 317
22859 318
22859 319
22859 320
22859 321
22859 322
22859 323
22859 324
22859 325
22859 326
22859 327
22859 328
22859 329
22859 330
22859 331
22859 332
22859 333
22859 337
22859 339
22859 340
22859 342
22859 343
22859 344
22859 345
22859 346
22859 347
22859 351
22859 352
22859 353
22859 354
22859 355
22859 356
22859 357
22859 358
22859 360
22859 361
22859 362
22859 364
22859 365
22859 366
22859 367
22859 368
22859 369
22859 370
22859 371
22859 372
22859 373
22859 374
22859 376
22859 377
22859 378
22859 379
22859 380
22859 381
22859 382
22859 383
22859 384
22859 385
22859 386
22859 387
22859 388
22859 389
22859 390
22859 391
22859 397
22859 398
22859 400
22859 401
22859 402
22859 403
22859 404
22859 405
22859 406
22859 407
22859 408
22859 410
22859 411
22859 412
22859 413
22860 2
22860 3
22860 5
22860 6
22860 8
22860 9
22860 10
22860 11
22860 12
22860 15
22860 16
22860 18
22860 19
22860 21
22860 24
22860 25
22860 26
22860 28
22860 35
22860 40
22860 41
22860 42
22860 43
22860 44
22860 46
22860 48
22860 49
22860 50
22860 51
22860 52
22860 53
22860 54
22860 55
22860 56
22860 58
22860 60
22860 61
22860 62
22860 63
22860 65
22860 66
22860 67
22860 68
22860 69
22860 70
22860 76
22860 83
22860 84
22860 85
22860 86
22860 87
22860 88
22860 89
22860 90
22860 91
22860 92
22860 93
22860 94
22860 95
22860 96
22860 97
22860 98
22860 99
22860 100
22860 101
22860 102
22860 103
22860 105
22860 106
22860 107
22860 110
22860 111
22860 112
22860 113
22860 114
22860 115
22860 116
22860 117
22860 118
22860 119
22860 120
22860 121
22860 122
22860 123
22860 124
22860 126
22860 133
22860 134
22860 136
22860 137
22860 138
22860 139
22860 140
22860 141
22860 144
22860 145
22860 146
22860 148
22860 151
22860 153
22860 154
22860 156
22860 157
22860 158
22860 159
22860 160
22860 162
22860 163
22860 164
22860 165
22860 166
22860 169
22860 170
22860 171
22860 172
22860 173
22860 174
22860 175
22860 176
22860 177
22860 178
22860 179
22860 180
22860 181
22860 182
22860 183
22860 184
22860 185
22860 186
22860 187
22860 188
22860 189
22860 190
22860 193
22860 195
22860 196
22860 198
22861 1
22861 2
22861 4
22861 5
22861 6
22861 8
22861 9
22861 10
22861 11
22861 12
22861 13
22861 14
22861 15
22861 16
22861 17
22861 18
22861 19
22861 20
22861 22
22861 24
22861 26
22861 28
22861 29
22861 30
22861 32
22861 33
22861 34
22861 35
22861 36
22861 37
22861 38
22861 39
22861 40
22861 41
22861 42
22861 45
22861 46
22861 48
22861 49
22861 50
22861 51
22861 52
22861 53
22861 54
22861 55
22861 57
22861 58
22861 60
22861 61
22861 62
22861 63
22861 64
22861 65
22861 66
22861 68
22861 69
22861 70
22861 71
22861 72
22861 73
22861 74
22861 75
22861 76
22861 77
22861 78
22861 79
22861 80
22861 81
22861 83
22861 84
22861 85
22861 86
22861 87
22861 88
22861 89
22861 92
22861 93
22861 94
22861 95
22861 97
22861 98
22861 99
22861 100
22861 101
22861 102
22861 103
22861 105
22861 112
22861 113
22861 115
22861 116
22861 117
22861 118
22861 119
22861 120
22861 121
22861 122
22861 123
22861 124
22861 125
22861 126
22861 128
22861 130
22861 131
22861 134
22861 135
22861 136
22861 137
22861 140
22861 141
22861 145
22861 147
22861 148
22861 149
22861 150
22861 154
22861 155
22861 156
22861 158
22861 159
22861 160
22861 161
22861 162
22861 163
22861 164
22861 165
22861 166
22861 168
22861 169
22861 170
22861 171
22861 172
22861 173
22861 174
22861 175
22861 176
22861 177
22861 179
22861 180
22861 181
22861 182
22861 183
22861 184
22861 185
22861 186
22861 189
22861 190
22861 191
22861 192
22861 193
22861 194
22861 195
22861 196
22861 197
22861 198
22861 199
22861 200
22861 201
22861 202
22861 204
22861 206
22861 207
22861 208
22861 209
22861 210
22861 211
22861 212
22861 213
22861 214
22861 215
22861 216
22861 217
22861 218
22861 219
22861 220
22861 222
22861 224
22861 225
22861 226
22861 227
22861 230
22861 231
22861 233
22861 234
22861 235
22861 236
22861 238
22861 239
22861 240
22861 242
22861 243
22861 244
22861 245
22861 247
22861 248
22861 249
22861 251
22861 252
22861 253
22861 255
22861 256
22861 257
22861 258
22861 259
22861 262
22861 263
22861 265
22861 276
22861 277
22861 278
22861 279
22861 280
22861 281
22861 283
22861 284
22861 285
22861 286
22861 287
22861 288
22861 290
22861 292
22861 293
22861 294
22861 296
22861 297
22861 298
22861 299
22861 300
22861 301
22861 303
22861 304
22861 306
22861 307
22861 308
22861 309
22861 310
22861 311
22861 312
22861 313
22861 314
22861 315
22861 316
22861 317
22861 318
22861 321
22861 322
22861 324
22861 326
22861 327
22861 328
22861 329
22861 331
22861 333
22861 334
22861 336
22861 337
22861 339
22861 342
22861 345
22861 346
22861 348
22861 349
22861 351
22861 353
22861 355
22861 356
22861 357
22861 358
22861 360
22861 361
22861 363
22861 364
22861 365
22861 366
22861 367
22861 368
22861 369
22861 370
22861 371
22861 372
22861 373
22861 375
22861 377
22861 378
22862 1
22862 2
22862 3
22862 4
22862 5
22862 6
22862 7
22862 8
22862 10
22862 11
22862 12
22862 13
22862 14
22862 15
22862 16
22862 17
22862 18
22862 19
22862 20
22862 21
22862 22
22862 23
22862 24
22862 25
22862 26
22862 27
22862 28
22862 29
22862 30
22862 32
22862 33
22862 35
22862 36
22862 37
22862 38
22862 39
22862 41
22862 43
22862 44
22862 45
22862 46
22862 47
22862 48
22862 49
22862 51
22862 52
22862 53
22862 54
22862 55
22862 56
22862 58
22862 60
22862 61
22862 62
22862 63
22862 64
22864 0
22864 1
22864 2
22864 3
22864 4
22864 6
22864 7
22864 8
22864 9
22864 10
22864 14
22864 15
22864 16
22864 17
22864 18
22864 19
22864 20
22864 21
22864 22
22864 23
22864 24
22864 26
22864 27
22864 28
22864 29
22864 30
22864 31
22864 32
22864 33
22864 34
22864 35
22864 37
22864 38
22864 39
22864 40
22864 41
22864 44
22864 46
22864 47
22864 48
22864 49
22864 50
22864 51
22864 52
22864 53
22864 54
22864 55
22864 56
22864 57
22864 58
22864 59
22864 60
22864 62
22864 63
22864 64
22864 67
22864 68
22864 71
22864 72
22864 74
22864 75
22864 76
22864 77
22864 78
22864 80
22864 81
22864 82
22864 83
22864 85
22864 86
22864 87
22864 88
22864 89
22864 90
22864 91
22864 94
22864 95
22864 96
22864 99
22864 100
22864 102
22864 103
22864 105
22864 106
22864 107
22864 108
22864 109
22864 110
22864 111
22864 112
22864 113
22864 115
22864 116
22864 117
22864 118
22864 119
22864 120
22864 121
22864 122
22864 123
22864 124
22864 125
22864 127
22864 128
22864 129
22864 130
22864 131
22864 132
22864 133
22864 135
22864 137
22864 139
22864 140
22864 141
22864 142
22864 143
22864 144
22864 146
22864 147
22864 148
22864 149
22864 150
22864 151
22864 152
22864 153
22864 155
22864 156
22864 158
22864 159
22864 160
22866 0
22866 1
22866 2
22866 4
22866 5
22866 10
22866 11
22866 12
22866 14
22866 15
22866 16
22866 17
22866 18
22866 19
22866 20
22866 21
22866 23
22866 25
22866 26
22866 27
22866 28
22866 29
22866 30
22866 32
22866 33
22866 34
22866 35
22866 36
22866 37
22866 38
22866 39
22866 41
22866 42
22866 44
22866 45
22866 46
22866 47
22866 48
22866 49
22866 50
22866 53
22866 54
22866 55
22866 56
22866 57
22866 58
22866 59
22866 60
22866 62
22866 63
22866 64
22866 65
22866 66
22866 67
22866 68
22866 70
22866 71
22866 72
22866 73
22866 74
22866 75
22866 76
22866 77
22866 78
22866 79
22866 81
22866 82
22866 83
22866 84
22866 85
22866 88
22866 89
22866 90
22866 91
22866 92
22866 93
22866 94
22866 95
22866 96
22866 97
22866 98
22866 99
22866 103
22866 105
22866 106
22866 108
22866 110
22866 111
22866 112
22866 114
22866 115
22866 118
22866 119
22866 120
22866 121
22866 122
22868 0
22868 1
22868 2
22868 3
22868 4
22868 5
22868 6
22868 7
22868 11
22868 12
22868 13
22868 14
22868 15
22868 16
22868 17
22868 18
22868 19
22868 20
22868 21
22868 22
22868 23
22868 24
22868 25
22868 26
22868 27
22868 28
22868 29
22868 30
22868 31
22868 32
22868 34
22868 36
22868 37
22868 39
22868 40
22868 41
22868 42
22868 43
22868 44
22868 45
22868 46
22868 47
22868 48
22868 49
22868 51
22868 53
22868 54
22868 55
22868 56
22868 57
22868 58
22868 59
22868 60
22868 63
22868 64
22868 65
22868 66
22868 67
22868 68
22868 69
22868 70
22868 72
22868 73
22868 74
22868 77
22868 78
22868 79
22868 80
22868 81
22868 82
22868 83
22868 84
22868 85
22868 86
22868 87
22868 88
22868 89
22868 90
22868 91
22868 93
22868 94
22868 96
22868 97
22868 98
22868 99
22868 100
22868 101
22868 102
22868 103
22868 104
22868 106
22868 107
22868 109
22868 110
22868 111
22868 113
22869 1
22869 2
22869 3
22869 5
22869 7
22869 8
22869 9
22869 10
22869 11
22869 12
22869 14
22869 15
22869 16
22869 17
22869 18
22869 19
22869 20
22869 23
22869 24
22869 25
22869 27
22869 28
22869 29
22869 30
22869 31
22869 32
22869 34
22869 35
22869 37
22869 38
22869 39
22869 41
22869 42
22869 43
22869 44
22869 45
22869 46
22869 47
22869 48
22869 49
22869 50
22869 51
22869 53
22869 54
22869 55
22869 57
22869 58
22869 61
22869 62
22869 63
22869 64
22869 65
22869 66
22869 67
22869 68
22869 69
22869 70
22869 71
22869 72
22869 73
22869 75
22869 76
22869 77
22869 78
22869 80
22869 81
22869 82
22869 83
22869 84
22869 87
22869 88
22869 89
22869 90
22869 91
22869 93
22869 94
22869 95
22869 97
22869 98
22869 99
22869 100
22869 101
22870 0
22870 1
22870 2
22870 3
22870 4
22870 5
22870 6
22870 7
22870 9
22870 11
22870 15
22870 17
22870 18
22870 19
22870 21
22870 22
22870 23
22870 24
22870 25
22870 26
22870 28
22870 29
22870 30
22870 31
22870 32
22870 33
22870 34
22870 35
22870 36
22870 37
22870 38
22870 39
22870 41
22870 42
22870 43
22870 44
22870 45
22870 46
22870 48
22870 49
22870 50
22870 51
22870 54
22870 55
22870 56
22870 57
22870 58
22870 60
22870 61
22870 62
22870 63
22870 64
22870 66
22870 69
22870 70
22870 71
22870 72
22870 73
22870 74
22870 75
22870 76
22870 77
22870 78
22870 79
22870 81
22870 82
22870 83
22870 84
22870 86
22870 87
22870 88
22870 89
22870 91
22870 92
22870 93
22870 94
22870 95
22870 96
22870 97
22870 98
22870 99
22870 100
22870 101
22870 102
22870 103
22870 104
22870 105
22870 107
22870 108
22870 109
22870 110
22870 111
22870 112
22870 113
22870 114
22870 116
22870 117
22870 118
22870 119
22870 120
22870 121
22870 123
22870 124
22870 125
22870 126
22870 127
22870 128
22870 129
22870 130
22870 131
22870 132
22870 133
22870 134
22870 135
22870 136
22870 137
22870 138
22870 139
22870 140
22870 141
22870 142
22870 143
22870 145
22870 146
22870 147
22870 148
22870 149
22870 150
22870 151
22870 152
22870 153
22870 155
22870 157
22870 158
22870 159
22870 160
22870 161
22870 165
22870 167
22870 168
22870 169
22870 170
22870 171
22870 173
22870 174
22870 175
22870 176
22870 177
22870 178
22870 181
22870 182
22870 183
22870 184
22870 185
22870 186
22870 188
22870 189
22870 190
22871 0
22871 1
22871 2
22871 4
22871 6
22871 7
22871 8
22871 9
22871 10
22871 11
22871 12
22871 14
22871 15
22871 17
22871 18
22871 19
22871 20
22871 21
22871 24
22871 26
22872 0
22872 3
22872 4
22872 6
22872 7
22872 8
22872 9
22872 10
22872 11
22872 13
22872 14
22872 15
22872 17
22872 18
22872 19
22872 20
22872 22
22872 23
22872 24
22872 25
22872 27
22872 28
22872 29
22872 31
22872 32
22872 33
22872 34
22872 35
22872 38
22872 39
22872 40
22872 42
22872 43
22872 44
22872 45
22872 46
22872 47
22872 48
22872 52
22872 56
22872 57
22872 58
22872 59
22872 60
22872 61
22872 62
22872 63
22872 65
22872 66
22872 67
22872 68
22872 69
22872 70
22872 72
22872 73
22872 74
22872 76
22872 78
22872 79
22872 80
22872 84
22872 85
22872 86
22872 87
22872 88
22872 89
22872 90
22872 91
22872 92
22872 93
22872 94
22872 95
22872 96
22872 98
22872 99
22872 102
22872 103
22872 104
22872 106
22872 107
22872 108
22872 110
22872 111
22872 112
22872 113
22872 115
22872 116
22872 117
22872 118
22872 119
22872 120
22872 123
22872 124
22872 125
22872 126
22872 127
22872 128
22872 129
22872 131
22872 132
22872 133
22872 134
22872 136
22872 137
22872 138
22872 139
22872 142
22872 143
22872 144
22872 145
22872 146
22872 147
22872 148
22872 149
22872 150
22872 151
22872 152
22872 153
22872 154
22872 156
22872 157
22872 158
22872 159
22872 160
22872 161
22872 162
22872 164
22872 165
22872 166
22872 168
22872 170
22872 171
22872 172
22872 173
22872 175
22872 176
22872 178
22872 179
22872 180
22872 182
22872 183
22872 184
22872 185
22872 186
22872 188
22872 190
22872 191
22872 192
22872 193
22872 194
22872 195
22872 196
22872 197
22872 198
22872 199
22872 200
22872 201
22872 202
22872 203
22872 204
22872 206
22872 207
22872 208
22872 209
22872 210
22872 211
22872 213
22872 214
22872 215
22872 216
22872 217
22872 218
22872 219
22872 220
22872 221
22872 222
22872 223
22872 224
22872 225
22872 226
22872 227
22872 229
22872 230
22872 231
22872 232
22872 233
22872 234
22872 235
22872 236
22872 237
22872 238
22872 239
22872 240
22872 242
22872 244
22872 249
22872 250
22872 251
22872 252
22872 254
22872 255
22872 256
22872 257
22872 258
22872 259
22872 260
22872 261
22872 262
22872 263
22872 264
22872 265
22872 266
22872 267
22872 268
22872 269
22872 270
22872 271
22872 273
22872 274
22872 275
22872 281
22872 283
22872 285
22872 288
22872 290
22872 291
22872 293
22872 294
22872 295
22872 296
22872 299
22872 300
22872 301
22872 302
22872 303
22872 304
22872 305
22872 306
22872 307
22872 308
22872 310
22872 312
22872 313
22872 314
22872 315
22872 316
22872 317
22872 318
22872 319
22872 320
22872 321
22872 322
22872 323
22872 324
22872 326
22872 327
22872 328
22872 330
22872 332
22872 333
22872 334
22872 335
22872 336
22872 337
22872 340
22872 341
22872 344
22872 346
22872 347
22872 348
22872 350
22872 351
22872 352
22872 353
22872 354
22872 355
22872 356
22872 357
22872 359
22872 360
22872 361
22872 363
22872 366
22872 367
22872 369
22872 371
22872 372
22872 373
22872 374
22872 375
22872 376
22872 377
22872 379
22872 380
22872 381
22872 383
22872 385
22872 387
22872 388
22872 389
22872 390
22872 391
22872 392
22872 393
22872 394
22872 395
22872 399
22872 400
22872 401
22872 402
22872 403
22872 404
22872 406
22872 407
22872 408
22872 411
22872 412
22872 414
22872 415
22872 416
22872 418
22872 419
22872 420
22872 421
22872 423
22872 424
22872 425
22872 426
22872 427
22872 428
22872 430
22872 432
22872 433
22872 434
22872 435
22872 436
22872 439
22872 440
22872 442
22872 443
22872 444
22872 445
22872 446
22872 448
22872 450
22872 451
22872 452
22872 453
22872 454
22872 455
22872 457
22872 458
22872 459
22872 460
22872 461
22872 462
22872 465
22872 466
22872 467
22872 470
22872 471
22872 473
22872 474
22872 476
22872 477
22872 479
22872 480
22872 481
22872 487
22872 488
22872 490
22872 493
22872 495
22872 496
22872 497
22872 498
22872 499
22872 500
22872 501
22872 505
22872 506
22872 507
22872 508
22872 509
22872 511
22872 512
22872 513
22872 514
22872 515
22872 516
22872 517
22872 518
22872 519
22872 520
22872 521
22872 522
22872 524
22872 525
22872 526
22872 527
22872 528
22872 529
22872 530
22872 531
22872 532
22872 533
22872 534
22872 536
22872 537
22872 538
22872 539
22872 541
22872 542
22872 543
22872 544
22872 545
22872 546
22872 547
22872 548
22873 0
22873 1
22873 3
22873 4
22873 5
22873 6
22873 7
22873 8
22873 9
22873 10
22873 11
22873 12
22873 13
22873 14
22873 15
22873 16
22873 17
22873 19
22873 20
22873 22
22873 23
22873 24
22873 25
22873 26
22873 27
22873 28
22873 29
22873 31
22873 32
22873 35
22873 36
22873 37
22873 38
22873 39
22873 41
22873 42
22873 43
22873 44
22873 45
22873 46
22873 47
22873 48
22873 49
22873 50
22873 51
22873 52
22873 53
22873 54
22873 55
22873 56
22873 57
22873 58
22873 59
22873 60
22873 61
22873 63
22873 65
22873 66
22873 68
22873 69
22873 70
22873 71
22873 72
22873 73
22873 74
22873 76
22873 77
22873 79
22873 80
22873 81
22873 82
22873 83
22873 84
22873 85
22873 86
22873 87
22873 90
22873 91
22873 92
22873 93
22873 94
22873 95
22873 96
22873 100
22873 101
22873 102
22873 103
22873 105
22873 106
22873 107
22873 108
22873 110
22873 111
22873 112
22873 113
22873 115
22873 116
22873 117
22873 120
22873 121
22873 122
22873 123
22873 125
22873 126
22873 127
22873 128
22873 129
22873 131
22873 132
22873 133
22873 134
22873 136
22873 137
22873 138
22873 139
22873 140
22873 141
22873 142
22873 143
22873 144
22873 145
22873 146
22873 147
22873 148
22873 151
22873 152
22873 153
22873 154
22873 155
22873 156
22873 157
22873 159
22873 160
22873 161
22873 162
22873 165
22873 167
22873 168
22873 169
22873 170
22873 172
22873 173
22873 174
22873 175
22873 176
22873 177
22873 178
22873 179
22873 180
22873 182
22873 183
22873 184
22873 185
22873 186
22873 187
22873 190
22873 191
22873 192
22873 193
22873 194
22873 195
22873 196
22873 197
22873 198
22873 199
22873 200
22873 201
22873 202
22873 203
22873 204
22873 205
22873 206
22873 208
22873 209
22873 211
22873 213
22873 214
22873 215
22873 216
22873 217
22873 218
22873 220
22873 221
22873 223
22873 224
22873 225
22873 226
22873 228
22873 229
22873 230
22873 231
22873 233
22873 235
22873 236
22873 239
22873 241
22873 242
22873 243
22873 244
22873 245
22873 246
22873 247
22873 248
22873 249
22873 250
22873 251
22873 252
22873 253
22873 254
22873 255
22874 0
22874 1
22874 2
22874 3
22874 4
22874 5
22874 7
22874 8
22874 9
22874 11
22874 12
22874 13
22874 14
22874 15
22874 16
22874 17
22874 18
22874 19
22874 20
22874 21
22874 22
22874 23
22874 25
22874 26
22874 27
22874 28
22874 29
22874 30
22874 31
22874 32
22874 33
22874 35
22874 36
22874 37
22874 38
22874 39
22874 40
22874 41
22874 42
22874 43
22874 44
22874 45
22874 49
22874 50
22874 51
22874 52
22874 53
22874 54
22874 55
22874 56
22874 57
22874 58
22874 59
22874 60
22874 61
22874 62
22874 64
22874 65
22874 66
22874 67
22874 68
22874 69
22874 70
22874 71
22874 72
22874 73
22874 74
22874 75
22874 76
22874 77
22874 78
22874 79
22874 80
22874 81
22874 82
22874 83
22874 84
22874 85
22874 86
22874 87
22874 88
22874 89
22874 90
22874 91
22874 92
22874 93
22874 94
22874 95
22874 96
22874 98
22874 99
22874 100
22874 102
22874 103
22874 104
22874 105
22874 106
22874 107
22874 108
22874 109
22874 110
22874 111
22874 112
22874 113
22874 115
22874 116
22874 117
22874 118
22874 120
22874 121
22874 124
22874 125
22874 126
22874 127
22874 128
22874 129
22874 130
22874 131
22874 132
22874 133
22874 134
22874 135
22874 136
22874 137
22874 138
22874 139
22874 141
22874 142
22874 143
22874 146
22874 147
22874 148
22874 149
22874 150
22874 151
22874 152
22874 154
22874 155
22874 156
22874 158
22874 159
22874 160
22874 161
22874 162
22874 165
22874 166
22874 167
22874 168
22874 169
22874 170
22874 171
22874 172
22874 173
22874 174
22874 175
22874 176
22874 177
22874 178
22874 179
22874 180
22874 181
22874 183
22874 184
22874 185
22874 186
22874 187
22874 188
22874 189
22874 190
22874 192
22874 193
22874 194
22874 195
22874 197
22874 199
22874 200
22874 201
22874 202
22874 203
22874 205
22874 206
22874 207
22874 208
22874 209
22874 211
22874 212
22874 213
22874 214
22874 216
22874 217
22874 218
22874 220
22874 221
22874 223
22874 225
22874 227
22874 229
22874 230
22874 231
22874 234
22874 235
22874 237
22874 238
22874 239
22874 240
22874 241
22874 242
22874 243
22874 244
22874 245
22874 246
22874 247
22874 248
22874 249
22874 250
22874 251
22874 252
22874 253
22874 254
22874 256
22874 257
22874 258
22874 259
22874 260
22874 261
22874 262
22874 263
22874 266
22874 267
22874 268
22874 269
22874 270
22874 271
22874 272
22874 273
22874 275
22874 276
22874 277
22874 278
22874 279
22874 281
22874 282
22874 283
22874 284
22874 285
22874 286
22874 290
22874 291
22874 292
22874 294
22874 295
22874 297
22874 298
22874 300
22874 301
22874 302
22874 304
22874 305
22874 306
22874 307
22874 309
22874 310
22874 311
22874 312
22874 313
22874 314
22874 315
22874 316
22875 0
22875 2
22875 3
22875 5
22875 7
22875 9
22875 10
22875 12
22875 14
22875 15
22875 18
22875 19
22875 21
22875 23
22875 24
22875 25
22875 26
22875 27
22875 28
22875 29
22875 30
22875 31
22875 32
22875 33
22875 34
22875 35
22875 36
22875 37
22875 38
22875 39
22875 40
22875 42
22875 43
22875 44
22875 45
22875 46
22875 47
22875 49
22875 50
22875 51
22875 52
22875 54
22875 55
22875 56
22875 57
22875 59
22875 61
22875 62
22875 63
22875 64
22875 65
22875 66
22875 67
22875 68
22875 69
22875 70
22875 71
22875 72
22875 73
22875 74
22875 76
22875 77
22875 78
22875 79
22875 81
22875 82
22875 83
22875 84
22875 85
22875 86
22875 87
22875 89
22875 90
22875 91
22875 92
22875 93
22875 94
22875 95
22875 96
22875 97
22875 98
22875 100
22875 101
22875 102
22875 103
22875 104
22875 105
22875 106
22875 107
22875 108
22875 110
22875 111
22875 112
22875 113
22875 114
22875 116
22875 117
22875 118
22875 120
22875 122
22875 123
22875 124
22875 126
22875 128
22875 129
22875 130
22875 132
22875 133
22875 134
22875 136
22875 137
22875 138
22875 139
22875 140
22875 141
22875 144
22875 145
22875 146
22875 148
22875 149
22875 150
22875 151
22875 153
22875 154
22875 155
22875 156
22875 157
22875 159
22875 161
22875 162
22875 163
22875 164
22875 165
22875 166
22875 167
22875 168
22875 169
22875 170
22875 174
22875 175
22875 176
22875 178
22875 181
22875 182
22875 183
22875 184
22875 185
22875 186
22875 187
22875 188
22875 189
22875 190
22875 191
22875 192
22875 193
22875 194
22875 203
22875 204
22875 206
22875 208
22875 210
22875 211
22875 212
22875 213
22875 214
22875 215
22875 216
22875 217
22875 218
22875 219
22875 220
22875 221
22875 222
22875 225
22875 226
22875 227
22875 228
22875 229
22875 230
22875 231
22875 232
22875 233
22875 234
22875 235
22875 236
22875 237
22876 0
22876 1
22876 2
22876 3
22876 4
22876 5
22876 7
22876 8
22876 9
22876 11
22876 12
22876 13
22876 14
22876 15
22876 17
22876 18
22876 19
22876 23
22876 25
22876 26
22876 27
22876 28
22876 29
22876 30
22876 31
22876 32
22876 33
22876 34
22876 35
22876 36
22876 37
22876 38
22876 39
22876 41
22876 42
22876 43
22876 45
22876 46
22876 47
22876 48
22876 49
22876 51
22876 52
22876 53
22876 54
22876 55
22876 56
22876 58
22876 59
22876 60
22876 61
22876 63
22876 64
22876 65
22876 66
22876 67
22876 68
22876 69
22876 70
22876 75
22876 76
22876 78
22876 79
22876 80
22876 82
22876 83
22876 84
22876 85
22876 87
22876 88
22876 90
22876 91
22876 92
22876 93
22876 94
22876 95
22876 96
22876 97
22876 98
22876 99
22876 100
22876 101
22876 102
22876 103
22876 104
22876 106
22876 107
22876 108
22876 109
22876 111
22876 112
22876 114
22876 115
22876 116
22876 117
22876 118
22876 120
22876 122
22876 123
22876 124
22876 125
22876 126
22876 127
22876 128
22876 129
22876 130
22876 133
22876 134
22876 135
22876 136
22876 138
22876 139
22876 141
22876 142
22876 144
22876 145
22876 146
22876 147
22876 148
22876 149
22876 150
22876 151
22876 152
22876 153
22876 154
22876 155
22876 157
22876 158
22876 160
22876 162
22876 164
22876 165
22876 166
22876 167
22876 168
22876 169
22876 170
22876 172
22876 173
22876 175
22876 177
22876 178
22876 179
22876 180
22876 181
22876 184
22876 186
22876 187
22876 188
22876 190
22876 191
22876 192
22876 193
22876 195
22876 196
22876 197
22876 198
22876 199
22876 200
22876 201
22876 202
22876 203
22876 204
22876 205
22876 206
22876 207
22876 208
22876 209
22876 210
22876 211
22876 212
22876 213
22876 214
22876 215
22876 216
22876 217
22876 218
22876 219
22876 220
22876 222
22876 223
22876 224
22876 225
22876 227
22876 228
22876 229
22876 231
22876 232
22876 233
22876 236
22876 237
22876 239
22876 241
22876 242
22876 243
22876 244
22876 245
22876 246
22876 247
22876 248
22876 250
22876 252
22876 253
22876 254
22876 255
22876 256
22876 257
22876 258
22876 260
22876 261
22876 262
22876 263
22876 264
22876 266
22876 267
22876 269
22876 270
22876 271
22876 272
22876 273
22876 274
22876 276
22876 277
22876 278
22876 279
22876 280
22876 281
22876 282
22876 283
22876 284
22876 285
22876 286
22876 287
22876 288
22876 289
22876 290
22876 291
22876 293
22876 294
22876 296
22876 297
22876 298
22876 300
22876 301
22876 302
22876 303
22876 304
22876 306
22876 309
22876 310
22876 312
22876 315
22876 316
22876 317
22876 318
22876 319
22876 320
22876 321
22876 322
22876 323
22876 324
22876 325
22876 326
22876 327
22876 328
22876 329
22876 330
22876 331
22876 333
22876 335
22876 336
22876 337
22876 338
22876 339
22876 341
22876 343
22876 344
22876 345
22876 347
22876 351
22876 352
22876 353
22876 354
22876 357
22876 360
22876 361
22876 362
22876 363
22876 364
22876 365
22876 366
22876 367
22876 368
22876 369
22876 371
22876 373
22876 374
22876 375
22876 376
22876 379
22876 380
22876 381
22876 382
22876 383
22876 384
22876 385
22876 386
22876 387
22876 388
22876 389
22876 390
22876 391
22876 392
22876 393
22876 394
22876 395
22876 396
22876 397
22876 398
22876 399
22876 400
22876 401
22876 402
22876 403
22876 404
22877 0
22877 1
22877 2
22877 3
22877 4
22877 6
22877 7
22877 8
22877 9
22877 13
22877 14
22877 15
22877 16
22877 17
22877 18
22877 19
22877 20
22877 21
22877 23
22877 24
22877 26
22877 27
22877 28
22877 29
22877 30
22877 31
22877 32
22877 33
22877 34
22877 35
22877 36
22877 37
22877 38
22877 39
22877 41
22878 2
22878 3
22878 4
22878 5
22878 6
22878 7
22878 8
22878 10
22878 11
22878 14
22878 15
22878 16
22878 18
22878 19
22878 20
22878 21
22878 22
22878 23
22878 24
22878 25
22878 27
22878 29
22878 30
22878 31
22878 32
22878 33
22878 35
22878 36
22878 37
22878 38
22878 39
22878 40
22878 41
22878 42
22878 43
22878 45
22878 46
22878 47
22878 48
22878 49
22878 50
22878 51
22878 52
22878 53
22878 54
22878 55
22878 56
22878 57
22878 58
22878 59
22878 60
22878 62
22878 63
22878 64
22878 66
22878 67
22878 68
22878 70
22878 71
22878 72
22878 73
22878 74
22878 75
22878 76
22878 77
22878 78
22878 79
22878 80
22878 81
22878 82
22878 83
22878 84
22878 85
22878 87
22878 88
22878 89
22878 90
22878 91
22878 92
22878 94
22878 95
22878 96
22878 97
22878 98
22878 99
22878 100
22878 103
22878 104
22880 0
22880 1
22880 4
22880 5
22880 6
22880 7
22880 8
22880 9
22880 10
22880 11
22880 13
22880 14
22880 15
22880 17
22880 18
22880 19
22880 22
22880 23
22880 24
22880 25
22880 27
22880 28
22880 32
22880 33
22880 34
22880 35
22880 36
22880 37
22880 38
22880 39
22880 41
22880 43
22880 44
22880 45
22880 46
22880 47
22880 48
22880 49
22880 52
22880 53
22880 54
22880 56
22880 57
22880 58
22880 59
22880 60
22880 61
22881 0
22881 1
22881 2
22881 4
22881 7
22881 8
22881 9
22881 10
22881 11
22881 12
22881 13
22881 14
22881 15
22881 16
22882 1
22882 3
22882 4
22882 6
22882 7
22882 8
22882 9
22882 10
22882 12
22882 13
22882 14
22882 15
22882 17
22882 18
22882 22
22882 23
22882 24
22882 25
22882 26
22882 27
22882 29
22882 30
22882 31
22882 32
22882 33
22882 34
22882 35
22882 37
22882 38
22882 39
22882 40
22882 41
22882 42
22882 43
22882 45
22882 46
22882 48
22882 49
22882 51
22882 53
22882 54
22882 55
22882 56
22882 57
22882 58
22882 59
22882 60
22882 61
22882 63
22882 64
22882 65
22882 66
22882 67
22882 70
22882 71
22882 72
22882 73
22882 74
22882 75
22882 76
22882 77
22882 78
22882 79
22882 80
22882 81
22882 82
22882 83
22882 84
22882 85
22882 87
22882 88
22882 90
22882 91
22883 1
22883 2
22883 6
22883 7
22883 8
22883 9
22883 11
22883 12
22883 13
22883 14
22883 16
22883 17
22883 18
22883 19
22883 21
22883 22
22883 23
22883 24
22883 25
22883 26
22883 28
22883 29
22883 30
22883 31
22883 32
22883 33
22883 34
22883 35
22883 36
22883 37
22883 38
22883 39
22883 40
22883 41
22883 43
22883 44
22883 45
22883 47
22883 48
22883 49
22883 51
22883 52
22883 53
22883 54
22883 55
22883 56
22883 57
22883 58
22883 59
22883 60
22883 61
22883 62
22883 63
22885 0
22885 1
22885 2
22885 3
22885 4
22885 5
22885 6
22885 7
22885 8
22885 9
22885 10
22885 13
22885 15
22885 16
22885 17
22885 18
22885 19
22885 22
22885 23
22885 24
22885 25
22885 26
22885 27
22885 28
22885 30
22885 32
22885 33
22885 34
22885 35
22885 36
22885 37
22885 40
22885 41
22885 42
22885 44
22885 45
22885 46
22885 47
22885 48
22885 49
22885 50
22885 51
22885 52
22885 54
22885 55
22885 56
22885 57
22885 58
22885 59
22885 60
22885 61
22885 63
22885 64
22887 0
22887 1
22887 2
22887 3
22887 5
22887 6
22887 7
22887 8
22887 9
22887 10
22887 11
22887 12
22887 13
22887 14
22887 15
22887 60
22887 61
22887 63
22887 64
22887 68
22887 69
22887 70
22887 71
22887 72
22887 73
22887 74
22887 76
22887 77
22887 79
22887 80
22887 81
22887 82
22887 83
22887 84
22887 87
22887 88
22887 89
22887 90
22887 91
22887 92
22887 93
22887 94
22887 95
22887 96
22887 97
22887 98
22887 100
22887 101
22887 102
22887 103
22887 104
22887 105
22887 106
22887 107
22887 108
22887 109
22887 110
22887 111
22887 112
22887 113
22887 115
22887 116
22887 118
22887 120
22887 121
22887 122
22887 123
22887 124
22887 125
22887 126
22887 127
22887 128
22887 129
22887 130
22887 132
22887 133
22887 137
22887 140
22887 141
22887 142
22887 143
22887 145
22887 146
22887 147
22887 148
22887 150
22887 151
22887 152
22887 153
22887 154
22887 158
22887 161
22887 162
22887 163
22887 164
22887 165
22887 166
22887 168
22887 169
22887 170
22887 171
22887 172
22887 173
22887 174
22887 175
22887 176
22887 177
22887 178
22887 179
22887 180
22887 181
22887 182
22887 183
22887 184
22887 185
22887 186
22887 187
22887 188
22887 189
22887 190
22887 191
22887 192
22887 193
22887 194
22887 195
22887 196
22887 197
22887 198
22887 199
22887 200
22887 201
22887 202
22887 203
22887 204
22887 205
22887 206
22887 207
22887 208
22887 209
22887 210
22887 211
22887 212
22887 213
22887 214
22887 215
22887 216
22887 217
22887 218
22887 219
22887 220
22887 221
22887 223
22887 224
22887 225
22887 226
22887 228
22887 230
22887 231
22887 233
22887 236
22887 238
22887 239
22887 242
22887 243
22887 244
22887 245
22887 246
22887 247
22887 248
22887 249
22887 250
22887 251
22887 252
22887 254
22887 255
22887 256
22887 257
22887 258
22887 261
22887 262
22887 264
22887 265
22887 266
22889 0
22889 2
22889 3
22889 4
22889 5
22889 6
22889 7
22889 9
22889 11
22889 12
22889 13
22889 14
22889 15
22889 16
22889 18
22889 19
22889 20
22889 21
22889 22
22889 23
22889 24
22889 25
22889 26
22889 27
22889 28
22889 31
22889 32
22889 33
22889 34
22889 40
22889 41
22889 42
22889 43
22889 44
22889 45
22889 46
22889 47
22889 48
22889 49
22889 50
22889 51
22889 52
22889 53
22889 54
22889 55
22889 56
22889 57
22889 58
22889 59
22889 62
22889 63
22889 65
22889 66
22889 67
22889 68
22889 69
22889 70
22889 71
22889 72
22889 73
22889 74
22889 75
22889 76
22889 77
22889 78
22889 79
22889 80
22889 81
22889 83
22889 84
22889 85
22889 86
22889 87
22889 88
22889 89
22889 91
22889 93
22889 94
22889 95
22889 98
22889 99
22889 100
22889 101
22889 102
22889 104
22889 105
22889 106
22889 107
22889 108
22889 110
22889 111
22889 112
22889 113
22889 114
22889 115
22889 116
22889 117
22889 118
22889 119
22889 120
22889 121
22889 122
22889 123
22889 124
22889 125
22889 126
22889 128
22889 129
22889 130
22889 131
22889 132
22889 133
22889 135
22889 136
22889 137
22889 138
22889 139
22889 141
22889 142
22889 143
22889 144
22889 146
22889 147
22889 148
22889 149
22889 150
22889 152
22889 153
22889 154
22889 156
22889 157
22889 158
22889 159
22889 160
22889 161
22889 162
22889 163
22889 164
22889 165
22889 167
22889 168
22889 169
22889 171
22889 172
22889 174
22889 175
22889 176
22889 177
22889 179
22889 180
22889 181
22889 182
22889 183
22889 184
22889 187
22889 188
22889 189
22889 190
22889 191
22889 193
22889 194
22889 195
22889 196
22889 198
22889 199
22889 200
22889 201
22889 202
22889 203
22889 204
22889 206
22889 208
22889 209
22889 210
22889 211
22889 212
22889 213
22889 215
22889 216
22889 217
22889 218
22889 219
22889 221
22889 222
22889 223
22889 224
22889 226
22889 228
22889 229
22889 230
22889 231
22889 232
22889 234
22889 235
22889 236
22889 238
22889 239
22889 240
22889 241
22889 242
22889 244
22889 245
22889 246
22889 247
22889 248
22889 249
22889 250
22889 251
22889 252
22889 253
22889 255
22889 256
22889 257
22889 258
22889 259
22889 260
22889 261
22889 262
22889 263
22889 265
22889 267
22889 269
22889 270
22889 271
22889 272
22889 273
22889 274
22889 275
22889 276
22889 278
22889 279
22889 280
22889 281
22889 283
22889 284
22889 285
22889 286
22889 287
22889 288
22889 289
22889 290
22889 291
22889 292
22889 293
22889 295
22889 296
22889 297
22889 299
22889 301
22889 302
22889 305
22889 306
22889 307
22889 308
22889 309
22889 310
22889 311
22889 312
22889 313
22889 314
22889 317
22889 319
22889 321
22889 322
22889 323
22889 326
22889 327
22889 328
22889 329
22889 332
22889 333
22889 334
22889 335
22889 336
22890 0
22890 1
22890 2
22890 3
22890 5
22890 6
22890 7
22890 8
22890 9
22890 10
22890 12
22890 13
22890 14
22890 15
22890 16
22890 17
22890 18
22890 19
22890 21
22890 22
22890 24
22890 25
22890 27
22890 28
22890 31
22890 32
22890 33
22890 34
22890 35
22890 36
22890 38
22890 40
22890 41
22890 43
22890 44
22890 45
22890 46
22890 47
22890 49
22890 50
22890 51
22890 52
22890 54
22890 55
22890 56
22890 57
22890 58
22890 60
22890 61
22890 62
22890 66
22890 67
22890 68
22890 69
22890 70
22890 71
22890 72
22890 74
22890 75
22890 76
22890 77
22890 78
22890 79
22890 80
22890 81
22890 83
22890 84
22890 85
22890 86
22890 87
22890 88
22890 89
22890 90
22890 91
22890 92
22890 93
22890 94
22890 96
22890 98
22890 99
22890 100
22890 102
22890 103
22890 105
22890 106
22890 107
22890 108
22890 109
22890 110
22890 111
22890 113
22890 114
22890 117
22890 119
22890 120
22890 122
22890 123
22890 124
22890 125
22890 126
22890 127
22890 128
22890 129
22890 130
22890 132
22890 133
22890 134
22890 135
22890 136
22890 137
22890 138
22890 141
22890 142
22890 143
22890 144
22890 146
22890 150
22890 151
22890 152
22890 153
22890 154
22890 155
22890 156
22890 157
22890 159
22890 160
22890 161
22890 162
22890 163
22890 164
22890 165
22890 166
22890 168
22890 169
22890 170
22890 171
22890 172
22890 173
22890 174
22890 175
22890 176
22890 177
22890 178
22890 179
22890 180
22890 181
22890 182
22890 183
22890 184
22890 185
22890 186
22890 187
22890 188
22890 189
22890 190
22890 192
22890 193
22890 194
22890 195
22890 196
22890 197
22890 199
22890 200
22890 201
22890 202
22890 203
22890 204
22890 205
22890 206
22890 207
22890 208
22890 211
22890 212
22890 213
22890 214
22890 215
22890 217
22890 218
22890 219
22890 220
22890 221
22890 222
22890 223
22890 224
22890 225
22890 226
22890 227
22890 230
22890 231
22890 232
22890 233
22890 234
22890 235
22890 236
22890 237
22891 0
22891 1
22891 2
22891 3
22891 4
22891 5
22891 6
22891 7
22891 9
22891 10
22891 11
22891 12
22891 14
22891 15
22891 16
22891 17
22891 19
22891 20
22891 21
22891 23
22891 24
22891 25
22891 26
22891 28
22891 29
22891 31
22891 32
22891 33
22891 34
22891 35
22891 36
22891 37
22891 38
22891 39
22891 40
22891 41
22891 42
22891 43
22891 44
22891 45
22891 47
22891 48
22891 53
22891 54
22891 55
22891 56
22891 58
22892 1
22892 2
22892 3
22892 4
22892 5
22892 6
22892 7
22892 10
22892 11
22892 12
22892 13
22892 14
22892 15
22892 16
22892 17
22892 18
22892 20
22892 22
22892 23
22892 24
22892 25
22892 26
22892 27
22892 28
22892 29
22892 30
22892 31
22892 32
22892 33
22892 34
22892 35
22892 36
22892 37
22892 38
22892 39
22892 40
22892 41
22892 45
22892 46
22892 47
22892 48
22892 50
22892 52
22892 53
22892 54
22892 55
22892 56
22892 57
22892 58
22892 59
22892 61
22892 62
22892 63
22892 64
22892 65
22892 66
22892 67
22892 69
22892 70
22892 72
22892 74
22892 75
22892 76
22892 77
22892 78
22892 80
22892 81
22892 84
22892 85
22892 87
22892 88
22892 89
22892 92
22892 93
22892 94
22892 96
22892 97
22892 98
22892 100
22892 102
22892 103
22892 104
22892 105
22892 106
22892 107
22892 109
22892 110
22892 112
22892 113
22892 114
22892 115
22892 116
22892 117
22892 118
22892 119
22892 120
22892 122
22892 123
22892 124
22892 125
22892 127
22892 128
22892 129
22892 130
22892 131
22892 132
22892 133
22892 134
22892 135
22892 138
22892 140
22892 141
22892 142
22892 143
22892 144
22892 145
22892 146
22892 147
22892 148
22892 149
22892 150
22892 152
22892 153
22892 154
22892 155
22892 156
22892 157
22892 158
22892 162
22892 163
22892 164
22892 165
22892 168
22892 169
22892 170
22892 171
22892 172
22892 174
22892 175
22892 176
22892 177
22892 178
22892 179
22892 180
22892 181
22892 183
22892 184
22892 186
22892 189
22892 190
22892 191
22892 192
22892 193
22892 194
22892 196
22892 198
22892 199
22892 200
22892 201
22892 203
22892 204
22892 205
22892 207
22892 208
22892 209
22892 210
22892 212
22892 214
22892 216
22892 217
22892 219
22892 220
22892 221
22892 222
22892 223
22892 224
22892 226
22892 228
22892 229
22892 231
22892 232
22892 233
22892 234
22892 235
22892 236
22892 237
22892 238
22892 239
22892 240
22892 241
22892 242
22892 243
22892 244
22892 245
22892 247
22892 248
22892 249
22892 250
22892 251
22892 252
22892 254
22892 255
22892 256
22892 260
22892 261
22892 262
22892 264
22892 265
22892 266
22892 267
22892 270
22892 271
22892 273
22892 274
22892 275
22892 276
22892 277
22892 279
22892 280
22892 281
22892 282
22892 285
22892 286
22892 287
22892 289
22892 290
22892 291
22892 292
22892 293
22892 294
22892 295
22892 296
22892 297
22892 298
22892 300
22892 303
22892 304
22892 305
22892 306
22892 308
22892 309
22892 310
22892 311
22892 313
22892 314
22892 315
22892 316
22892 317
22892 318
22892 319
22892 321
22892 322
22892 323
22892 324
22892 325
22892 327
22892 328
22892 329
22892 330
22892 331
22892 332
22892 334
22892 337
22892 338
22892 339
22892 340
22892 341
22892 342
22892 344
22892 345
22892 346
22892 348
22892 349
22892 350
22892 351
22892 352
22892 354
22892 355
22892 356
22892 357
22892 359
22892 361
22892 362
22892 363
22892 364
22892 365
22892 366
22892 368
22892 369
22892 370
22892 371
22892 372
22892 373
22892 374
22892 376
22892 377
22892 378
22892 379
22892 380
22892 382
22892 383
22892 385
22892 386
22892 388
22892 390
22892 391
22892 392
22892 393
22892 394
22892 396
22892 397
22892 400
22892 401
22892 402
22892 403
22892 404
22892 405
22892 406
22892 407
22892 410
22892 411
22892 412
22892 415
22892 416
22892 417
22892 418
22892 419
22892 420
22892 421
22892 422
22892 424
22892 425
22892 426
22892 427
22892 428
22892 429
22892 430
22892 431
22892 432
22892 433
22892 435
22892 436
22892 437
22892 438
22892 439
22892 440
22892 441
22892 442
22892 443
22892 444
22892 445
22892 446
22892 447
22892 448
22892 449
22892 450
22892 451
22892 452
22893 0
22893 2
22893 3
22893 4
22893 5
22893 6
22893 9
22893 10
22893 11
22893 13
22893 14
22893 16
22893 17
22893 18
22893 19
22893 20
23045 85
23045 86
23045 87
23045 88
23045 90
23047 77
23047 78
23047 80
23047 81
23047 82
23047 83
23047 84
23047 85
23047 86
23047 87
23047 89
23047 90
23047 91
23047 92
23047 93
23047 94
23047 95
23047 96
23047 98
23047 100
23047 101
23047 103
23047 104
23047 105
23047 106
23047 107
23047 108
23047 109
23047 110
23047 111
23047 112
23047 113
23047 114
23047 115
23047 116
23047 117
23047 119
23047 120
23047 122
23047 123
23047 124
23047 126
23047 127
23047 128
23047 129
23047 130
23047 131
23047 132
23047 133
23047 134
23047 135
23047 136
23047 137
23047 138
23047 139
23047 140
23047 141
23047 142
23047 143
23047 146
23047 147
23047 148
23047 150
23047 151
23047 153
23047 155
23047 158
23047 159
23047 161
23047 162
23047 164
23047 165
23047 166
23047 167
23047 168
23047 169
23047 170
23047 171
23047 172
23047 173
23047 174
23047 175
23047 176
23047 178
23047 179
23047 180
23047 181
23047 182
23047 183
23047 184
23047 185
23047 186
23047 187
23047 188
23047 189
23047 190
23047 191
23047 192
23047 193
23047 194
23047 195
23047 196
23047 197
23047 198
23047 199
23047 200
23047 203
23047 204
23047 205
23047 206
23047 207
23047 209
23047 211
23047 212
23047 213
23047 214
23047 215
23047 216
23047 217
23047 218
23047 219
23047 220
23047 221
23047 222
23047 223
23047 226
23047 227
23047 228
23047 229
23047 230
23047 231
23047 232
23047 233
23047 235
23047 236
23047 237
23047 238
23047 239
23047 240
23047 241
23047 244
23047 245
23047 246
23047 247
23047 248
23047 249
23047 250
23047 251
23047 252
23047 253
23047 254
23047 255
23047 257
23047 258
23047 259
23047 260
23047 262
23047 263
23047 264
23047 265
23047 266
23047 267
23049 104
23049 105
23049 106
23049 107
23049 109
23049 110
23049 111
23049 112
23049 113
23049 114
23049 115
23049 116
23049 117
23049 118
23049 121
23049 122
23049 123
23049 124
23049 125
23049 126
23049 127
23049 128
23049 130
23049 132
23049 133
23049 135
23049 136
23049 137
23049 138
23049 139
23049 140
23049 141
23049 142
23049 143
23049 144
23049 145
23049 147
23049 148
23049 149
23049 150
23049 151
23049 152
23049 153
23049 155
23049 156
23049 159
23049 161
23049 162
23049 163
23049 164
23049 165
23049 166
23049 167
23049 168
23049 175
23049 176
23049 177
23049 178
23049 180
23049 181
23049 182
23049 183
23049 184
23049 185
23049 186
23049 187
23049 188
23049 189
23049 190
23049 191
23049 192
23049 193
23049 194
23049 195
23049 196
23049 197
23049 198
23049 199
23049 200
23049 201
23049 202
23049 203
23049 204
23049 205
23049 206
23049 207
23049 208
23049 209
23049 211
23049 212
23049 213
23049 214
23049 215
23049 217
23049 218
23049 220
23049 221
23049 222
23049 225
23049 227
23049 228
23049 229
23049 230
23049 231
23049 232
23049 233
23049 234
23049 235
23049 237
23049 238
23049 239
23050 1
23050 2
23050 3
23050 4
23050 5
23050 6
23050 7
23050 8
23050 10
23050 12
23050 14
23050 15
23050 16
23050 18
23050 19
23050 20
23050 21
23050 22
23050 25
23050 26
23050 27
23050 28
23050 29
23050 30
23050 31
23050 32
23050 33
23050 34
23050 35
23050 36
23050 37
23050 38
23050 39
23050 41
23050 43
23050 44
23050 45
23050 46
23050 47
23050 49
23050 51
23050 52
23050 53
23050 54
23050 55
23050 56
23050 58
23050 59
23050 60
23050 61
23050 62
23050 65
23050 67
23050 68
23050 69
23050 70
23050 71
23050 73
23050 75
23050 76
23050 77
23050 78
23050 79
23050 80
23050 81
23050 82
23050 83
23050 84
23050 85
23050 86
23050 87
23050 88
23050 89
23050 90
23050 91
23050 93
23050 95
23050 96
23050 97
23050 98
23050 99
23050 100
23050 101
23050 102
23050 103
23050 104
23050 105
23050 106
23050 107
23050 108
23050 109
23050 110
23050 111
23050 112
23050 113
23050 114
23050 115
23050 116
23050 117
23050 118
23050 119
23050 120
23050 121
23050 122
23050 123
23050 124
23050 125
23050 126
23050 128
23050 130
23050 131
23050 133
23050 135
23050 136
23050 137
23050 138
23050 139
23050 141
23050 142
23050 145
23050 147
23050 148
23050 149
23050 150
23050 151
23050 152
23050 153
23050 154
23050 155
23050 156
23050 157
23050 158
23050 160
23050 161
23050 162
23050 163
23050 164
23050 165
23050 166
23050 167
23050 169
23050 170
23050 171
23050 172
23050 173
23050 174
23050 176
23050 177
23050 178
23050 179
23050 180
23050 181
23050 183
23050 185
23050 186
23050 187
23050 188
23050 189
23050 190
23050 192
23050 193
23050 194
23051 0
23051 1
23051 2
23051 3
23051 4
23051 5
23051 6
23051 7
23051 8
23051 9
23051 10
23051 11
23051 12
23051 13
23051 14
23051 16
23051 17
23051 18
23051 19
23051 20
23051 22
23051 23
23051 24
23051 25
23051 27
23051 28
23051 29
23052 0
23052 2
23052 4
23052 6
23052 7
23052 8
23052 10
23052 11
23052 12
23052 13
23052 14
23052 15
23052 17
23052 18
23052 19
23052 20
23052 21
23052 22
23052 23
23052 24
23052 26
23052 27
23052 28
23052 33
23052 35
23052 37
23052 38
23052 39
23052 40
23052 41
23052 42
23052 43
23052 44
23052 45
23052 46
23052 48
23052 49
23052 51
23052 53
23052 54
23052 55
23052 57
23052 59
23052 60
23052 61
23052 62
23052 63
23052 64
23052 65
23052 66
23052 67
23052 69
23052 70
23052 71
23052 72
23052 73
23052 74
23052 75
23052 77
23052 78
23052 79
23052 80
23052 82
23053 0
23053 1
23053 2
23053 3
23053 4
23053 5
23053 6
23053 7
23053 9
23053 10
23053 11
23053 12
23053 13
23053 14
23053 15
23053 17
23053 18
23053 19
23053 20
23053 22
23053 23
23053 24
23053 25
23054 1
23054 2
23054 3
23054 4
23054 5
23054 6
23054 7
23054 8
23054 9
23054 10
23054 11
23054 12
23054 13
23054 14
23054 15
23054 16
23054 17
23054 18
23054 19
23054 21
23054 23
23054 24
23054 25
23054 26
23054 27
23054 28
23054 29
23054 32
23054 33
23054 34
23054 37
23054 38
23054 40
23054 44
23054 45
23054 46
23054 47
23054 48
23054 49
23054 51
23054 52
23054 54
23054 55
23054 56
23054 57
23054 58
23054 59
23054 60
23054 61
23054 62
23054 64
23054 65
23054 66
23054 67
23054 68
23054 69
23054 70
23054 71
23054 72
23054 74
23054 77
23054 78
23054 79
23054 80
23054 81
23054 82
23054 83
23054 85
23054 86
23054 87
23054 89
23054 91
23054 92
23054 93
23054 95
23054 96
23054 97
23054 98
23054 99
23054 100
23054 103
23054 104
23054 105
23054 106
23054 107
23054 108
23054 109
23054 111
23054 112
23054 113
23054 115
23054 116
23054 117
23054 118
23054 119
23054 121
23054 122
23054 123
23054 124
23054 125
23054 126
23054 127
23054 128
23054 130
23054 131
23054 132
23054 133
23054 134
23054 136
23054 137
23054 138
23054 139
23054 140
23054 141
23054 142
23054 143
23054 144
23054 145
23054 147
23054 148
23054 149
23054 150
23054 152
23054 153
23054 154
23054 155
23054 156
23054 157
23054 158
23054 159
23054 160
23054 162
23054 163
23054 164
23054 165
23054 167
23054 169
23054 170
23054 171
23054 172
23054 173
23054 176
23054 177
23054 178
23054 179
23054 180
23054 182
23054 183
23054 184
23054 185
23054 186
23054 187
23054 188
23054 189
23054 190
23054 191
23054 192
23054 193
23054 194
23054 195
23054 197
23054 198
23054 199
23054 200
23054 201
23054 202
23054 203
23054 204
23054 205
23054 206
23054 207
23054 208
23054 210
23054 211
23054 213
23054 214
23054 216
23054 217
23054 219
23054 221
23054 223
23054 224
23054 225
23054 227
23054 228
23054 229
23054 230
23054 234
23054 235
23054 236
23054 237
23054 239
23054 240
23054 241
23054 242
23054 243
23054 244
23054 245
23054 246
23054 247
23054 248
23054 249
23054 250
23054 251
23054 253
23054 254
23054 255
23054 256
23054 257
23054 258
23054 259
23054 261
23054 262
23054 263
23054 264
23054 265
23054 266
23054 267
23054 268
23054 269
23054 270
23054 271
23054 272
23054 274
23054 275
23054 276
23054 277
23054 278
23054 280
23054 281
23054 283
23054 285
23054 286
23054 287
23054 288
23054 289
23054 292
23054 293
23054 294
23054 295
23054 296
23054 297
23054 298
23054 299
23054 300
23054 301
23054 303
23054 304
23054 305
23054 306
23054 307
23054 311
23054 313
23054 314
23054 315
23054 317
23054 318
23054 319
23054 320
23054 321
23054 322
23054 323
23054 324
23054 325
23054 326
23054 327
23054 328
23055 0
23055 1
23055 2
23055 3
23055 4
23055 9
23055 10
23055 11
23055 12
23055 13
23055 14
23055 15
23055 16
23055 17
23055 19
23055 20
23055 21
23055 22
23055 23
23055 24
23055 25
23055 27
23055 29
23055 30
23055 31
23055 32
23055 33
23055 34
23055 36
23055 37
23055 38
23055 40
23055 42
23055 43
23055 44
23055 45
23055 48
23055 50
23055 51
23055 52
23055 53
23056 0
23056 1
23056 2
23056 3
23056 4
23056 5
23056 6
23056 9
23056 10
23056 11
23056 12
23056 13
23056 15
23056 16
23056 17
23056 18
23056 19
23056 20
23056 21
23056 22
23056 23
23056 24
23056 25
23056 26
23056 28
23056 30
23056 31
23056 33
23056 35
23056 36
23056 37
23056 38
23056 39
23056 40
23057 0
23057 1
23057 2
23057 3
23057 4
23057 5
23057 6
23057 7
23057 8
23057 10
23057 12
23057 13
23057 14
23057 15
23057 16
23057 17
23057 18
23057 19
23057 20
23057 22
23057 23
23057 24
23057 25
23057 26
23057 28
23057 29
23057 30
23057 31
23057 35
23057 36
23057 39
23057 41
23057 42
23057 44
23057 45
23057 46
23057 47
23057 48
23057 50
23057 51
23057 52
23057 54
23057 55
23057 57
23057 58
23057 59
23057 60
23057 61
23057 62
23057 63
23057 64
23057 65
23057 66
23057 67
23057 69
23057 70
23057 71
23057 72
23058 0
23058 1
23058 3
23058 4
23058 9
23058 10
23058 11
23058 12
23058 13
23058 14
23058 17
23058 18
23058 19
23058 20
23058 21
23058 22
23058 23
23058 24
23058 25
23058 26
23058 27
23058 29
23058 30
23058 31
23058 32
23058 33
23058 34
23058 35
23058 36
23058 37
23058 38
23058 40
23058 41
23058 42
23058 43
23058 44
23058 47
23058 48
23058 49
23058 50
23058 51
23058 52
23058 54
23058 55
23058 56
23058 57
23058 58
23058 59
23058 61
23058 63
23058 64
23058 65
23058 66
23058 67
23058 70
23058 72
23058 73
23058 74
23058 75
23058 76
23058 77
23058 79
23058 80
23058 81
23058 82
23058 84
23058 85
23058 87
23058 88
23058 89
23058 90
23058 92
23058 93
23058 95
23058 106
23058 107
23058 109
23058 110
23058 111
23058 112
23058 113
23058 114
23058 115
23058 116
23058 118
23058 120
23058 121
23058 122
23058 124
23058 125
23058 126
23058 129
23058 130
23058 131
23058 132
23058 133
23058 135
23058 136
23058 138
23058 139
23058 141
23058 142
23058 143
23058 144
23058 145
23058 146
23058 147
23058 148
23058 151
23058 152
23058 153
23058 154
23058 156
23058 157
23058 158
23058 160
23058 161
23058 162
23058 163
23058 164
23058 166
23058 167
23058 168
23058 169
23058 170
23058 172
23058 173
23058 174
23058 175
23058 176
23058 177
23058 178
23058 179
23058 180
23058 181
23058 183
23058 184
23058 186
23058 187
23058 188
23058 191
23058 192
23058 193
23058 195
23058 199
23058 200
23058 202
23058 203
23058 205
23058 206
23058 208
23058 209
23058 210
23058 211
23058 212
23058 213
23058 214
23058 215
23058 216
23058 217
23058 218
23058 219
23058 221
23058 222
23058 223
23058 224
23058 225
23058 226
23058 227
23058 229
23058 230
23058 231
23058 232
23058 233
23058 234
23058 236
23058 237
23058 238
23058 240
23058 242
23058 243
23058 244
23058 245
23058 246
23058 248
23058 249
23058 251
23058 252
23058 254
23058 255
23058 256
23058 258
23058 259
23058 260
23058 261
23058 262
23058 267
23058 268
23058 269
23058 270
23058 271
23058 273
23058 274
23058 275
23058 276
23058 277
23058 279
23058 280
23058 285
23058 286
23058 289
23058 291
23058 292
23058 293
23058 295
23058 296
23058 297
23058 298
23058 299
23058 300
23058 301
23058 303
23058 305
23058 307
23058 308
23058 309
23058 311
23058 312
23058 313
23058 315
23058 316
23058 318
23058 320
23058 321
23058 322
23058 323
23058 324
23058 325
23058 326
23058 328
23058 329
23058 330
23058 331
23058 332
23058 333
23058 334
23058 335
23058 336
23058 337
23058 338
23058 339
23058 340
23058 341
23058 343
23058 344
23058 345
23058 346
23058 347
23058 348
23058 349
23058 350
23058 351
23058 355
23058 356
23058 357
23058 359
23058 360
23058 361
23058 363
23058 365
23058 366
23058 368
23058 370
23058 371
23058 372
23058 375
23058 377
23058 378
23058 379
23058 380
23058 381
23058 382
23058 383
23058 384
23058 385
23058 386
23058 387
23058 388
23058 390
23058 391
23058 392
23058 393
23058 395
23058 396
23058 397
23058 398
23058 400
23058 401
23058 402
23058 404
23058 405
23058 407
23058 408
23058 411
23058 412
23058 413
23058 414
23058 416
23058 417
23058 418
23058 419
23058 420
23058 421
23058 422
23058 423
23058 426
23058 427
23058 429
23058 430
23058 431
23058 432
23058 433
23058 434
23058 435
23058 436
23058 439
23058 440
23058 441
23058 442
23058 443
23058 444
23058 447
23058 448
23058 449
23058 450
23058 451
23058 452
23058 453
23058 454
23058 455
23058 457
23058 458
23058 459
23058 460
23058 461
23058 462
23058 464
23058 465
23058 466
23058 467
23058 469
23058 470
23058 471
23058 472
23058 473
23058 475
23058 477
23058 478
23058 480
23058 481
23058 482
23058 484
23058 486
23058 487
23058 488
23058 489
23058 490
23058 491
23058 492
23058 493
23058 494
23058 495
23058 496
23058 497
23058 498
23058 499
23058 500
23058 501
23058 502
23058 503
23058 504
23058 505
23058 506
23058 507
23058 509
23058 510
23058 512
23058 513
23058 514
23058 515
23058 518
23058 520
23058 521
23058 522
23058 523
23058 525
23058 526
23058 527
23058 528
23058 529
23058 530
23058 531
23058 532
23058 533
23058 534
23060 0
23060 3
23060 4
23060 5
23060 6
23060 7
23060 8
23060 9
23060 11
23060 14
23060 15
23060 17
23060 18
23060 19
23060 21
23060 22
23060 23
23061 1
23061 4
23061 5
23061 6
23061 7
23061 8
23061 9
23061 10
23061 11
23061 12
23061 13
23061 15
23061 17
23061 19
23061 20
23061 21
23061 22
23061 24
23061 25
23061 26
23061 27
23061 28
23061 29
23061 30
23061 31
23061 33
23061 35
23061 36
23061 38
23061 39
23061 40
23061 41
23061 43
23061 44
23061 45
23061 46
23061 47
23061 48
23061 49
23061 51
23061 52
23061 53
23061 54
23061 55
23061 56
23061 57
23061 58
23061 59
23061 60
23061 61
23061 63
23061 64
23061 65
23061 66
23061 68
23061 69
23061 70
23061 71
23061 72
23061 73
23061 74
23061 75
23061 76
23061 77
23061 78
23061 79
23061 80
23061 81
23061 82
23061 83
23061 84
23061 85
23061 87
23061 88
23061 90
23061 91
23061 92
23061 93
23061 94
23061 95
23061 96
23061 97
23061 98
23061 99
23061 102
23061 103
23061 104
23061 106
23061 108
23061 109
23061 110
23061 111
23061 112
23061 113
23061 114
23061 116
23061 117
23061 120
23061 123
23061 124
23061 126
23061 128
23061 129
23061 130
23061 131
23061 132
23061 133
23061 134
23061 136
23061 137
23061 138
23061 139
23061 140
23061 143
23061 144
23061 145
23061 146
23061 147
23061 148
23061 149
23061 150
23061 151
23061 152
23061 153
23061 154
23061 155
23061 156
23061 157
23061 158
23061 163
23061 169
23061 170
23061 172
23061 173
23061 174
23061 175
23061 176
23061 178
23061 179
23061 181
23061 182
23061 183
23061 184
23061 187
23061 188
23061 189
23061 190
23061 191
23061 192
23061 193
23061 194
23061 195
23061 196
23062 0
23062 1
23062 2
23062 3
23062 4
23062 5
23062 6
23062 7
23062 9
23062 10
23062 11
23062 12
23062 13
23062 14
23062 15
23062 16
23062 17
23062 18
23062 20
23062 21
23062 22
23062 23
23062 24
23063 0
23063 1
23063 4
23063 6
23063 7
23063 8
23063 9
23063 10
23063 12
23063 13
23063 15
23063 16
23063 17
23063 18
23063 20
23063 21
23063 23
23063 25
23063 26
23063 27
23063 30
23063 32
23063 33
23063 34
23063 35
23063 36
23063 38
23063 39
23063 41
23063 43
23064 0
23064 1
23064 2
23064 3
23064 4
23064 6
23064 7
23064 8
23064 9
23064 10
23064 12
23064 14
23064 17
23064 18
23064 19
23064 20
23064 21
23064 22
23064 24
23064 25
23064 26
23064 27
23064 28
23064 32
23064 33
23065 0
23065 1
23065 2
23065 3
23065 4
23065 5
23065 6
23065 7
23065 9
23065 10
23065 11
23065 13
23065 14
23065 15
23065 17
23065 18
23065 19
23065 20
23065 21
23065 22
23065 23
23065 24
23065 25
23065 26
23065 27
23065 28
23065 29
23065 30
23065 31
23067 0
23067 1
23067 2
23067 3
23067 4
23067 6
23067 7
23067 8
23067 9
23067 10
23067 11
23067 12
23067 16
23067 17
23067 19
23067 20
23067 21
23067 22
23067 23
23067 26
23067 27
23067 28
23067 29
23067 30
23067 31
23067 32
23067 33
23067 34
23067 35
23067 36
23067 37
23067 38
23067 39
23067 41
23067 42
23067 43
23067 45
23067 46
23067 47
23067 48
23067 49
23067 51
23067 52
23067 53
23067 54
23067 55
23067 56
23067 57
23067 58
23067 59
23067 60
23067 61
23067 63
23067 64
23067 65
23067 66
23067 67
23067 68
23067 69
23067 70
23067 71
23067 72
23067 73
23067 74
23067 75
23067 77
23067 78
23067 79
23067 80
23067 81
23067 82
23067 83
23067 84
23067 85
23067 86
23067 88
23067 89
23067 90
23067 92
23067 93
23067 94
23067 96
23067 97
23067 98
23067 100
23067 101
23067 102
23067 105
23067 106
23067 107
23067 108
23067 111
23067 113
23067 116
23067 117
23067 118
23067 119
23067 120
23067 121
23067 122
23067 123
23067 124
23067 125
23067 126
23067 128
23067 129
23067 130
23067 131
23067 132
23067 133
23067 134
23067 135
23067 136
23067 137
23067 138
23067 139
23067 140
23067 141
23067 142
23067 144
23067 145
23067 146
23067 147
23067 148
23067 150
23067 152
23067 153
23067 154
23067 155
23067 156
23067 157
23067 158
23067 159
23067 160
23067 162
23067 163
23067 164
23067 165
23067 166
23067 167
23067 168
23067 169
23067 170
23067 172
23067 173
23067 174
23067 175
23067 177
23067 178
23067 179
23067 180
23067 181
23067 182
23067 184
23067 185
23067 186
23067 187
23067 188
23067 189
23067 190
23067 191
23067 192
23067 193
23067 194
23067 195
23067 196
23067 197
23067 198
23067 199
23067 200
23067 201
23067 202
23067 206
23067 207
23067 209
23067 210
23067 211
23067 212
23067 213
23067 214
23067 215
23067 216
23067 217
23067 218
23067 219
23067 220
23067 221
23067 222
23067 223
23067 224
23067 225
23067 227
23067 228
23067 230
23067 231
23067 232
23067 233
23067 235
23067 236
23067 238
23067 240
23067 241
23067 242
23067 244
23067 245
23067 246
23067 247
23067 248
23067 251
23067 252
23067 253
23067 255
23067 256
23067 257
23067 258
23067 259
23067 260
23067 262
23067 263
23067 264
23067 266
23067 267
23067 268
23067 269
23067 270
23067 271
23067 272
23067 273
23067 274
23067 275
23067 276
23067 278
23067 279
23067 280
23067 281
23067 283
23067 284
23067 285
23067 286
23067 287
23067 288
23067 289
23067 290
23067 291
23067 292
23067 294
23067 297
23067 298
23067 299
23067 300
23067 301
23067 302
23067 304
23067 305
23067 306
23067 309
23067 310
23067 312
23067 313
23067 314
23067 315
23067 316
23067 317
23067 318
23067 319
23067 321
23068 0
23068 1
23068 3
23068 4
23068 5
23068 6
23068 8
23068 9
23068 10
23068 11
23068 12
23068 14
23068 15
23068 16
23068 18
23068 19
23068 20
23068 21
23068 22
23068 23
23068 24
23068 25
23068 26
23068 27
23068 28
23068 29
23068 30
23068 31
23068 32
23068 34
23068 35
23068 36
23068 38
23068 39
23068 41
23068 43
23068 45
23068 46
23068 48
23068 49
23068 50
23068 51
23068 52
23068 53
23068 54
23068 55
23068 57
23068 59
23068 60
23068 61
23068 62
23068 63
23068 64
23068 65
23068 66
23068 67
23068 68
23068 69
23068 70
23068 71
23068 72
23068 73
23068 74
23068 75
23068 76
23068 77
23068 78
23068 79
23068 80
23068 82
23068 83
23068 84
23068 87
23068 88
23068 89
23068 92
23068 93
23068 94
23068 95
23068 96
23068 97
23068 98
23068 99
23068 100
23068 101
23068 104
23068 106
23068 107
23068 108
23068 109
23068 110
23068 111
23068 112
23068 113
23068 114
23068 115
23068 117
23068 119
23068 120
23068 121
23068 122
23068 123
23068 124
23068 125
23068 127
23068 128
23068 130
23068 132
23068 133
23068 134
23068 135
23068 136
23068 137
23068 138
23068 139
23068 140
23068 141
23068 143
23068 144
23068 145
23068 146
23068 147
23068 148
23068 149
23068 150
23068 151
23068 153
23068 155
23068 156
23068 157
23068 158
23068 159
23068 160
23068 162
23068 163
23068 165
23068 166
23068 168
23068 169
23068 170
23068 171
23068 172
23068 173
23068 174
23068 175
23068 176
23068 177
23068 178
23068 179
23068 180
23068 182
23068 183
23068 184
23068 185
23068 186
23068 187
23068 188
23068 189
23068 190
23068 191
23068 192
23068 193
23068 194
23068 195
23068 196
23068 197
23068 198
23068 199
23068 200
23068 201
23068 202
23068 203
23068 204
23068 205
23068 206
23068 207
23068 209
23068 210
23068 211
23068 212
23068 213
23068 214
23068 215
23068 216
23068 217
23068 219
23068 220
23068 222
23068 223
23068 225
23068 226
23068 227
23068 228
23068 230
23068 231
23068 232
23068 233
23068 234
23068 236
23068 237
23068 238
23068 239
23068 240
23068 241
23068 242
23068 243
23068 244
23068 246
23068 247
23068 248
23068 249
23068 250
23068 251
23068 253
23068 254
23068 255
23068 256
23068 257
23068 258
23068 259
23068 260
23068 262
23068 263
23068 264
23068 265
23068 266
23068 267
23068 268
23068 269
23068 270
23068 271
23068 272
23068 273
23068 274
23068 275
23068 276
23068 277
23068 278
23068 279
23068 280
23068 281
23068 282
23068 284
23068 285
23068 286
23068 287
23068 288
23068 289
23068 290
23068 291
23068 292
23068 293
23068 294
23068 295
23068 296
23068 297
23068 298
23068 299
23068 300
23068 302
23068 304
23068 305
23068 307
23068 309
23068 310
23068 311
23068 312
23068 313
23068 315
23068 316
23068 317
23068 318
23068 319
23068 321
23068 322
23068 323
23068 324
23068 325
23068 326
23068 327
23068 329
23068 330
23068 332
23068 333
23068 334
23068 335
23068 336
23068 339
23068 341
23068 342
23068 343
23068 344
23068 345
23068 346
23068 347
23068 349
23068 351
23068 352
23068 353
23068 354
23068 355
23068 356
23068 357
23068 358
23068 360
23068 361
23068 362
23068 363
23068 364
23068 365
23068 366
23068 367
23068 368
23068 373
23068 374
23068 375
23068 376
23068 379
23068 380
23068 381
23068 382
23068 383
23068 384
23068 385
23068 386
23068 387
23068 388
23068 389
23068 391
23068 392
23068 393
23068 394
23068 395
23068 396
23068 397
23068 398
23068 399
23068 401
23068 403
23068 405
23068 407
23068 408
23068 409
23068 411
23068 412
23068 413
23068 414
23068 415
23068 417
23068 418
23068 420
23068 421
23068 422
23068 423
23068 424
23068 425
23068 426
23068 428
23068 431
23068 434
23068 436
23068 437
23068 438
23068 439
23068 442
23068 444
23068 445
23068 448
23068 450
23068 451
23071 1
23071 2
23071 3
23071 4
23071 5
23071 7
23071 8
23071 9
23071 10
23071 11
23071 12
23071 13
23071 14
23071 15
23071 16
23071 17
23071 18
23071 19
23071 20
23071 21
23071 22
23071 23
23071 24
23071 25
23071 26
23071 27
23071 28
23071 29
23071 30
23071 31
23071 32
23071 33
23071 36
23071 37
23071 38
23071 39
23073 0
23073 1
23073 2
23073 3
23073 4
23073 5
23073 6
23073 7
23073 8
23073 9
23073 10
23073 12
23073 13
23073 16
23073 18
23073 20
23073 21
23073 22
23073 23
23073 24
23074 0
23074 1
23074 5
23074 6
23074 7
23074 8
23074 9
23074 10
23074 11
23074 12
23074 13
23074 14
23074 16
23074 17
23074 18
23074 19
23074 21
23074 23
23074 24
23074 25
23074 26
23074 27
23074 29
23074 30
23074 31
23074 32
23074 33
23074 34
23074 35
23074 36
23074 37
23074 39
23074 41
23074 42
23074 43
23074 44
23074 45
23074 47
23074 48
23074 49
23074 50
23074 51
23074 52
23074 53
23074 54
23074 55
23074 56
23074 57
23074 58
23074 59
23074 60
23074 61
23074 62
23074 63
23074 64
23074 65
23074 66
23074 67
23074 68
23074 69
23074 70
23074 73
23074 74
23074 76
23074 77
23074 78
23074 79
23074 80
23074 84
23074 85
23074 86
23074 87
23074 88
23074 89
23074 90
23074 91
23074 93
23074 94
23074 95
23074 96
23074 97
23074 98
23074 99
23074 101
23074 102
23074 103
23074 104
23074 105
23074 106
23074 107
23074 108
23074 110
23074 112
23074 113
23074 114
23074 115
23074 116
23074 119
23074 121
23074 122
23074 124
23074 126
23074 127
23074 128
23074 129
23074 131
23074 132
23074 133
23074 134
23074 135
23074 137
23074 138
23074 139
23074 140
23074 141
23074 143
23074 145
23074 146
23074 148
23074 151
23074 152
23074 153
23074 154
23074 155
23074 156
23074 157
23074 158
23074 159
23074 160
23074 161
23074 162
23074 163
23074 164
23074 165
23074 166
23074 168
23074 169
23074 170
23074 171
23074 172
23074 173
23074 174
23074 175
23074 176
23074 177
23074 178
23074 179
23074 180
23074 181
23074 182
23074 183
23074 184
23074 185
23074 186
23074 187
23074 188
23074 189
23074 190
23074 191
23074 192
23074 194
23074 195
23074 196
23074 197
23074 199
23074 200
23074 201
23074 203
23074 204
23074 205
23074 206
23074 207
23074 208
23074 209
23074 210
23074 213
23074 214
23074 215
23074 216
23074 217
23074 219
23074 220
23074 221
23074 222
23074 223
23074 225
23074 226
23074 227
23074 228
23074 229
23074 230
23074 231
23074 232
23074 233
23074 234
23074 235
23074 236
23074 237
23074 238
23074 239
23074 240
23074 241
23074 242
23074 243
23074 244
23074 246
23074 247
23074 248
23074 250
23074 251
23074 252
23074 253
23074 255
23074 256
23074 257
23074 258
23074 259
23074 260
23074 261
23074 263
23074 264
23074 265
23074 266
23074 267
23074 269
23074 270
23074 271
23074 272
23074 273
23074 274
23074 276
23074 277
23074 279
23074 280
23074 281
23074 282
23074 283
23074 284
23074 285
23074 286
23074 287
23074 288
23074 289
23074 291
23074 292
23074 293
23074 294
23074 295
23074 297
23074 298
23074 299
23074 301
23074 302
23074 303
23074 304
23074 305
23074 306
23074 308
23075 0
23075 2
23075 4
23075 5
23075 6
23075 7
23075 9
23075 10
23075 11
23075 12
23075 13
23075 14
23075 15
23075 17
23075 18
23075 19
23075 20
23075 21
23075 22
23075 23
23075 24
23075 25
23076 1
23076 3
23076 4
23076 5
23076 6
23076 7
23076 8
23076 9
23076 12
23076 13
23076 14
23076 15
23076 16
23076 17
23076 18
23076 19
23076 20
23076 21
23076 22
23076 24
23076 25
23076 26
23076 27
23076 28
23076 29
23076 30
23076 31
23076 32
23076 33
23076 34
23076 35
23076 37
23076 38
23076 39
23076 40
23076 41
23076 42
23076 43
23076 44
23076 45
23076 47
23076 49
23076 50
23076 51
23076 52
23076 54
23076 55
23076 56
23076 57
23076 58
23076 59
23076 61
23076 62
23076 63
23076 64
23076 65
23076 66
23076 67
23076 69
23076 70
23076 71
23076 72
23076 74
23076 75
23076 76
23076 77
23076 78
23076 79
23076 80
23076 81
23076 82
23076 83
23076 84
23076 87
23076 88
23076 89
23076 92
23076 93
23076 94
23076 95
23076 97
23076 98
23076 99
23076 100
23076 102
23076 103
23076 104
23076 105
23076 109
23076 111
23076 112
23076 113
23076 114
23076 115
23076 116
23076 117
23076 118
23076 119
23076 121
23076 122
23076 124
23076 125
23076 126
23076 127
23076 128
23076 129
23076 130
23076 132
23076 133
23076 134
23076 135
23076 136
23076 137
23076 138
23076 139
23076 140
23076 142
23076 143
23076 145
23076 146
23076 147
23076 148
23076 149
23076 150
23076 151
23076 152
23076 154
23076 155
23076 156
23076 157
23076 158
23076 159
23076 160
23076 162
23077 4
23077 5
23077 7
23077 8
23077 9
23077 10
23077 11
23077 12
23077 13
23077 14
23077 15
23077 16
23077 17
23077 18
23077 19
23077 20
23077 21
23077 22
23077 24
23077 25
23077 26
23077 28
23077 29
23077 30
23077 31
23077 32
23077 33
23077 34
23077 35
23077 36
23077 37
23077 38
23077 39
23077 40
23077 41
23077 42
23077 43
23077 44
23077 45
23077 46
23077 47
23077 48
23077 49
23077 50
23077 51
23077 52
23077 53
23077 54
23077 55
23077 56
23077 57
23077 58
23077 59
23077 61
23077 62
23077 63
23077 64
23077 65
23078 0
23078 1
23078 2
23078 3
23078 4
23078 5
23078 6
23078 7
23078 8
23078 9
23078 10
23078 12
23078 13
23078 15
23078 17
23078 18
23078 19
23078 20
23078 21
23078 22
23078 23
23078 24
23078 25
23078 26
23078 28
23078 33
23078 34
23078 35
23078 36
23078 37
23078 39
23078 40
23078 41
23078 43
23078 46
23078 47
23078 48
23078 49
23078 50
23078 51
23078 52
23078 54
23078 55
23078 57
23078 58
23078 61
23078 62
23078 65
23078 66
23078 67
23078 68
23078 69
23078 72
23078 73
23078 74
23078 75
23078 76
23078 77
23078 78
23078 79
23078 80
23078 81
23078 82
23078 83
23078 85
23078 86
23078 87
23078 88
23078 89
23078 90
23078 91
23078 92
23078 93
23078 94
23078 95
23078 96
23078 98
23078 99
23078 100
23078 102
23078 104
23078 105
23078 106
23078 108
23078 109
23078 110
23078 111
23078 112
23078 113
23078 114
23078 115
23078 116
23078 117
23078 119
23078 120
23078 121
23078 122
23078 123
23078 124
23078 125
23078 126
23078 127
23078 128
23078 129
23078 130
23078 131
23078 132
23078 133
23078 134
23078 135
23078 136
23078 137
23078 138
23078 140
23078 141
23078 142
23078 143
23078 144
23078 145
23078 146
23078 149
23078 150
23078 151
23078 152
23078 154
23078 155
23078 156
23078 158
23078 159
23078 161
23078 162
23078 163
23078 164
23078 165
23078 166
23078 167
23078 168
23078 169
23078 170
23079 0
23079 1
23079 2
23079 4
23079 6
23079 7
23079 11
23079 12
23079 13
23079 14
23079 15
23079 16
23079 18
23079 20
23079 21
23079 23
23079 24
23079 25
23079 26
23079 28
23079 30
23079 31
23079 32
23079 33
23079 34
23079 35
23079 36
23079 37
23079 38
23079 39
23079 40
23079 41
23079 43
23079 44
23079 45
23079 46
23079 47
23079 49
23079 51
23079 52
23079 53
23079 54
23079 55
23079 56
23079 57
23079 58
23079 59
23079 60
23079 61
23079 62
23079 63
23079 65
23079 66
23079 67
23079 68
23079 69
23079 71
23079 72
23079 73
23079 74
23079 75
23079 76
23079 77
23079 78
23079 80
23079 81
23079 82
23079 83
23079 84
23079 85
23079 86
23079 87
23079 88
23079 89
23079 90
23079 92
23079 93
23079 94
23079 95
23079 96
23079 97
23079 98
23079 99
23079 100
23079 101
23079 102
23079 103
23079 104
23079 105
23079 107
23079 108
23079 109
23079 110
23079 111
23079 112
23079 113
23079 114
23079 116
23079 117
23079 119
23079 121
23079 122
23079 123
23079 124
23079 125
23079 126
23079 127
23079 128
23079 129
23079 130
23079 131
23079 132
23079 133
23079 134
23079 135
23079 136
23079 137
23079 138
23079 139
23079 140
23079 142
23079 143
23079 145
23079 146
23079 147
23079 148
23079 149
23079 150
23079 152
23079 153
23079 154
23079 155
23079 156
23079 157
23079 158
23079 159
23079 160
23079 162
23079 163
23079 165
23079 166
23079 167
23079 168
23079 169
23079 170
23079 172
23079 174
23079 175
23079 176
23079 177
23079 179
23079 181
23079 182
23079 184
23079 185
23079 186
23079 187
23079 188
23079 189
23079 190
23079 191
23079 193
23079 194
23079 195
23079 197
23079 198
23079 199
23079 200
23079 201
23079 202
23079 205
23079 206
23079 207
23079 208
23079 209
23079 210
23079 211
23079 212
23079 214
23079 215
23079 216
23079 218
23079 220
23079 222
23079 223
23079 224
23079 225
23079 226
23079 230
23079 231
23079 233
23079 234
23079 235
23079 236
23079 237
23079 238
23079 241
23079 242
23079 245
23079 246
23079 247
23079 248
23079 249
23079 250
23079 251
23079 253
23079 255
23079 256
23079 258
23079 259
23079 260
23079 261
23079 263
23079 265
23079 266
23079 267
23079 269
23079 270
23079 271
23079 272
23079 275
23079 276
23079 277
23079 278
23079 279
23079 282
23079 283
23079 284
23079 285
23079 286
23079 287
23079 289
23079 290
23079 291
23079 292
23079 293
23079 294
23079 295
23079 296
23079 297
23079 298
23079 300
23079 301
23079 302
23079 303
23079 304
23079 305
23079 306
23079 307
23079 309
23079 310
23079 311
23079 313
23079 314
23079 315
23079 316
23079 317
23079 319
23079 321
23079 322
23079 324
23080 0
23080 2
23080 3
23080 4
23080 5
23080 6
23080 7
23080 8
23083 9
23083 10
23083 11
23083 12
23083 13
23083 14
23083 73
23083 75
23083 76
23083 77
23083 78
23083 79
23083 80
23083 81
23083 82
23083 83
23083 84
23083 85
23083 86
23083 87
23083 88
23083 90
23083 91
23083 92
23083 93
23083 96
23083 99
23083 101
23083 102
23083 103
23083 104
23083 105
23083 106
23083 107
23083 108
23083 109
23083 110
23083 111
23083 112
23083 113
23083 114
23083 115
23083 116
23083 117
23083 120
23083 121
23083 122
23083 123
23083 124
23083 125
23083 126
23083 128
23083 129
23083 130
23083 131
23083 132
23083 133
23083 134
23083 135
23083 136
23083 138
23083 139
23083 140
23083 141
23083 143
23083 144
23083 145
23083 146
23083 147
23083 148
23083 149
23083 150
23083 151
23083 152
23083 153
23083 154
23083 156
23083 157
23083 159
23083 160
23083 162
23083 163
23083 164
23083 168
23083 169
23083 170
23083 172
23083 173
23083 174
23083 175
23083 176
23083 177
23083 178
23083 179
23083 180
23083 181
23083 183
23083 184
23083 185
23083 188
23084 1
23084 2
23084 3
23084 4
23084 5
23084 6
23084 7
23084 8
23084 9
23084 10
23084 11
23084 12
23084 13
23084 14
23084 15
23084 16
23084 17
23084 18
23084 19
23084 20
23084 21
23084 22
23084 23
23084 24
23084 25
23084 26
23084 27
23084 28
23084 29
23084 30
23084 31
23084 32
23085 0
23085 2
23085 5
23085 6
23085 7
23085 8
23085 9
23085 10
23085 11
23085 12
23085 13
23085 14
23085 15
23085 16
23085 17
23085 19
23085 20
23085 24
23085 25
23085 26
23085 27
23086 0
23086 1
23086 3
23086 4
23086 6
23086 7
23086 10
23086 11
23086 14
23086 15
23086 16
23086 17
23086 18
23086 19
23086 20
23086 22
23086 24
23086 25
23086 26
23086 27
23086 28
23086 29
23086 30
23086 31
23086 33
23086 35
23086 37
23086 38
23086 39
23086 40
23086 41
23086 42
23086 43
23086 44
23086 45
23086 46
23086 47
23086 64
23086 65
23086 66
23086 67
23086 69
23086 70
23086 71
23086 72
23086 73
23086 75
23086 76
23086 77
23086 78
23087 0
23087 1
23087 3
23087 5
23087 6
23087 8
23087 9
23087 10
23087 11
23087 12
23087 13
23087 14
23087 15
23087 16
23087 17
23087 18
23087 19
23087 20
23087 21
23087 22
23087 24
23087 25
23087 26
23087 27
23087 28
23087 29
23087 30
23087 32
23087 33
23087 35
23087 36
23087 38
23087 39
23087 40
23087 41
23087 42
23087 43
23087 44
23087 45
23087 46
23087 47
23087 48
23087 49
23087 50
23087 51
23087 53
23087 54
23087 55
23087 56
23087 57
23087 58
23087 60
23087 61
23087 62
23087 63
23087 64
23087 65
23087 67
23087 68
23087 71
23087 73
23087 76
23087 77
23087 78
23087 79
23087 80
23087 81
23087 82
23087 83
23087 84
23087 85
23087 87
23087 88
23087 89
23087 90
23087 91
23087 92
23087 93
23087 94
23087 95
23087 97
23087 100
23087 102
23087 103
23087 104
23087 108
23087 109
23087 111
23087 113
23087 115
23087 116
23087 117
23087 119
23087 121
23087 123
23087 124
23087 125
23087 126
23087 128
23087 130
23087 132
23087 133
23087 134
23087 135
23087 136
23087 137
23087 138
23087 139
23087 140
23087 141
23087 143
23087 144
23087 145
23087 147
23087 148
23087 149
23087 150
23087 151
23087 152
23087 153
23087 154
23087 155
23087 156
23087 157
23087 158
23087 159
23087 160
23087 161
23087 162
23087 163
23087 164
23087 165
23087 166
23087 168
23087 169
23087 170
23087 172
23087 173
23087 175
23087 176
23087 177
23087 178
23087 179
23087 180
23087 181
23087 182
23087 183
23087 185
23087 186
23087 189
23087 190
23087 191
23087 192
23087 193
23087 194
23087 196
23087 197
23087 200
23087 201
23087 202
23087 203
23087 204
23087 205
23087 206
23087 207
23087 208
23087 209
23087 210
23087 211
23087 213
23087 215
23087 216
23087 219
23087 220
23087 221
23087 222
23087 223
23087 224
23087 225
23087 227
23087 228
23087 229
23087 230
23087 232
23087 233
23087 234
23087 235
23087 236
23087 237
23087 238
23087 239
23087 240
23087 241
23087 242
23087 243
23087 244
23087 245
23087 248
23087 249
23087 251
23087 252
23087 253
23087 254
23087 255
23088 0
23088 1
23088 2
23088 3
23088 4
23088 6
23088 8
23088 9
23088 10
23088 11
23088 12
23088 13
23088 18
23088 19
23088 20
23088 21
23088 22
23088 23
23088 24
23088 25
23088 26
23088 27
23088 28
23088 29
23088 30
23088 31
23088 32
23088 34
23088 35
23088 36
23088 37
23088 38
23088 39
23088 40
23088 41
23088 42
23088 43
23088 44
23088 45
23088 47
23088 48
23088 49
23088 51
23088 52
23088 53
23088 54
23088 55
23088 56
23088 64
23088 65
23088 66
23088 68
23088 69
23088 70
23088 71
23088 72
23088 74
23088 76
23088 77
23088 78
23088 79
23088 80
23088 82
23088 83
23088 84
23088 85
23088 87
23088 88
23088 89
23088 90
23088 91
23088 92
23088 93
23088 94
23088 96
23088 98
23088 99
23088 100
23088 101
23088 102
23088 106
23088 107
23088 108
23088 109
23088 110
23088 111
23088 112
23088 113
23088 114
23088 115
23088 116
23089 0
23089 1
23089 2
23089 3
23089 4
23089 5
23089 6
23089 7
23089 9
23089 10
23089 11
23089 12
23089 13
23091 0
23091 1
23091 2
23091 3
23091 4
23091 5
23091 6
23091 7
23091 8
23091 9
23091 10
23091 11
23091 13
23091 15
23091 17
23091 18
23091 19
23091 20
23091 21
23091 22
23091 23
23091 24
23091 25
23091 27
23091 28
23091 30
23091 31
23091 32
23091 33
23091 34
23091 35
23091 36
23091 37
23091 38
23091 40
23091 41
23091 43
23091 83
23091 84
23091 85
23091 86
23091 89
23091 91
23091 92
23091 93
23091 95
23091 96
23091 97
23091 98
23091 99
23091 100
23091 101
23091 102
23091 103
23091 104
23091 105
23091 106
23091 107
23091 108
23091 109
23091 110
23091 111
23091 112
23091 113
23091 114
23091 115
23091 117
23091 118
23091 119
23091 120
23091 121
23091 122
23091 123
23091 125
23091 126
23091 127
23091 128
23091 129
23091 130
23091 131
23091 132
23091 133
23091 134
23091 135
23091 136
23091 137
23091 138
23091 139
23091 140
23091 141
23091 142
23091 143
23091 144
23091 145
23091 146
23091 147
23091 148
23091 149
23091 150
23091 151
23091 152
23091 153
23091 154
23091 155
23091 157
23091 159
23091 160
23091 162
23091 178
23091 181
23091 186
23091 187
23091 189
23091 190
23091 191
23092 67
23092 68
23092 69
23092 70
23092 71
23092 72
23092 73
23092 74
23092 75
23092 76
23092 77
23092 78
23092 79
23092 80
23092 82
23092 83
23092 84
23092 85
23092 86
23092 88
23092 89
23092 90
23092 91
23092 92
23092 93
23092 94
23092 95
23092 96
23092 97
23092 98
23092 101
23092 102
23092 103
23092 104
23092 105
23092 106
23092 108
23092 109
23092 110
23092 111
23092 112
23093 0
23093 2
23093 3
23093 4
23093 5
23093 6
23093 7
23093 8
23093 9
23093 10
23093 12
23093 13
23093 14
23093 16
23093 17
23093 19
23093 20
23093 21
23093 24
23093 25
23093 26
23093 27
23093 29
23093 30
23093 31
23093 32
23093 33
23093 34
23093 35
23093 37
23093 38
23093 39
23093 41
23093 42
23093 43
23093 44
23093 45
23093 46
23093 47
23093 49
23093 51
23093 52
23093 53
23093 54
23093 55
23093 56
23093 57
23093 58
23093 59
23093 60
23093 61
23093 62
23093 63
23093 64
23093 65
23093 66
23093 67
23093 68
23093 70
23093 71
23093 72
23093 73
23093 74
23093 75
23093 76
23093 77
23093 78
23093 79
23093 80
23093 82
23093 83
23093 84
23093 85
23093 86
23093 87
23093 88
23093 89
23093 91
23093 92
23093 93
23093 94
23093 95
23093 98
23093 99
23093 101
23093 103
23093 105
23093 106
23093 108
23093 109
23093 110
23093 111
23093 112
23093 114
23093 116
23093 117
23093 118
23093 119
23093 120
23093 121
23093 123
23093 124
23093 125
23093 126
23093 127
23093 128
23093 129
23093 131
23093 132
23093 133
23093 134
23093 138
23093 139
23093 140
23093 141
23093 142
23093 143
23093 144
23094 0
23094 1
23094 3
23094 4
23094 5
23094 7
23094 8
23094 9
23094 11
23094 12
23094 13
23094 16
23094 17
23094 18
23094 19
23094 20
23094 21
23094 22
23094 24
23094 27
23094 28
23094 29
23094 30
23094 31
23094 33
23094 35
23094 36
23094 37
23094 39
23094 40
23094 41
23094 43
23094 44
23094 45
23094 46
23094 47
23094 48
23094 49
23094 50
23094 51
23094 52
23094 53
23094 54
23094 55
23094 56
23094 57
23094 59
23094 60
23094 62
23094 64
23094 66
23094 67
23094 68
23094 71
23094 72
23094 74
23094 75
23094 76
23094 78
23094 79
23094 80
23094 81
23094 82
23094 83
23094 85
23094 86
23094 87
23094 88
23094 89
23094 90
23094 91
23094 92
23094 93
23094 94
23094 95
23094 96
23094 97
23094 98
23094 99
23094 100
23094 101
23094 102
23094 104
23094 106
23094 107
23094 109
23094 110
23094 111
23094 112
23094 114
23094 115
23094 116
23094 117
23094 118
23094 120
23094 121
23094 122
23094 124
23094 125
23094 126
23094 127
23095 0
23095 1
23095 3
23095 4
23095 5
23095 6
23095 7
23095 8
23095 9
23095 10
23095 11
23095 12
23095 13
23095 14
23095 15
23095 16
23095 17
23095 18
23095 19
23095 20
23095 21
23095 22
23095 23
23095 24
23095 25
23095 26
23095 27
23095 31
23095 32
23095 33
23095 34
23095 36
23095 37
23095 38
23095 39
23095 40
23095 41
23095 42
23095 45
23095 46
23095 47
23095 48
23095 49
23095 50
23095 51
23095 54
23095 55
23095 57
23095 59
23095 60
23095 64
23095 65
23095 66
23095 67
23095 68
23095 69
23095 70
23095 71
23095 72
23095 73
23095 74
23095 75
23095 76
23095 77
23095 78
23095 79
23095 80
23095 81
23095 82
23095 84
23095 85
23095 86
23095 87
23095 88
23095 90
23095 91
23095 92
23095 93
23095 94
23095 95
23095 96
23095 98
23095 99
23095 101
23095 102
23095 103
23095 104
23095 105
23095 107
23095 108
23095 109
23095 110
23095 111
23095 112
23095 113
23095 114
23095 115
23095 117
23095 118
23095 119
23095 120
23095 121
23095 122
23095 123
23095 124
23095 125
23095 126
23095 127
23095 128
23095 129
23095 130
23095 131
23095 132
23095 133
23095 134
23095 135
23095 137
23095 138
23095 139
23095 140
23095 141
23095 142
23095 143
23095 144
23095 145
23095 146
23095 147
23095 148
23095 149
23095 150
23095 152
23095 153
23095 154
23095 155
23095 157
23095 158
23095 159
23095 160
23095 161
23095 163
23095 164
23095 165
23095 166
23095 167
23095 168
23095 169
23095 172
23095 173
23095 174
23095 175
23095 176
23095 177
23095 178
23095 179
23095 180
23095 182
23095 183
23095 184
23095 185
23095 186
23095 187
23095 188
23095 190
23095 191
23095 193
23095 194
23095 195
23095 196
23095 197
23095 198
23095 199
23095 200
23095 201
23095 202
23095 203
23095 204
23095 205
23095 206
23095 207
23095 209
23095 210
23095 211
23095 212
23095 213
23095 214
23095 216
23095 217
23095 218
23095 219
23095 220
23095 221
23095 222
23095 223
23095 225
23095 226
23095 227
23096 0
23096 1
23096 3
23096 4
23096 5
23096 6
23096 7
23096 8
23096 9
23096 10
23096 11
23096 12
23096 13
23096 14
23096 16
23096 17
23096 18
23096 20
23096 21
23096 22
23096 23
23096 24
23096 25
23096 26
23096 27
23096 28
23096 29
23096 31
23096 32
23096 33
23096 35
23096 36
23096 37
23096 39
23096 40
23096 42
23096 43
23096 44
23096 47
23096 48
23096 49
23096 50
23096 52
23096 53
23096 54
23096 56
23096 57
23096 58
23096 59
23096 60
23096 61
23096 62
23096 63
23096 64
23096 65
23096 66
23096 67
23096 68
23096 69
23096 70
23096 71
23096 73
23096 74
23096 75
23096 76
23096 77
23096 78
23096 79
23096 82
23096 83
23096 84
23096 85
23096 86
23096 87
23096 89
23096 91
23096 92
23096 94
23096 96
23096 97
23096 98
23096 99
23096 101
23096 103
23096 106
23096 107
23096 108
23096 109
23096 110
23096 111
23096 112
23096 113
23096 114
23096 115
23096 116
23096 117
23096 118
23096 119
23096 122
23096 125
23096 126
23096 127
23096 128
23096 130
23096 131
23096 132
23096 138
23096 139
23096 141
23096 142
23096 144
23096 145
23096 146
23096 147
23096 149
23096 150
23096 151
23096 152
23096 153
23096 154
23096 155
23096 156
23096 157
23096 158
23096 159
23096 160
23096 161
23096 162
23096 163
23096 164
23096 165
23096 166
23096 167
23096 171
23096 172
23096 173
23096 174
23096 175
23096 176
23096 178
23096 179
23096 180
23096 181
23096 182
23096 183
23096 185
23096 186
23096 187
23096 188
23096 189
23096 190
23096 191
23096 192
23096 193
23096 194
23096 195
23096 196
23096 197
23096 198
23096 199
23096 200
23096 201
23096 202
23096 203
23096 204
23096 205
23096 206
23096 207
23096 208
23096 209
23096 210
23096 211
23096 212
23096 213
23096 214
23096 215
23096 216
23096 217
23096 218
23096 219
23096 220
23096 221
23096 222
23096 223
23096 224
23096 226
23096 227
23096 228
23096 229
23096 230
23096 231
23096 232
23096 233
23096 235
23096 236
23096 237
23096 238
23096 239
23096 240
23096 242
23096 243
23096 244
23096 245
23096 246
23096 247
23096 249
23096 250
23096 251
23096 252
23096 253
23096 254
23096 255
23096 256
23096 257
23096 258
23096 259
23096 260
23096 261
23096 262
23096 263
23096 264
23096 265
23096 266
23096 267
23096 268
23096 269
23096 270
23096 271
23096 272
23096 273
23096 275
23096 276
23096 278
23096 279
23096 280
23096 281
23096 282
23096 283
23096 284
23096 285
23096 286
23096 287
23096 288
23096 289
23096 290
23096 291
23096 292
23096 294
23097 0
23097 1
23097 3
23097 4
23097 5
23097 6
23097 7
23097 8
23097 10
23097 11
23097 12
23097 13
23097 14
23097 15
23097 16
23097 17
23097 18
23097 19
23097 21
23097 22
23097 23
23097 24
23097 25
23097 26
23097 28
23097 30
23097 31
23097 32
23097 33
23097 34
23097 35
23097 37
23097 38
23097 39
23097 40
23097 41
23097 42
23097 43
23097 44
23097 45
23098 0
23098 1
23098 2
23098 3
23098 4
23098 5
23098 6
23098 7
23098 8
23098 9
23098 10
23098 11
23098 12
23098 13
23098 16
23098 17
23098 18
23098 19
23098 20
23098 21
23098 22
23098 23
23098 24
23098 25
23098 26
23098 27
23098 28
23098 29
23098 32
23098 35
23098 36
23098 37
23098 41
23098 42
23098 43
23098 46
23098 47
23098 48
23098 49
23098 50
23098 51
23098 52
23098 54
23098 55
23098 56
23098 57
23098 58
23098 59
23098 60
23098 61
23098 62
23098 63
23098 64
23098 66
23098 69
23098 71
23098 73
23098 74
23098 75
23098 76
23098 77
23098 78
23098 79
23098 80
23098 81
23098 83
23098 84
23098 85
23098 86
23098 87
23098 88
23098 90
23098 91
23098 92
23098 93
23098 95
23098 96
23098 97
23098 98
23098 99
23098 100
23098 101
23099 0
23099 1
23099 3
23099 4
23099 6
23099 7
23099 8
23099 9
23099 10
23099 11
23099 13
23099 14
23099 15
23099 18
23099 19
23099 20
23099 21
23099 22
23099 23
23099 24
23099 26
23099 27
23099 28
23099 29
23099 31
23099 32
23099 33
23099 34
23099 36
23099 37
23099 38
23099 39
23099 40
23099 42
23099 43
23099 44
23099 45
23099 46
23099 47
23099 48
23099 49
23099 51
23099 54
23099 55
23099 57
23099 58
23099 60
23099 61
23099 62
23099 63
23099 64
23099 65
23099 66
23099 67
23099 68
23099 69
23099 70
23099 71
23099 72
23099 73
23099 74
23099 76
23099 77
23099 78
23099 79
23099 80
23099 83
23099 84
23099 85
23099 87
23099 88
23099 89
23099 90
23099 91
23099 93
23099 94
23099 95
23099 97
23099 98
23099 100
23099 101
23099 102
23099 103
23099 104
23099 105
23099 106
23099 108
23099 109
23099 110
23099 112
23099 113
23099 116
23099 117
23099 119
23099 120
23099 123
23099 124
23099 125
23099 126
23099 127
23099 128
23099 129
23099 130
23099 131
23099 134
23099 135
23099 136
23099 137
23099 138
23099 139
23099 142
23099 143
23099 144
23099 145
23099 146
23099 147
23099 148
23099 149
23099 151
23099 152
23099 153
23099 155
23099 156
23099 157
23099 159
23099 160
23099 161
23100 0
23100 1
23100 2
23100 3
23100 5
23100 6
23100 7
23100 8
23100 9
23100 10
23100 12
23100 13
23100 14
23100 15
23100 16
23100 19
23100 20
23100 22
23100 23
23100 24
23100 25
23100 26
23100 27
23100 28
23100 29
23100 31
23100 32
23100 33
23100 34
23100 35
23100 36
23100 37
23100 39
23100 40
23100 42
23100 44
23100 45
23100 46
23100 47
23100 49
23100 50
23100 51
23100 52
23100 53
23100 54
23100 56
23100 57
23100 59
23100 60
23100 61
23100 62
23100 63
23100 64
23100 65
23100 68
23100 69
23100 70
23100 71
23100 72
23100 74
23100 76
23100 77
23100 78
23100 79
23100 80
23100 81
23100 82
23100 83
23100 84
23100 85
23100 86
23100 87
23100 88
23100 90
23100 91
23100 92
23100 94
23100 95
23100 97
23100 98
23100 99
23100 100
23100 101
23100 102
23100 103
23100 104
23100 105
23100 106
23100 108
23100 109
23100 110
23100 111
23100 112
23100 113
23100 114
23100 115
23100 116
23100 117
23100 118
23100 119
23100 120
23100 122
23100 123
23100 125
23100 126
23100 127
23100 128
23100 129
23100 130
23100 132
23100 134
23100 137
23100 138
23100 139
23100 141
23100 142
23100 143
23100 144
23100 145
23100 146
23100 147
23100 149
23100 150
23100 152
23100 153
23100 154
23100 155
23100 156
23100 158
23100 159
23100 160
23100 161
23100 162
23100 163
23100 164
23100 165
23100 166
23100 168
23100 169
23100 170
23100 171
23100 172
23100 174
23100 175
23100 176
23100 177
23100 178
23100 179
23100 180
23100 181
23100 182
23100 184
23100 185
23100 186
23100 187
23100 188
23100 189
23100 190
23100 192
23100 194
23100 196
23100 197
23100 198
23100 199
23100 200
23100 201
23100 203
23100 204
23100 205
23100 206
23100 207
23100 208
23100 209
23100 210
23100 212
23100 213
23100 214
23100 215
23100 219
23100 220
23100 221
23100 222
23100 223
23100 225
23100 228
23100 229
23100 230
23100 231
23100 232
23100 233
23100 234
23100 235
23100 237
23100 256
23100 259
23100 260
23100 261
23100 263
23100 264
23100 265
23100 266
23100 268
23100 269
23100 270
23100 271
23100 272
23100 273
23100 276
23100 277
23100 278
23100 280
23100 281
23100 282
23100 285
23100 286
23100 288
23100 289
23100 290
23100 291
23100 293
23100 294
23100 295
23100 297
23100 298
23100 299
23100 301
23100 302
23100 304
23100 305
23100 306
23100 307
23100 308
23100 309
23100 310
23100 311
23100 312
23100 313
23100 314
23100 315
23100 316
23100 317
23100 318
23100 319
23100 320
23100 322
23100 323
23100 325
23100 326
23100 327
23100 329
23100 330
23100 331
23100 332
23100 333
23100 334
23100 335
23100 336
23100 337
23100 338
23100 339
23100 341
23100 342
23100 343
23100 344
23100 345
23100 346
23100 347
23100 348
23100 349
23100 350
23100 352
23100 353
23100 354
23100 355
23100 356
23100 357
23100 358
23100 359
23100 360
23100 362
23100 364
23100 365
23100 366
23100 367
23100 369
23100 370
23100 371
23100 372
23100 373
23100 374
23100 375
23100 376
23100 378
23100 379
23100 380
23100 381
23100 382
23100 383
23100 384
23100 385
23100 386
23100 388
23100 389
23100 390
23100 391
23100 392
23100 393
23100 394
23100 395
23100 396
23100 399
23100 400
23100 401
23100 402
23100 403
23100 404
23100 405
23100 406
23100 407
23100 408
23100 409
23100 411
23100 413
23100 414
23100 416
23100 417
23100 418
23100 419
23100 420
23100 423
23100 424
23100 426
23100 427
23100 428
23100 429
23100 430
23100 432
23100 433
23100 434
23100 435
23100 436
23100 437
23100 438
23100 439
23100 440
23100 441
23100 442
23100 443
23100 444
23100 446
23100 448
23100 449
23100 451
23100 452
23100 453
23100 454
23100 455
23100 457
23100 459
23100 460
23100 461
23100 462
23100 463
23100 464
23100 466
23100 468
23100 469
23100 470
23100 471
23100 473
23100 474
23100 475
23100 476
23100 478
23100 479
23100 480
23100 481
23100 483
23100 485
23100 487
23100 488
23100 489
23100 490
23100 491
23100 493
23100 494
23100 495
23100 496
23100 497
23100 498
23100 500
23100 501
23100 502
23100 503
23100 505
23100 507
23100 508
23100 510
23100 511
23100 512
23100 513
23100 514
23100 515
23100 516
23100 517
23100 518
23100 519
23100 520
23100 521
23100 523
23100 524
23100 526
23100 527
23100 528
23100 529
23100 530
23100 531
23100 532
23100 533
23100 534
23100 535
23101 0
23101 1
23101 2
23101 3
23101 4
23101 5
23101 6
23101 7
23101 8
23101 9
23101 10
23101 11
23101 12
23101 15
23101 16
23101 18
23101 19
23101 20
23101 23
23101 26
23101 28
23101 29
23101 31
23101 32
23101 33
23101 35
23101 36
23101 37
23101 38
23101 39
23101 40
23101 41
23101 42
23101 43
23101 44
23101 46
23101 47
23101 48
23101 49
23101 50
23101 51
23101 52
23101 53
23101 54
23102 0
23102 1
23102 2
23102 3
23102 4
23102 6
23102 7
23102 8
23102 9
23102 10
23102 15
23102 16
23102 17
23102 18
23102 20
23102 22
23102 25
23102 26
23102 28
23102 29
23102 30
23102 31
23102 32
23102 33
23102 34
23102 35
23102 36
23102 37
23102 38
23102 39
23102 40
23102 41
23102 43
23102 44
23102 45
23102 46
23102 47
23102 50
23102 51
23102 52
23102 53
23102 54
23102 55
23102 56
23102 57
23102 58
23102 59
23102 60
23102 61
23102 62
23102 63
23102 64
23102 65
23102 66
23102 68
23102 69
23102 70
23102 71
23102 73
23102 74
23102 75
23102 76
23102 77
23102 79
23102 80
23102 81
23102 82
23102 84
23102 85
23102 86
23102 88
23102 90
23102 91
23102 95
23102 97
23102 99
23102 100
23102 102
23102 103
23102 104
23102 105
23102 106
23102 107
23102 108
23102 112
23102 113
23102 114
23102 115
23102 116
23102 117
23102 118
23102 120
23102 121
23102 122
23102 123
23102 124
23102 125
23102 126
23102 128
23102 130
23102 131
23102 132
23102 133
23102 134
23102 135
23102 136
23102 137
23102 138
23102 139
23102 140
23102 141
23102 142
23102 143
23102 144
23102 145
23102 146
23102 147
23102 148
23102 149
23102 150
23102 151
23102 153
23102 154
23102 155
23102 156
23102 157
23102 160
23102 162
23102 163
23102 164
23102 165
23102 166
23102 167
23102 169
23102 170
23102 171
23102 172
23102 173
23102 174
23102 175
23102 176
23102 177
23102 178
23102 179
23102 181
23102 182
23102 184
23102 185
23102 186
23102 187
23102 188
23102 189
23102 191
23102 192
23102 194
23102 195
23102 196
23102 197
23102 198
23102 199
23102 200
23102 201
23102 202
23102 203
23102 204
23103 0
23103 2
23103 3
23103 4
23103 5
23103 6
23103 8
23103 10
23103 13
23103 14
23103 15
23103 16
23103 17
23103 18
23103 19
23103 20
23103 21
23103 22
23103 24
23103 26
23103 27
23103 28
23103 29
23103 31
23103 32
23103 33
23103 34
23103 35
23103 36
23103 37
23103 38
23103 39
23103 41
23103 42
23103 43
23103 44
23103 47
23103 48
23103 49
23103 52
23103 53
23103 54
23103 55
23103 56
23103 57
23103 58
23103 59
23103 60
23103 62
23103 63
23103 64
23103 65
23103 66
23103 67
23103 69
23103 71
23103 72
23103 73
23103 74
23103 75
23103 76
23103 78
23103 80
23103 81
23103 82
23103 84
23103 85
23103 86
23103 87
23103 88
23103 89
23103 90
23103 91
23103 92
23103 93
23103 94
23103 95
23103 96
23103 97
23103 99
23103 100
23103 102
23103 104
23103 105
23103 106
23103 107
23103 108
23103 109
23103 110
23103 111
23103 112
23103 113
23103 115
23103 116
23103 117
23103 118
23103 119
23103 120
23103 121
23103 122
23103 123
23103 125
23103 126
23103 127
23103 128
23103 129
23103 130
23103 132
23103 133
23103 134
23103 135
23103 136
23103 137
23103 138
23103 139
23103 140
23103 142
23103 144
23103 145
23103 146
23103 149
23103 150
23103 151
23103 152
23103 153
23103 154
23103 155
23103 157
23103 158
23103 159
23103 160
23103 161
23103 162
23103 163
23103 166
23103 167
23103 168
23103 169
23103 170
23103 171
23103 172
23103 173
23103 174
23103 175
23103 176
23103 177
23103 179
23103 180
23103 181
23103 182
23103 183
23103 184
23103 185
23103 186
23103 187
23103 189
23103 190
23103 191
23103 192
23103 194
23103 195
23103 196
23103 197
23103 198
23103 200
23103 201
23103 202
23103 203
23103 204
23103 205
23103 207
23103 208
23103 209
23103 210
23103 211
23103 212
23103 213
23103 214
23103 215
23103 216
23103 217
23103 219
23103 220
23103 221
23103 222
23103 223
23103 224
23103 225
23103 226
23103 227
23103 228
23103 229
23103 230
23103 231
23103 232
23103 234
23103 235
23103 237
23103 238
23103 240
23103 241
23103 242
23103 243
23103 244
23103 246
23103 249
23103 251
23103 252
23103 253
23103 254
23103 255
23103 256
23103 257
23103 258
23103 259
23103 260
23103 261
23103 263
23103 265
23103 266
23103 267
23103 268
23103 269
23103 270
23103 272
23103 273
23103 274
23103 275
23103 276
23103 277
23103 279
23103 280
23103 283
23103 284
23103 285
23103 287
23103 288
23103 289
23103 290
23103 291
23103 293
23103 295
23103 297
23103 298
23103 300
23103 302
23103 303
23103 305
23103 306
23103 307
23103 308
23103 309
23103 310
23103 311
23103 312
23103 313
23103 314
23103 315
23103 316
23103 317
23103 318
23103 319
23103 320
23103 321
23103 324
23103 325
23103 326
23103 327
23103 328
23103 329
23103 330
23103 331
23103 332
23103 333
23103 334
23103 335
23103 337
23103 338
23103 339
23103 341
23103 342
23103 343
23103 344
23103 345
23103 346
23103 347
23103 348
23103 349
23103 350
23103 351
23103 352
23103 353
23103 354
23103 356
23103 357
23103 358
23103 360
23103 361
23103 368
23103 369
23103 374
23103 377
23103 378
23103 379
23103 380
23103 382
23103 383
23103 384
23103 385
23103 386
23103 388
23103 391
23103 392
23103 393
23103 394
23103 396
23103 397
23103 399
23103 400
23103 401
23103 402
23103 403
23103 404
23103 405
23103 406
23103 410
23103 411
23103 412
23103 413
23103 415
23103 417
23103 418
23103 419
23103 420
23103 421
23103 423
23103 424
23103 426
23103 427
23103 430
23103 431
23103 433
23103 434
23103 438
23103 439
23103 441
23103 442
23103 443
23103 444
23103 445
23103 448
23103 449
23103 450
23103 452
23103 453
23103 454
23103 455
23103 456
23103 457
23103 459
23103 460
23103 461
23103 462
23103 463
23103 464
23103 465
23103 467
23103 468
23103 469
23103 470
23103 471
23103 472
23103 473
23103 474
23103 475
23103 476
23103 477
23103 478
23103 479
23103 482
23103 483
23103 484
23103 485
23103 486
23103 487
23103 488
23103 489
23103 490
23103 491
23103 492
23103 493
23103 494
23103 496
23103 497
23103 498
23103 499
23103 500
23103 501
23103 502
23103 503
23103 505
23103 506
23103 507
23103 508
23103 509
23103 510
23103 511
23103 516
23103 517
23103 518
23103 519
23103 520
23103 522
23103 523
23103 524
23103 525
23105 0
23105 1
23105 2
23105 4
23105 5
23105 7
23105 8
23105 9
23105 11
23105 12
23105 13
23105 14
23105 15
23105 16
23105 17
23105 18
23105 19
23105 20
23105 21
23105 22
23105 23
23105 24
23105 25
23105 26
23105 27
23105 28
23105 29
23105 30
23105 31
23105 32
23105 33
23105 34
23105 35
23105 36
23105 37
23105 38
23105 39
23105 40
23105 41
23105 42
23105 43
23105 44
23105 45
23105 46
23105 47
23105 48
23105 49
23105 50
23105 51
23105 52
23105 53
23105 54
23105 56
23105 57
23105 58
23105 59
23105 61
23105 62
23105 63
23105 64
23105 65
23105 66
23105 67
23105 68
23105 70
23105 71
23105 72
23105 73
23105 74
23106 0
23106 1
23106 3
23106 4
23106 5
23106 6
23106 7
23106 8
23106 9
23106 10
23106 11
23106 12
23106 13
23106 15
23106 16
23106 17
23106 18
23106 19
23106 20
23106 21
23106 22
23106 24
23106 25
23106 26
23106 27
23106 28
23106 29
23106 30
23106 31
23106 32
23106 33
23106 34
23106 35
23106 36
23106 37
23106 38
23106 39
23106 40
23107 0
23107 1
23107 2
23107 3
23107 4
23107 5
23107 6
23107 7
23107 8
23107 9
23107 10
23107 11
23107 12
23107 13
23107 14
23107 15
23107 17
23107 19
23107 22
23107 23
23107 24
23107 25
23107 26
23107 27
23107 28
23107 29
23107 30
23107 31
23107 32
23107 35
23107 36
23107 37
23107 39
23107 40
23107 41
23107 42
23107 44
23107 45
23107 46
23107 48
23107 50
23107 51
23107 52
23107 53
23107 54
23107 55
23107 56
23107 58
23107 59
23108 2
23108 3
23108 5
23108 6
23108 7
23108 8
23108 9
23108 10
23108 14
23108 15
23108 16
23108 17
23108 18
23108 19
23108 20
23108 22
23108 23
23108 24
23108 28
23108 29
23108 30
23108 33
23108 34
23108 35
23108 36
23108 37
23108 38
23108 39
23108 40
23108 41
23108 42
23108 43
23108 44
23108 45
23108 46
23108 47
23108 48
23108 50
23108 52
23108 53
23108 55
23108 56
23108 58
23108 60
23108 62
23108 63
23108 64
23108 65
23108 66
23108 67
23108 68
23108 69
23108 71
23108 72
23108 73
23108 74
23108 75
23108 76
23108 78
23108 79
23108 80
23108 82
23108 83
23108 84
23108 85
23108 86
23108 87
23108 88
23108 89
23108 90
23108 92
23108 93
23108 94
23108 96
23108 97
23108 98
23108 100
23108 101
23108 102
23108 103
23108 106
23108 107
23108 108
23108 109
23108 110
23108 111
23108 112
23108 113
23108 114
23108 115
23108 116
23108 117
23108 118
23108 119
23108 120
23108 121
23108 122
23108 123
23108 125
23108 126
23108 128
23108 129
23108 130
23108 131
23108 132
23108 133
23108 134
23108 135
23108 137
23108 138
23108 139
23108 140
23108 141
23108 142
23108 143
23108 144
23108 145
23108 146
23108 148
23108 149
23108 151
23108 152
23108 155
23108 157
23108 158
23108 161
23108 162
23108 163
23108 164
23108 165
23108 168
23108 169
23108 177
23108 178
23108 179
23108 180
23108 181
23108 182
23108 183
23108 185
23108 186
23108 187
23108 188
23108 192
23108 193
23108 196
23108 198
23108 199
23108 200
23108 201
23198 29
23198 43
23198 44
23198 45
23198 46
23198 47
23198 48
23198 49
23198 50
23198 51
23198 52
23198 53
23198 54
23198 55
23198 57
23198 70
23198 76
23198 77
23198 79
23198 80
23198 81
23198 82
23198 83
23198 84
23198 87
23198 88
23198 120
23198 121
23198 122
23198 123
23198 124
23198 125
23198 126
23198 128
23198 129
23198 132
23198 134
23198 135
23198 136
23198 137
23198 140
23198 141
23198 142
23198 143
23198 144
23198 146
23198 147
23198 148
23198 149
23198 150
23198 152
23198 153
23198 154
23198 155
23198 157
23198 158
23198 159
23198 160
23198 161
23198 162
23198 163
23198 164
23198 165
23198 166
23198 167
23198 169
23198 170
23198 197
23198 198
23198 199
23198 200
23198 201
23198 203
23198 204
23198 205
23198 206
23198 208
23198 209
23198 211
23198 212
23198 213
23198 214
23198 216
23198 217
23198 218
23198 219
23198 220
23198 221
23198 222
23198 223
23198 224
23198 225
23198 226
23198 228
23199 20
23199 22
23199 24
23199 26
23199 28
23199 29
23199 31
23199 32
23199 33
23199 34
23199 35
23199 36
23199 37
23199 38
23199 39
23199 40
23199 41
23199 42
23199 43
23199 44
23199 45
23199 46
23199 47
23199 49
23199 50
23199 51
23199 52
23199 53
23199 54
23199 55
23199 56
23199 57
23199 58
23199 59
23199 60
23199 61
23199 63
23199 65
23199 67
23199 68
23199 69
23199 70
23199 71
23199 72
23199 73
23199 74
23199 75
23199 76
23199 77
23199 78
23199 79
23199 80
23199 81
23199 82
23199 83
23199 84
23199 85
23199 87
23199 88
23199 89
23199 90
23199 95
23199 96
23199 98
23199 99
23199 100
23199 101
23199 102
23199 103
23199 111
23199 112
23199 114
23199 115
23199 116
23199 118
23199 120
23199 122
23199 124
23199 126
23199 127
23199 129
23199 130
23199 131
23199 132
23199 133
23199 135
23199 136
23199 137
23199 138
23199 139
23199 140
23199 141
23199 142
23199 143
23199 144
23199 146
23199 147
23199 149
23199 150
23199 152
23199 154
23199 159
23199 161
23199 164
23199 166
23199 167
23199 168
23199 169
23199 170
23199 171
23199 173
23199 174
23199 175
23199 177
23199 178
23199 179
23199 180
23199 181
23199 183
23199 186
23199 187
23199 188
23199 189
23199 190
23199 191
23199 193
23199 194
23199 195
23199 196
23199 197
23199 198
23199 199
23199 200
23199 202
23199 203
23199 205
23199 206
23199 207
23199 208
23199 210
23199 211
23199 212
23199 214
23199 215
23199 220
23199 221
23199 223
23200 13
23200 15
23200 16
23200 17
23200 18
23200 19
23200 20
23200 21
23200 23
23200 24
23200 25
23200 26
23200 27
23200 28
23200 29
23202 1
23202 3
23202 4
23202 5
23202 6
23202 7
23202 8
23202 9
23202 10
23202 11
23202 12
23202 13
23202 14
23202 15
23202 16
23202 17
23202 20
23202 21
23202 24
23202 25
23202 26
23202 27
23202 29
23202 30
23202 31
23202 32
23202 33
23202 34
23202 35
23202 37
23202 38
23202 39
23202 40
23202 41
23202 42
23202 44
23202 45
23202 46
23202 47
23202 48
23202 49
23202 50
23202 51
23202 53
23202 55
23202 56
23202 58
23202 59
23202 60
23202 61
23202 62
23202 63
23202 64
23202 65
23202 66
23202 67
23202 69
23202 70
23202 74
23202 75
23202 77
23202 78
23202 79
23202 82
23202 83
23202 84
23202 86
23202 87
23202 88
23202 89
23202 90
23202 91
23202 92
23202 95
23202 96
23202 97
23202 98
23202 99
23202 100
23202 102
23202 103
23202 104
23202 105
23202 107
23202 108
23202 109
23202 111
23202 112
23202 116
23202 117
23202 118
23202 119
23202 120
23202 121
23202 122
23202 124
23202 125
23202 126
23202 128
23202 129
23202 130
23202 134
23202 135
23202 137
23202 139
23202 140
23202 142
23202 143
23202 145
23202 146
23202 147
23202 148
23202 149
23202 150
23202 152
23202 153
23202 154
23202 155
23202 156
23202 157
23202 159
23202 160
23202 161
23202 163
23202 164
23202 165
23202 166
23202 167
23202 168
23202 169
23202 170
23202 171
23202 172
23202 173
23202 174
23202 176
23202 177
23202 178
23202 179
23202 180
23202 181
23202 182
23202 184
23202 186
23202 187
23202 189
23202 190
23202 191
23202 192
23202 193
23202 194
23202 196
23202 201
23202 202
23202 203
23202 204
23202 205
23202 206
23202 207
23202 208
23202 209
23202 210
23202 211
23202 212
23202 213
23202 214
23202 216
23202 218
23202 219
23202 220
23202 221
23202 222
23202 223
23202 225
23202 226
23202 227
23202 228
23202 229
23202 231
23202 232
23202 233
23202 235
23202 236
23202 237
23202 238
23202 239
23202 240
23202 241
23202 242
23202 243
23202 245
23202 246
23202 247
23202 248
23202 250
23202 251
23202 252
23202 253
23202 254
23202 255
23202 256
23202 257
23202 258
23202 259
23202 260
23202 261
23202 262
23202 263
23202 264
23202 265
23202 267
23202 270
23202 271
23202 272
23202 273
23202 274
23202 276
23202 277
23202 278
23202 279
23202 280
23202 281
23202 282
23202 283
23202 287
23202 288
23202 289
23202 292
23202 293
23202 295
23202 296
23202 297
23202 298
23202 299
23202 301
23202 303
23202 304
23202 305
23202 307
23202 308
23202 309
23202 311
23202 312
23202 313
23202 314
23202 315
23202 316
23202 317
23202 318
23202 319
23202 320
23202 321
23202 323
23202 324
23202 325
23202 326
23202 327
23202 328
23202 329
23202 330
23202 331
23202 332
23202 333
23202 334
23202 335
23202 336
23202 338
23202 339
23202 340
23202 341
23202 342
23202 343
23202 344
23202 345
23202 346
23202 347
23202 348
23202 349
23202 350
23202 351
23202 352
23202 354
23202 355
23202 356
23202 357
23202 358
23202 360
23202 362
23202 363
23202 364
23202 366
23202 367
23202 368
23202 369
23202 371
23202 385
23202 387
23202 388
23202 389
23202 391
23202 392
23202 393
23202 394
23202 395
23202 396
23202 398
23202 399
23202 400
23202 401
23202 402
23202 404
23202 405
23202 407
23202 408
23202 409
23202 410
23202 412
23202 413
23202 414
23202 415
23202 424
23202 426
23202 427
23202 429
23202 430
23202 431
23202 432
23202 434
23202 437
23202 438
23202 439
23202 440
23202 441
23202 442
23202 443
23202 444
23202 445
23202 447
23202 448
23202 452
23202 453
23202 454
23202 455
23202 456
23202 458
23202 459
23202 460
23202 461
23202 462
23202 463
23202 464
23202 466
23202 467
23202 468
23202 470
23202 472
23202 473
23202 475
23202 476
23202 477
23202 478
23202 479
23202 482
23202 483
23202 484
23202 485
23202 486
23202 487
23202 488
23202 489
23203 0
23203 1
23203 2
23203 3
23203 4
23203 6
23203 7
23203 8
23203 11
23203 12
23203 13
23203 15
23203 16
23203 19
23203 21
23203 24
23203 26
23203 27
23203 30
23203 31
23203 33
23203 34
23203 35
23203 36
23203 37
23203 38
23203 39
23203 40
23203 42
23203 43
23203 44
23203 45
23203 46
23203 49
23203 50
23203 51
23203 52
23203 53
23203 54
23203 55
23203 56
23203 57
23203 58
23203 59
23203 61
23203 62
23203 64
23203 65
23203 66
23203 67
23203 68
23203 69
23203 70
23203 71
23203 72
23203 74
23203 75
23203 76
23203 77
23203 79
23203 80
23203 81
23203 82
23204 0
23204 2
23204 5
23204 8
23204 10
23204 11
23204 12
23204 16
23204 17
23204 18
23204 19
23204 22
23204 23
23204 24
23204 25
23204 26
23204 27
23204 28
23204 29
23204 31
23204 33
23204 34
23204 36
23204 37
23204 39
23204 40
23204 41
23204 42
23204 43
23204 44
23204 46
23204 47
23204 48
23204 50
23204 55
23204 57
23204 58
23204 59
23204 60
23204 61
23205 1
23205 4
23205 5
23205 7
23205 9
23205 10
23205 11
23205 13
23205 14
23205 15
23205 16
23205 18
23205 22
23205 25
23205 26
23205 27
23205 29
23205 30
23205 31
23205 32
23205 33
23205 34
23205 36
23205 38
23205 39
23205 41
23205 42
23205 43
23205 44
23205 45
23205 46
23205 47
23205 48
23205 49
23205 50
23205 52
23205 53
23205 54
23205 56
23205 57
23205 59
23205 60
23205 61
23205 62
23205 63
23205 65
23205 70
23205 72
23205 73
23205 74
23205 75
23205 77
23205 78
23205 79
23205 80
23205 81
23205 82
23205 83
23205 84
23205 85
23205 87
23205 88
23205 89
23205 91
23205 92
23205 93
23205 94
23206 0
23206 1
23206 2
23206 4
23206 6
23206 7
23206 8
23206 9
23206 10
23206 11
23206 12
23206 14
23206 15
23206 18
23206 19
23207 0
23207 1
23207 3
23207 4
23207 5
23207 6
23207 11
23207 12
23207 13
23207 15
23207 16
23207 17
23207 18
23207 19
23207 20
23207 21
23207 22
23207 23
23207 24
23207 25
23207 26
23207 27
23207 28
23207 29
23207 30
23207 33
23207 34
23207 35
23207 36
23207 38
23207 39
23207 40
23207 41
23207 42
23207 43
23207 44
23207 45
23207 46
23207 47
23207 48
23207 49
23207 50
23207 51
23207 52
23207 53
23207 54
23207 55
23207 56
23207 57
23207 58
23207 61
23207 62
23207 63
23207 64
23207 65
23207 66
23207 67
23207 68
23207 69
23207 71
23207 72
23207 73
23207 74
23207 75
23207 76
23207 77
23207 78
23207 79
23207 80
23207 81
23207 82
23207 84
23207 85
23207 86
23207 87
23207 88
23207 89
23207 90
23207 91
23207 92
23207 93
23207 94
23207 95
23207 96
23207 97
23207 98
23207 99
23207 100
23207 101
23207 103
23207 105
23207 106
23207 108
23208 0
23208 2
23208 3
23208 5
23208 6
23208 7
23208 8
23208 9
23208 10
23208 11
23208 14
23208 15
23208 16
23208 17
23208 18
23208 20
23208 21
23208 22
23208 23
23208 24
23208 25
23208 28
23208 29
23208 30
23208 34
23208 35
23208 36
23208 37
23208 39
23208 40
23208 41
23208 42
23208 44
23208 45
23208 46
23208 54
23208 55
23208 56
23208 57
23208 59
23208 60
23208 61
23208 62
23210 59
23210 60
23210 61
23210 62
23210 63
23210 64
23210 65
23210 66
23211 24
23211 25
23211 26
23211 27
23211 29
23211 30
23211 31
23211 33
23211 34
23211 35
23211 36
23211 38
23211 41
23211 42
23211 43
23211 44
23211 45
23211 46
23211 47
23211 48
23211 50
23211 51
23211 52
23211 53
23211 54
23211 55
23211 56
23211 57
23211 58
23211 59
23211 60
23211 61
23211 62
23211 63
23211 65
23211 68
23211 69
23211 70
23211 71
23211 72
23211 73
23211 92
23211 93
23211 95
23211 98
23211 99
23211 100
23211 101
23211 102
23211 103
23211 104
23211 105
23211 107
23211 108
23211 109
23211 110
23211 111
23211 113
23211 114
23211 115
23211 116
23211 117
23211 118
23211 119
23211 120
23211 121
23211 122
23211 123
23211 124
23211 125
23211 126
23211 127
23211 128
23211 129
23211 130
23211 131
23211 132
23211 134
23211 136
23211 137
23211 138
23211 139
23211 140
23211 141
23211 144
23211 145
23211 146
23211 150
23211 151
23211 153
23211 154
23211 155
23211 156
23211 158
23211 159
23211 160
23211 161
23211 162
23211 163
23211 164
23211 165
23211 167
23211 168
23211 169
23211 170
23211 171
23211 172
23211 173
23211 174
23211 176
23211 177
23211 178
23211 179
23211 182
23211 183
23211 184
23211 189
23211 190
23211 191
23211 192
23211 193
23211 194
23211 195
23211 196
23211 198
23211 199
23211 200
23211 201
23211 202
23211 203
23211 204
23211 205
23211 207
23211 208
23211 209
23211 211
23211 212
23211 213
23211 214
23211 215
23211 216
23211 217
23211 218
23211 219
23211 220
23211 222
23211 223
23211 235
23211 237
23211 238
23211 239
23211 241
23211 242
23211 243
23211 244
23211 245
23211 246
23211 247
23211 248
23211 251
23211 252
23211 253
23211 254
23211 255
23211 256
23211 257
23211 258
23211 259
23211 260
23211 264
23211 265
23211 266
23211 267
23211 269
23211 270
23211 271
23211 272
23211 273
23211 274
23211 275
23211 276
23211 277
23211 278
23211 279
23211 284
23211 285
23211 286
23211 287
23211 288
23211 289
23211 290
23211 291
23211 292
23211 293
23211 294
23211 296
23211 297
23211 298
23211 299
23211 300
23211 301
23211 302
23211 303
23211 304
23211 305
23211 306
23211 308
23211 309
23211 310
23211 311
23211 312
23211 313
23211 314
23211 315
23211 317
23211 318
23211 319
23211 320
23211 322
23211 323
23211 325
23211 327
23211 329
23211 330
23211 332
23211 337
23211 338
23211 340
23211 341
23211 342
23211 343
23211 345
23211 346
23211 347
23211 348
23211 349
23211 350
23211 351
23211 352
23211 353
23211 354
23211 355
23211 356
23211 357
23211 358
23211 360
23211 361
23211 362
23211 364
23211 366
23211 367
23211 368
23211 369
23211 370
23211 371
23211 372
23211 373
23211 374
23211 376
23211 378
23211 380
23211 381
23211 382
23211 383
23211 385
23211 387
23211 388
23211 390
23211 391
23211 392
23211 393
23211 409
23211 411
23211 412
23211 414
23211 415
23211 416
23211 417
23211 418
23211 419
23211 420
23211 421
23211 422
23211 423
23211 424
23211 425
23211 426
23211 427
23211 428
23211 429
23211 432
23211 434
23211 435
23211 436
23211 437
23211 438
23211 441
23211 442
23211 443
23211 444
23211 445
23211 446
23211 449
23211 450
23211 452
23211 453
23211 454
23211 455
23211 456
23211 457
23211 458
23211 459
23211 461
23211 462
23211 463
23211 464
23211 465
23211 466
23211 467
23211 468
23211 469
23211 470
23211 471
23211 473
23211 474
23211 475
23211 476
23211 477
23211 478
23211 479
23211 480
23211 481
23211 482
23211 483
23211 484
23211 485
23211 486
23211 487
23211 489
23211 490
23211 492
23211 493
23211 494
23211 495
23211 496
23211 498
23211 500
23211 501
23211 502
23215 0
23215 1
23215 2
23215 4
23215 5
23215 9
23215 10
23215 11
23215 15
23215 16
23215 17
23215 18
23215 20
23215 21
23215 22
23215 23
23215 25
23215 26
23215 27
23215 28
23215 29
23215 30
23215 32
23215 38
23215 39
23215 40
23215 41
23215 42
23215 43
23215 44
23215 45
23215 46
23215 47
23215 48
23215 49
23215 50
23215 51
23215 53
23215 55
23215 56
23215 57
23215 58
23215 59
23215 60
23215 61
23215 62
23215 63
23215 64
23215 65
23215 66
23215 72
23215 73
23215 74
23215 75
23215 76
23215 77
23215 78
23215 79
23215 80
23215 81
23215 82
23215 83
23215 85
23215 86
23215 87
23215 88
23215 89
23215 90
23215 91
23215 94
23215 95
23215 96
23215 97
23215 98
23215 99
23215 100
23215 102
23215 103
23215 104
23215 105
23215 106
23215 107
23215 108
23215 110
23215 111
23215 112
23215 113
23215 114
23215 115
23215 116
23215 117
23215 118
23215 119
23216 1
23216 2
23216 3
23216 5
23216 6
23216 7
23216 9
23216 10
23216 11
23216 12
23216 13
23216 14
23216 15
23216 16
23216 17
23216 18
23216 20
23216 21
23216 22
23216 23
23216 26
23216 27
23216 29
23216 30
23216 31
23216 33
23216 34
23216 36
23216 37
23216 40
23216 41
23216 43
23216 44
23216 45
23217 0
23217 1
23217 3
23217 4
23217 5
23217 6
23217 7
23217 8
23217 9
23217 11
23217 12
23217 13
23217 14
23217 15
23217 16
23217 18
23217 19
23217 20
23217 21
23217 22
23217 23
23217 24
23217 25
23217 26
23217 27
23217 28
23217 29
23217 30
23217 31
23217 32
23217 33
23217 34
23217 36
23217 38
23217 39
23217 40
23217 41
23217 42
23217 44
23217 46
23217 47
23217 48
23217 49
23217 50
23217 51
23217 52
23217 54
23217 55
23217 56
23217 57
23217 58
23217 60
23217 61
23217 62
23217 63
23217 65
23217 66
23217 67
23217 68
23217 69
23217 70
23217 71
23217 72
23217 73
23217 75
23217 76
23217 77
23217 78
23217 79
23217 80
23217 81
23217 82
23217 83
23217 84
23217 85
23217 86
23217 87
23217 89
23217 90
23217 91
23217 92
23217 96
23217 98
23217 99
23217 101
23217 102
23217 103
23217 104
23217 105
23217 106
23217 107
23217 108
23217 109
23217 110
23217 111
23217 112
23217 113
23217 114
23217 115
23217 116
23217 117
23217 118
23217 119
23217 120
23217 121
23217 122
23217 123
23217 124
23217 125
23217 127
23217 128
23217 129
23217 130
23217 131
23217 133
23217 134
23217 135
23217 136
23217 138
23217 139
23217 140
23217 142
23217 143
23217 144
23225 76
23225 77
23225 95
23225 96
23225 97
23225 98
23225 99
23225 100
23225 101
23225 102
23225 103
23225 104
23225 107
23225 108
23225 109
23225 110
23225 112
23225 113
23225 115
23225 116
23225 117
23225 118
23225 119
23225 121
23225 122
23225 123
23225 124
23225 125
23225 126
23225 127
23225 128
23225 129
23225 130
23225 131
23225 132
23225 133
23225 134
23225 135
23225 136
23225 137
23225 138
23225 139
23225 140
23225 141
23225 142
23225 143
23225 144
23225 145
23225 146
23225 147
23225 149
23225 150
23225 151
23225 152
23225 153
23225 154
23225 155
23225 156
23225 157
23225 158
23225 159
23225 160
23225 161
23225 162
23225 163
23225 164
23226 0
23226 1
23226 2
23226 3
23226 4
23226 5
23226 6
23226 7
23226 8
23226 9
23226 10
23226 12
23226 13
23226 14
23226 15
23226 17
23226 18
23226 19
23226 20
23226 22
23226 23
23226 24
23226 25
23226 26
23226 27
23226 30
23226 31
23226 33
23226 34
23226 35
23226 36
23226 37
23226 38
23226 39
23226 40
23226 41
23226 42
23226 43
23226 44
23226 45
23226 46
23226 47
23226 48
23226 49
23226 50
23226 51
23226 52
23226 53
23226 54
23229 0
23229 1
23229 2
23229 3
23229 4
23229 5
23229 6
23229 8
23229 9
23229 10
23229 11
23229 12
23229 13
23229 14
23229 15
23229 16
23229 17
23229 19
23229 20
23229 21
23229 22
23229 24
23229 25
23229 26
23229 27
23229 28
23229 29
23229 30
23229 31
23229 32
23229 33
23229 35
23229 36
23229 37
23229 38
23229 39
23229 40
23229 41
23229 42
23229 45
23229 46
23229 47
23229 48
23229 49
23229 50
23229 51
23229 52
23231 0
23231 1
23231 2
23231 3
23231 4
23231 5
23231 6
23231 7
23231 8
23231 10
23231 11
23231 12
23231 13
23231 14
23231 15
23231 16
23231 17
23231 18
23231 19
23231 20
23231 21
23231 23
23231 24
23231 25
23231 26
23231 27
23231 28
23231 29
23231 31
23231 32
23231 33
23231 34
23231 35
23231 37
23231 38
23231 39
23231 40
23231 41
23231 42
23231 43
23231 44
23231 45
23231 48
23231 50
23231 52
23231 53
23231 54
23231 57
23231 58
23231 59
23231 62
23231 63
23231 64
23231 65
23231 66
23231 67
23231 68
23231 69
23231 71
23231 72
23231 73
23231 74
23231 75
23231 76
23231 80
23231 81
23231 82
23231 83
23231 84
23231 85
23231 87
23231 88
23231 89
23231 90
23231 91
23231 92
23231 94
23231 95
23231 96
23231 97
23231 98
23231 99
23231 101
23231 102
23231 103
23231 104
23231 105
23231 106
23231 107
23231 108
23231 110
23231 111
23231 112
23231 113
23231 114
23231 115
23231 116
23231 117
23231 118
23231 119
23231 120
23231 121
23231 122
23231 124
23231 125
23231 126
23231 128
23231 129
23231 130
23231 132
23231 133
23231 134
23231 135
23231 138
23231 140
23231 141
23231 142
23231 143
23231 144
23231 145
23231 146
23231 147
23231 149
23231 151
23231 152
23231 153
23231 154
23231 155
23231 156
23231 158
23231 161
23231 162
23231 163
23231 164
23231 165
23231 167
23231 168
23231 169
23231 170
23231 171
23231 175
23231 176
23231 177
23231 178
23231 180
23231 181
23231 182
23231 183
23231 184
23231 185
23231 186
23231 187
23231 188
23231 189
23231 191
23231 192
23231 193
23231 194
23231 195
23231 196
23231 198
23231 200
23231 201
23231 202
23231 203
23231 208
23231 209
23231 210
23231 212
23231 213
23231 214
23231 215
23231 216
23231 217
23231 218
23231 219
23231 220
23231 222
23231 223
23231 224
23231 226
23231 227
23231 228
23231 230
23231 231
23231 232
23231 233
23231 234
23231 235
23231 237
23231 238
23231 239
23231 241
23231 242
23231 243
23231 246
23231 247
23231 248
23231 250
23231 253
23231 254
23231 255
23231 256
23231 257
23231 258
23231 259
23231 260
23231 261
23231 262
23231 263
23231 264
23231 265
23231 266
23231 267
23231 268
23231 269
23231 271
23231 273
23231 274
23231 276
23231 277
23231 278
23231 279
23231 280
23231 281
23231 282
23231 283
23231 285
23231 286
23231 287
23231 289
23231 290
23231 291
23231 292
23231 293
23231 294
23231 295
23231 297
23231 298
23231 299
23231 301
23231 302
23231 303
23231 304
23231 305
23231 307
23231 308
23231 309
23231 310
23231 311
23231 312
23231 313
23231 314
23231 315
23231 316
23231 317
23231 318
23231 319
23231 320
23231 321
23231 322
23231 323
23231 324
23231 325
23231 326
23231 327
23231 328
23231 329
23231 330
23231 331
23231 332
23231 333
23231 334
23231 335
23231 336
23231 337
23231 338
23231 339
23231 340
23231 341
23231 342
23231 343
23231 344
23231 345
23231 346
23231 347
23231 348
23231 349
23231 350
23231 351
23231 352
23231 355
23231 357
23231 358
23231 359
23231 360
23231 361
23231 362
23231 363
23231 364
23231 365
23231 367
23231 368
23231 369
23231 370
23231 372
23231 373
23231 374
23231 376
23231 377
23231 378
23231 379
23231 380
23231 381
23231 382
23231 383
23231 384
23231 385
23231 386
23231 387
23231 389
23231 392
23231 394
23231 395
23231 396
23231 397
23231 399
23231 400
23231 401
23231 402
23231 403
23231 404
23231 405
23231 407
23231 408
23231 409
23231 410
23231 411
23231 413
23231 414
23231 415
23231 416
23231 417
23231 418
23231 419
23231 421
23231 423
23231 424
23231 425
23231 426
23231 427
23231 429
23231 430
23231 431
23231 432
23231 434
23231 436
23231 437
23231 438
23231 439
23231 440
23231 441
23231 442
23231 444
23231 445
23231 446
23231 447
23231 448
23231 449
23231 450
23231 451
23231 452
23231 453
23231 454
23231 455
23231 456
23231 457
23231 458
23231 459
23231 460
23231 462
23231 463
23231 464
23231 465
23231 466
23231 467
23231 468
23231 469
23231 471
23231 472
23231 473
23231 474
23231 475
23231 477
23231 478
23231 479
23231 480
23231 481
23231 482
23231 483
23231 485
23231 486
23231 487
23231 488
23231 489
23231 490
23231 491
23231 492
23231 500
23231 502
23231 503
23231 504
23231 506
23231 507
23231 510
23231 511
23231 512
23231 513
23231 514
23231 515
23231 516
23231 517
23231 518
23231 519
23231 520
23231 521
23231 522
23231 524
23231 526
23231 527
23231 528
23231 530
23231 532
23231 533
23232 0
23232 1
23232 2
23232 3
23232 28
23232 29
23232 30
23232 31
23232 34
23232 35
23232 36
23232 37
23232 38
23232 39
23232 40
23232 41
23232 43
23232 44
23232 45
23232 46
23232 47
23232 48
23232 49
23232 50
23232 51
23232 52
23232 53
23232 54
23232 55
23232 56
23232 57
23232 60
23232 64
23232 65
23232 66
23232 67
23232 68
23232 69
23236 171
23236 172
23236 173
23236 175
23236 177
23236 178
23236 179
23236 180
23236 181
23236 182
23236 183
23236 184
23236 185
23236 186
23236 187
23236 188
23236 190
23236 191
23236 193
23236 195
23236 196
23236 197
23236 198
23236 201
23236 202
23236 203
23236 204
23236 205
23236 206
23236 207
23236 208
23236 209
23236 210
23236 211
23236 212
23236 213
23236 214
23236 215
23236 216
23236 218
23236 219
23236 220
23236 221
23236 222
23236 225
23236 226
23236 227
23236 229
23236 230
23236 231
23236 232
23236 233
23236 234
23236 235
23236 236
23236 237
23236 238
23236 239
23236 240
23236 241
23236 242
23236 243
23236 244
23236 245
23236 246
23236 247
23236 249
23236 250
23236 251
23236 254
23236 255
23236 256
23236 257
23236 258
23236 259
23236 260
23236 261
23236 263
23236 265
23236 266
23236 267
23236 269
23236 270
23236 271
23236 272
23236 273
23236 274
23236 275
23236 277
23236 278
23236 279
23236 280
23236 281
23236 282
23236 283
23236 284
23236 285
23236 287
23236 288
23236 289
23236 290
23236 291
23236 292
23236 293
23236 294
23236 295
23236 298
23236 299
23236 300
23236 301
23236 302
23236 303
23236 304
23236 305
23236 306
23236 307
23236 308
23236 309
23236 310
23236 311
23236 312
23236 313
23236 314
23236 315
23236 316
23236 317
23236 318
23236 319
23236 320
23236 321
23236 322
23236 323
23236 324
23236 325
23236 326
23236 327
23236 329
23236 330
23236 331
23236 332
23236 333
23236 337
23236 341
23236 342
23236 343
23236 346
23236 347
23236 348
23236 349
23236 350
23236 352
23236 353
23236 355
23236 356
23236 357
23236 359
23236 360
23236 361
23236 362
23236 363
23236 364
23236 365
23236 366
23236 367
23236 368
23236 369
23236 370
23236 371
23236 373
23236 374
23236 375
23236 377
23236 378
23236 379
23236 380
23236 381
23236 382
23236 383
23236 384
23236 385
23236 386
23236 387
23236 388
23236 389
23236 390
23236 391
23236 392
23236 393
23236 396
23236 397
23236 398
23236 399
23236 400
23236 401
23236 403
23236 404
23236 405
23236 406
23236 408
23236 410
23236 412
23236 413
23236 414
23236 415
23236 416
23236 417
23236 418
23236 419
23236 420
23236 421
23236 422
23236 423
23236 424
23236 427
23236 428
23236 430
23236 431
23236 432
23236 433
23236 435
23236 437
23236 438
23236 439
23236 440
23236 442
23236 444
23236 445
23236 447
23236 449
23236 450
23236 451
23236 452
23236 454
23236 455
23236 458
23236 459
23236 460
23236 461
23236 463
23236 464
23236 465
23236 466
23236 467
23236 468
23236 469
23236 470
23236 472
23236 473
23236 474
23236 475
23236 476
23236 479
23236 482
23236 484
23236 485
23236 486
23236 487
23236 488
23236 489
23236 490
23236 491
23236 492
23236 494
23236 495
23236 496
23236 497
23236 499
23236 501
23236 502
23236 503
23236 504
23236 505
23236 507
23236 508
23236 509
23236 510
23236 511
23236 513
23236 514
23236 515
23236 516
23236 519
23236 520
23236 522
23236 523
23236 524
23236 525
23236 526
23236 527
23236 530
23236 531
23236 533
23237 0
23237 1
23237 2
23237 3
23237 4
23237 6
23237 7
23237 8
23237 9
23237 11
23237 13
23237 14
23237 15
23237 16
23237 17
23237 18
23237 20
23237 21
23237 23
23237 24
23237 25
23237 26
23237 27
23237 28
23237 29
23237 30
23237 33
23237 34
23237 35
23237 37
23237 38
23237 39
23237 40
23237 41
23237 42
23237 43
23237 44
23237 45
23237 46
23237 47
23237 48
23237 49
23237 50
23237 51
23237 53
23237 54
23237 55
23237 56
23237 57
23237 58
23237 59
23237 61
23237 62
23237 65
23237 66
23237 67
23237 68
23237 69
23237 70
23237 71
23237 72
23237 73
23237 74
23237 75
23237 76
23237 77
23237 78
23237 79
23237 80
23237 81
23237 83
23237 84
23237 86
23237 87
23237 88
23237 89
23237 90
23237 92
23237 93
23237 94
23237 96
23237 97
23238 0
23238 1
23238 3
23238 4
23238 5
23238 7
23238 8
23238 9
23238 10
23238 11
23238 13
23238 15
23238 16
23238 17
23238 18
23238 19
23238 20
23238 21
23238 23
23238 24
23238 25
23238 27
23238 28
23238 29
23238 30
23238 32
23238 34
23238 35
23238 36
23238 37
23238 38
23238 40
23238 42
23238 44
23238 45
23238 47
23238 48
23238 49
23238 50
23238 52
23238 53
23238 54
23238 55
23238 56
23238 57
23238 58
23238 59
23238 60
23238 61
23238 62
23238 64
23238 65
23238 66
23238 67
23238 68
23238 69
23238 70
23238 72
23238 73
23238 74
23238 75
23238 77
23238 80
23238 81
23238 82
23238 83
23238 84
23238 85
23238 86
23238 87
23238 88
23238 89
23238 90
23238 91
23238 92
23238 93
23238 94
23238 95
23238 96
23238 97
23238 98
23238 100
23238 101
23238 102
23238 103
23238 104
23238 106
23238 107
23238 108
23238 110
23238 111
23238 112
23238 113
23238 114
23238 115
23238 116
23238 118
23238 119
23238 120
23238 121
23238 127
23238 129
23238 132
23238 133
23238 134
23238 136
23238 137
23238 138
23238 140
23238 141
23238 142
23238 145
23238 146
23238 147
23238 148
23238 149
23238 150
23238 152
23238 153
23238 154
23238 155
23238 156
23238 158
23238 159
23238 160
23238 161
23238 162
23238 163
23238 164
23238 165
23238 166
23238 167
23238 168
23238 169
23238 170
23238 171
23238 173
23238 174
23238 175
23238 178
23238 180
23238 181
23238 183
23238 184
23238 186
23239 0
23239 2
23239 3
23239 4
23239 5
23239 6
23239 7
23239 9
23239 10
23239 11
23239 12
23239 14
23239 15
23239 16
23239 17
23239 20
23239 21
23239 25
23239 26
23239 27
23239 28
23239 30
23239 31
23239 32
23239 33
23239 34
23239 35
23239 36
23239 37
23239 38
23239 39
23239 41
23239 42
23239 43
23239 44
23239 45
23239 46
23239 47
23239 48
23239 49
23239 50
23239 51
23239 52
23239 53
23239 54
23241 0
23241 1
23241 2
23241 3
23241 4
23241 6
23241 7
23243 0
23243 1
23243 2
23243 3
23243 5
23243 6
23243 7
23243 8
23243 10
23243 11
23243 13
23243 14
23243 15
23243 17
23243 18
23244 0
23244 1
23244 2
23244 3
23244 4
23244 5
23244 6
23244 7
23244 8
23244 9
23244 10
23244 11
23244 12
23244 13
23244 14
23244 15
23244 16
23244 17
23244 18
23244 19
23244 20
23244 21
23244 22
23244 23
23244 24
23244 25
23244 27
23244 28
23244 29
23244 30
23244 33
23244 34
23244 35
23244 36
23244 38
23244 40
23244 42
23244 43
23244 44
23244 45
23244 46
23244 47
23244 48
23244 49
23244 50
23244 51
23244 52
23244 53
23244 55
23244 56
23244 57
23244 58
23244 59
23244 60
23244 62
23244 63
23244 64
23244 65
23244 67
23244 68
23244 69
23244 70
23244 72
23244 74
23244 75
23244 77
23244 78
23244 79
23244 81
23244 82
23244 83
23244 84
23244 85
23244 86
23244 87
23244 88
23244 89
23244 90
23244 91
23244 92
23244 93
23244 94
23244 95
23244 96
23244 97
23244 98
23244 99
23244 100
23244 101
23244 102
23244 103
23244 104
23244 105
23244 106
23244 107
23244 108
23244 109
23244 110
23244 111
23244 112
23244 113
23244 114
23244 115
23244 116
23244 117
23244 118
23244 119
23244 120
23244 121
23244 123
23244 124
23244 125
23244 126
23244 127
23244 128
23244 129
23244 130
23244 131
23244 132
23244 133
23244 134
23244 136
23244 138
23244 140
23244 141
23244 142
23244 144
23244 145
23244 149
23244 150
23244 151
23244 152
23244 153
23244 154
23244 155
23244 156
23244 157
23244 158
23244 159
23244 160
23244 161
23244 163
23244 164
23244 165
23244 167
23244 169
23244 171
23244 172
23244 173
23244 174
23244 176
23244 177
23244 178
23244 180
23244 181
23244 182
23244 183
23244 184
23244 185
23244 186
23244 187
23244 188
23244 189
23244 190
23244 191
23244 192
23244 193
23244 194
23244 195
23244 196
23244 198
23244 199
23244 200
23244 201
23244 202
23244 203
23244 204
23244 205
23244 206
23244 207
23244 208
23244 210
23244 211
23244 213
23244 214
23244 215
23244 217
23244 218
23244 219
23244 220
23244 224
23244 225
23244 226
23244 227
23244 230
23244 231
23244 232
23244 233
23244 234
23244 235
23244 236
23244 237
23244 238
23244 239
23244 240
23244 241
23244 242
23244 243
23244 245
23244 246
23244 247
23244 248
23244 249
23244 250
23244 251
23244 252
23244 253
23244 254
23244 255
23244 256
23244 257
23244 258
23244 259
23244 261
23244 262
23244 263
23244 265
23244 267
23244 268
23244 269
23244 270
23244 271
23244 272
23244 273
23244 274
23244 275
23244 276
23244 277
23244 278
23244 279
23244 280
23244 281
23244 282
23244 283
23244 284
23244 285
23244 286
23244 287
23244 288
23244 289
23244 291
23244 292
23244 293
23244 295
23244 296
23244 298
23244 299
23244 300
23244 301
23244 302
23244 303
23244 304
23244 305
23244 306
23244 307
23244 308
23244 309
23244 310
23244 311
23244 312
23244 313
23244 314
23244 315
23244 316
23244 317
23244 318
23244 319
23244 321
23244 322
23244 323
23244 326
23244 327
23244 328
23244 329
23244 331
23244 332
23244 333
23244 334
23244 335
23244 336
23244 337
23244 338
23244 339
23244 340
23244 341
23244 342
23244 343
23244 344
23244 345
23244 346
23244 347
23244 349
23244 351
23244 352
23244 354
23244 355
23244 356
23244 357
23244 358
23244 360
23244 361
23244 362
23244 364
23244 365
23244 366
23244 367
23244 368
23244 369
23244 370
23244 371
23244 372
23244 373
23244 374
23244 379
23244 380
23244 381
23244 383
23244 384
23244 385
23244 386
23244 387
23244 388
23244 389
23244 390
23244 391
23244 394
23244 395
23244 396
23244 397
23244 400
23244 401
23244 402
23244 403
23244 404
23244 405
23244 406
23244 407
23244 408
23244 409
23244 410
23244 411
23244 412
23244 413
23244 414
23244 415
23244 416
23244 418
23244 419
23244 420
23244 421
23244 422
23244 423
23244 425
23244 426
23244 427
23244 428
23244 429
23244 431
23244 432
23244 433
23244 434
23244 435
23244 436
23244 439
23244 440
23244 441
23244 443
23244 444
23244 445
23244 446
23244 447
23244 448
23244 449
23244 450
23244 451
23244 452
23244 453
23244 454
23244 455
23244 456
23244 457
23244 458
23244 461
23244 462
23244 463
23244 464
23244 465
23244 466
23244 467
23244 468
23244 469
23244 470
23244 471
23244 472
23244 473
23244 474
23244 475
23244 478
23244 479
23244 480
23244 481
23244 483
23244 484
23244 485
23244 486
23244 487
23244 490
23244 491
23244 492
23244 493
23244 495
23244 496
23244 497
23244 499
23244 500
23244 501
23244 502
23244 504
23244 505
23244 506
23244 509
23244 510
23244 512
23244 513
23244 514
23244 515
23244 516
23244 517
23244 518
23244 519
23244 520
23244 521
23244 522
23244 523
23244 524
23244 525
23244 526
23245 1
23245 2
23245 3
23245 4
23245 6
23245 8
23245 9
23245 11
23245 12
23245 13
23245 14
23245 15
23245 18
23245 20
23245 21
23245 22
23245 23
23245 24
23245 25
23245 26
23245 27
23245 28
23245 29
23245 30
23245 31
23245 32
23245 33
23245 34
23245 36
23245 37
23245 38
23245 39
23245 40
23245 41
23245 44
23245 45
23245 46
23245 47
23245 49
23245 50
23245 51
23245 52
23245 53
23245 54
23245 56
23245 60
23245 62
23245 63
23245 64
23245 65
23245 66
23245 67
23245 68
23245 69
23245 71
23245 72
23245 73
23245 74
23245 76
23245 78
23245 79
23245 80
23245 82
23245 83
23245 85
23245 86
23245 87
23245 88
23245 90
23245 91
23245 92
23245 93
23245 94
23245 95
23245 96
23245 97
23245 98
23245 100
23245 103
23245 104
23245 106
23245 107
23245 108
23245 109
23245 110
23245 111
23245 112
23245 113
23245 114
23245 116
23245 117
23245 118
23245 119
23245 120
23245 122
23245 123
23245 124
23245 125
23245 127
23245 128
23245 129
23245 130
23245 131
23245 132
23245 133
23245 134
23245 135
23245 136
23245 137
23245 138
23245 139
23245 140
23245 141
23245 142
23245 143
23245 144
23245 145
23245 146
23245 147
23245 149
23245 150
23245 152
23245 153
23245 154
23245 156
23245 157
23245 158
23245 159
23245 161
23245 162
23245 163
23245 164
23245 165
23245 166
23245 168
23245 169
23245 171
23245 173
23245 174
23245 178
23245 180
23245 181
23245 182
23245 183
23245 185
23245 188
23245 189
23245 190
23245 191
23245 192
23245 193
23245 194
23245 195
23245 196
23245 198
23245 200
23245 201
23245 202
23245 204
23245 205
23245 206
23245 208
23245 209
23245 210
23245 211
23245 212
23245 214
23245 216
23245 219
23245 220
23245 221
23245 222
23245 223
23245 224
23245 225
23245 227
23245 228
23245 229
23245 230
23245 231
23245 234
23245 235
23245 236
23245 237
23245 238
23245 239
23245 240
23245 241
23245 242
23245 243
23245 244
23245 245
23245 246
23245 248
23245 249
23245 250
23245 251
23245 252
23245 253
23245 254
23245 256
23245 257
23245 258
23245 259
23245 260
23245 261
23245 263
23245 264
23245 265
23247 0
23247 1
23247 2
23247 3
23247 4
23247 5
23247 6
23247 7
23247 10
23247 11
23247 12
23247 13
23247 14
23247 15
23247 16
23247 17
23247 18
23247 19
23247 21
23247 22
23247 23
23247 24
23247 25
23247 26
23247 29
23247 30
23247 31
23247 32
23247 34
23247 35
23247 36
23247 37
23247 39
23247 43
23247 44
23247 45
23247 47
23247 48
23247 50
23247 52
23247 53
23247 54
23247 55
23247 58
23247 59
23247 60
23247 62
23247 63
23247 64
23247 65
23248 0
23248 1
23248 2
23248 3
23248 4
23248 5
23248 6
23248 8
23248 11
23248 12
23248 13
23248 14
23248 15
23248 16
23248 17
23248 18
23248 19
23248 20
23248 26
23248 27
23248 28
23248 29
23248 31
23248 32
23248 33
23248 34
23248 35
23248 36
23248 37
23248 38
23248 39
23248 41
23248 42
23248 44
23248 46
23248 51
23248 54
23248 55
23248 56
23248 57
23248 58
23248 59
23248 61
23248 62
23248 63
23248 65
23248 66
23248 67
23248 68
23248 71
23248 72
23248 73
23248 75
23248 76
23248 81
23248 82
23248 83
23248 84
23248 86
23248 87
23248 88
23248 89
23248 91
23248 92
23248 94
23248 95
23249 0
23249 1
23249 2
23249 4
23249 5
23249 6
23249 7
23249 8
23249 9
23249 10
23249 11
23249 12
23249 13
23249 14
23249 15
23249 16
23249 17
23249 18
23249 19
23249 20
23249 22
23249 23
23249 25
23249 26
23249 29
23249 31
23249 33
23249 34
23249 35
23249 36
23249 37
23249 38
23249 39
23249 40
23249 41
23249 43
23249 44
23249 45
23249 46
23249 47
23249 49
23249 50
23249 51
23249 52
23249 53
23249 54
23249 55
23249 56
23249 57
23249 59
23249 60
23249 61
23249 62
23249 63
23249 64
23249 66
23249 67
23249 68
23249 69
23249 70
23249 71
23249 72
23249 73
23249 74
23249 75
23249 76
23249 77
23249 78
23249 79
23249 80
23249 81
23249 82
23249 84
23249 85
23249 86
23249 88
23249 89
23249 90
23249 91
23249 93
23249 94
23249 96
23249 97
23249 98
23249 99
23249 100
23249 101
23249 102
23249 104
23249 105
23249 106
23249 111
23249 112
23249 113
23249 114
23249 115
23249 116
23249 117
23249 118
23249 119
23249 120
23249 121
23249 122
23249 123
23249 125
23249 126
23249 127
23249 128
23249 129
23249 131
23249 132
23249 133
23249 136
23249 137
23249 138
23249 139
23249 140
23249 141
23249 143
23249 144
23249 146
23249 147
23249 148
23249 150
23249 151
23249 153
23249 154
23249 155
23249 156
23249 157
23249 158
23249 159
23249 160
23249 161
23249 162
23249 163
23249 164
23249 165
23249 166
23249 167
23249 168
23249 169
23249 170
23249 171
23249 173
23249 174
23249 175
23249 176
23249 177
23249 178
23249 179
23249 180
23249 181
23249 183
23249 184
23249 185
23249 187
23249 188
23249 189
23249 190
23249 191
23250 0
23250 1
23250 2
23250 3
23250 4
23250 5
23250 6
23250 7
23250 8
23250 12
23250 14
23250 15
23250 16
23250 17
23250 18
23250 20
23250 21
23250 23
23250 24
23250 25
23250 26
23250 27
23250 28
23250 29
23250 30
23250 31
23250 32
23250 34
23250 35
23250 36
23250 38
23250 40
23250 42
23250 44
23250 45
23250 46
23250 47
23250 48
23250 49
23250 50
23250 51
23250 52
23250 53
23250 54
23250 55
23250 57
23250 58
23250 59
23250 60
23250 61
23250 62
23250 63
23250 65
23250 66
23250 67
23250 69
23250 70
23250 71
23250 72
23250 73
23250 74
23250 75
23250 76
23250 77
23250 78
23250 79
23250 80
23250 83
23250 85
23250 86
23250 87
23250 88
23250 89
23250 90
23250 91
23250 92
23250 93
23250 94
23250 95
23250 96
23250 97
23250 98
23250 99
23250 101
23250 102
23250 103
23250 105
23250 107
23250 109
23250 110
23250 111
23250 112
23250 113
23250 114
23250 116
23250 119
23250 120
23250 122
23250 123
23250 127
23250 129
23250 130
23250 131
23250 132
23250 133
23250 135
23250 136
23250 138
23250 140
23250 141
23250 142
23250 143
23250 147
23250 148
23250 149
23250 150
23250 151
23250 152
23250 154
23250 155
23250 156
23250 157
23250 159
23250 161
23250 164
23250 167
23250 168
23250 169
23250 171
23250 173
23250 176
23250 177
23250 178
23250 179
23250 180
23250 181
23250 182
23250 184
23250 185
23250 186
23250 187
23250 188
23250 189
23250 191
23250 192
23250 193
23250 194
23250 195
23250 196
23250 198
23250 199
23250 200
23250 202
23250 203
23250 205
23250 206
23250 207
23250 209
23250 211
23250 212
23250 213
23250 214
23250 215
23250 216
23250 217
23250 218
23250 219
23250 220
23250 221
23250 222
23250 225
23250 226
23250 227
23250 228
23250 230
23250 231
23250 232
23250 233
23250 234
23250 235
23250 237
23250 238
23250 239
23250 240
23250 241
23250 243
23250 245
23250 246
23250 248
23250 249
23250 250
23250 251
23250 252
23250 253
23250 254
23250 255
23250 256
23250 257
23250 258
23250 259
23250 260
23250 261
23250 262
23250 263
23250 264
23250 265
23250 268
23250 269
23250 272
23250 273
23250 275
23250 276
23250 277
23250 278
23250 280
23250 281
23250 283
23250 284
23250 286
23250 287
23250 288
23250 289
23250 290
23250 292
23250 293
23250 294
23250 295
23250 299
23250 300
23250 301
23250 303
23250 305
23250 306
23250 307
23250 310
23250 311
23250 312
23250 313
23250 314
23250 315
23250 316
23250 317
23250 319
23250 321
23250 322
23250 323
23250 324
23250 325
23250 326
23250 327
23250 329
23250 330
23250 331
23250 332
23250 333
23250 334
23250 335
23250 336
23250 337
23250 338
23250 339
23250 341
23250 342
23250 343
23250 345
23250 347
23250 348
23250 350
23250 351
23250 352
23250 353
23250 354
23250 355
23250 357
23250 358
23250 359
23250 363
23250 364
23250 365
23250 366
23250 367
23250 368
23250 369
23250 370
23250 371
23250 372
23250 373
23250 374
23250 375
23250 376
23250 377
23250 378
23250 380
23250 382
23250 383
23250 384
23250 388
23250 389
23250 390
23250 391
23250 393
23250 394
23250 395
23250 396
23250 397
23250 398
23250 399
23250 401
23250 402
23250 403
23250 404
23250 405
23250 406
23250 407
23250 408
23250 410
23250 411
23250 412
23250 413
23250 414
23250 415
23250 416
23250 417
23250 418
23250 419
23250 420
23250 421
23250 422
23250 423
23250 424
23250 425
23250 426
23250 427
23250 428
23250 429
23250 432
23250 433
23250 434
23250 435
23250 436
23250 437
23250 439
23250 441
23250 442
23250 443
23250 445
23250 446
23250 447
23250 448
23250 450
23250 451
23250 452
23250 453
23250 455
23250 456
23250 457
23250 458
23250 459
23250 460
23250 461
23250 463
23250 464
23250 465
23250 466
23250 467
23250 468
23250 470
23250 471
23250 472
23250 473
23250 474
23250 475
23250 476
23250 478
23250 479
23250 480
23250 481
23250 482
23250 483
23250 484
23250 485
23250 486
23250 487
23250 488
23250 489
23250 490
23250 493
23250 494
23250 495
23250 498
23250 499
23250 500
23250 501
23250 502
23250 503
23250 504
23250 506
23250 507
23250 508
23250 509
23250 510
23250 511
23250 512
23250 513
23250 514
23250 515
23250 516
23250 517
23250 518
23250 519
23250 520
23250 521
23250 523
23250 525
23250 526
23250 528
23250 529
23250 530
23250 531
23250 532
23250 534
23250 535
23250 536
23250 537
23253 0
23253 1
23253 2
23253 3
23253 4
23253 5
23253 6
23253 7
23253 8
23253 9
23253 10
23253 11
23253 12
23253 13
23253 14
23253 15
23253 16
23253 17
23253 18
23253 19
23253 21
23253 22
23253 23
23253 24
23253 25
23253 26
23253 27
23253 28
23253 29
23253 30
23253 31
23253 32
23253 33
23253 34
23253 35
23253 36
23253 37
23253 38
23253 39
23253 40
23253 41
23253 42
23253 44
23253 47
23253 48
23253 49
23254 0
23254 1
23254 2
23254 3
23254 4
23254 10
23254 11
23254 12
23254 13
23254 15
23254 16
23254 17
23254 18
23254 19
23254 20
23254 21
23254 23
23254 24
23254 25
23254 26
23254 27
23254 28
23254 32
23254 34
23254 36
23254 37
23254 38
23254 39
23254 40
23254 41
23254 42
23254 43
23254 44
23254 46
23254 50
23254 51
23254 52
23254 53
23254 54
23254 55
23254 56
23254 57
23254 58
23254 59
23254 60
23254 61
23254 62
23254 63
23254 64
23254 65
23254 66
23254 67
23254 69
23254 70
23254 71
23254 73
23254 74
23254 75
23254 77
23254 78
23254 79
23254 80
23254 81
23254 83
23254 86
23254 87
23254 88
23254 89
23254 91
23254 92
23254 93
23254 95
23254 96
23254 98
23254 100
23254 101
23254 103
23254 105
23254 106
23254 107
23254 108
23254 109
23254 110
23254 111
23254 115
23254 116
23254 117
23254 118
23254 120
23254 121
23254 122
23254 124
23254 125
23254 126
23254 127
23254 128
23254 129
23254 130
23254 131
23254 132
23254 133
23254 134
23254 137
23254 138
23254 139
23254 140
23254 141
23254 142
23254 144
23254 145
23254 146
23254 147
23254 148
23254 149
23254 150
23254 151
23254 152
23254 153
23254 154
23254 156
23254 161
23254 162
23254 163
23254 165
23254 166
23254 167
23254 169
23254 170
23254 171
23254 172
23254 174
23254 175
23254 176
23254 177
23254 178
23254 179
23254 181
23254 182
23254 183
23254 184
23254 185
23254 186
23254 187
23254 188
23254 189
23254 190
23254 191
23254 192
23254 193
23254 194
23254 195
23254 196
23254 197
23254 198
23254 199
23254 200
23254 201
23254 202
23254 203
23254 204
23254 206
23254 207
23254 208
23254 210
23254 211
23254 212
23254 213
23254 214
23254 216
23254 217
23254 218
23254 219
23254 220
23254 221
23254 222
23254 224
23254 225
23254 226
23254 227
23254 229
23254 230
23254 231
23254 234
23254 236
23254 237
23254 239
23254 240
23254 241
23254 242
23254 243
23254 244
23254 245
23254 247
23254 248
23254 249
23254 251
23254 252
23254 253
23254 254
23254 255
23254 256
23254 258
23254 259
23254 260
23254 261
23254 262
23254 263
23254 265
23254 266
23254 267
23254 269
23254 271
23254 272
23254 273
23254 274
23254 275
23254 277
23254 278
23254 279
23254 282
23254 284
23254 287
23255 48
23255 49
23255 50
23255 52
23255 53
23255 55
23255 56
23255 58
23255 59
23255 60
23255 61
23255 63
23255 64
23255 65
23255 66
23255 67
23255 68
23255 72
23255 73
23255 74
23255 76
23255 77
23255 78
23255 79
23255 80
23255 81
23255 82
23255 83
23255 86
23255 87
23255 88
23255 89
23255 90
23255 91
23255 92
23255 93
23255 96
23255 97
23255 98
23255 99
23255 100
23255 101
23255 102
23255 103
23255 106
23255 107
23255 109
23255 110
23255 111
23255 112
23255 113
23255 116
23255 118
23255 119
23255 120
23255 121
23255 122
23255 126
23255 127
23255 129
23255 131
23255 132
23255 133
23255 134
23255 137
23255 138
23255 139
23255 140
23255 141
23255 142
23255 143
23255 144
23255 146
23255 147
23255 149
23255 150
23255 154
23255 155
23255 156
23255 158
23255 160
23255 163
23255 167
23255 168
23255 169
23255 171
23255 172
23255 173
23255 175
23255 176
23255 177
23255 179
23255 181
23255 182
23255 184
23255 186
23255 187
23255 188
23255 189
23255 190
23255 192
23255 193
23255 195
23255 196
23255 197
23255 198
23255 199
23255 200
23255 201
23255 202
23255 203
23255 205
23255 206
23255 207
23255 209
23255 210
23255 211
23255 212
23255 213
23255 214
23255 217
23255 219
23255 220
23255 221
23255 222
23255 223
23255 224
23255 225
23255 226
23255 227
23255 228
23255 229
23255 230
23255 231
23255 232
23255 233
23255 235
23255 236
23255 237
23255 238
23256 0
23256 1
23256 2
23256 3
23256 4
23256 5
23256 6
23256 7
23256 8
23256 10
23256 11
23256 12
23256 13
23256 14
23256 15
23256 16
23256 17
23256 18
23256 19
23256 21
23256 22
23256 23
23256 24
23256 25
23256 27
23256 28
23256 29
23256 31
23256 32
23256 33
23256 34
23256 35
23256 36
23256 37
23256 38
23256 40
23256 41
23256 42
23256 43
23256 44
23256 45
23256 46
23256 48
23256 49
23256 50
23256 51
23256 52
23256 53
23256 54
23256 55
23256 56
23256 57
23256 58
23256 60
23256 61
23256 64
23256 65
23256 69
23256 70
23256 71
23256 72
23256 73
23256 74
23256 75
23256 76
23256 78
23256 79
23256 80
23256 82
23256 83
23256 84
23256 85
23256 86
23256 87
23256 89
23256 90
23256 91
23256 92
23256 93
23256 94
23256 95
23256 96
23256 97
23256 98
23256 99
23256 102
23256 104
23256 105
23256 106
23256 109
23256 110
23256 111
23256 112
23256 113
23256 114
23256 115
23256 116
23256 117
23256 118
23256 119
23256 121
23256 122
23256 123
23256 124
23256 125
23256 126
23256 127
23256 128
23256 129
23256 130
23256 131
23256 132
23256 134
23256 135
23256 136
23256 137
23256 138
23256 139
23256 140
23256 142
23256 143
23256 144
23256 145
23256 146
23256 147
23256 148
23256 149
23256 150
23256 152
23256 154
23256 155
23256 156
23256 157
23256 158
23256 159
23256 160
23256 161
23256 162
23256 163
23256 164
23256 165
23256 166
23256 167
23256 168
23256 170
23256 171
23256 172
23256 173
23256 174
23256 175
23256 176
23256 177
23256 178
23256 179
23256 180
23256 182
23256 183
23256 184
23256 186
23256 187
23256 189
23256 190
23256 191
23256 192
23256 194
23257 0
23257 1
23257 2
23257 3
23257 4
23257 5
23257 7
23257 8
23257 9
23257 10
23257 11
23257 12
23257 13
23257 15
23257 18
23257 19
23257 20
23257 21
23257 23
23257 24
23257 25
23257 26
23257 28
23257 29
23257 30
23257 31
23257 32
23257 33
23257 34
23257 35
23257 36
23257 37
23257 39
23257 40
23257 41
23257 42
23257 43
23257 45
23257 46
23257 47
23257 48
23257 49
23257 50
23257 51
23257 52
23257 53
23257 55
23257 56
23257 58
23257 59
23257 61
23257 62
23257 63
23257 64
23257 65
23257 66
23257 67
23257 68
23257 69
23257 71
23257 72
23257 76
23257 77
23257 78
23257 79
23257 80
23257 81
23257 82
23257 83
23257 84
23257 85
23257 87
23257 89
23257 90
23257 91
23257 92
23257 93
23257 95
23257 96
23257 98
23257 99
23257 100
23257 101
23257 103
23257 104
23257 105
23257 106
23257 107
23257 108
23257 110
23257 113
23257 114
23257 115
23257 116
23257 117
23257 118
23257 120
23257 121
23257 122
23257 124
23257 125
23258 1
23258 2
23258 3
23258 4
23258 7
23258 8
23258 9
23258 10
23258 11
23258 12
23258 13
23258 14
23258 15
23258 17
23258 18
23258 19
23258 21
23258 22
23258 23
23258 24
23258 25
23258 26
23258 27
23258 28
23258 29
23258 30
23258 31
23258 32
23258 33
23258 34
23258 35
23258 36
23258 37
23258 38
23258 39
23258 40
23258 42
23258 43
23258 45
23258 46
23258 47
23258 48
23258 50
23258 52
23258 54
23258 55
23258 56
23258 58
23258 59
23258 60
23258 61
23258 62
23258 64
23258 65
23258 66
23258 67
23258 69
23258 70
23258 71
23258 72
23258 73
23258 74
23258 75
23258 76
23258 77
23258 79
23258 80
23258 81
23258 82
23258 84
23258 85
23258 86
23258 87
23258 88
23258 89
23258 90
23258 91
23258 94
23258 96
23258 97
23258 99
23258 100
23258 101
23258 102
23258 103
23258 104
23258 105
23258 106
23258 107
23258 108
23258 110
23258 111
23258 112
23258 113
23258 114
23258 115
23258 116
23258 118
23258 119
23258 120
23258 124
23258 125
23258 126
23258 127
23258 128
23258 131
23258 133
23258 134
23258 135
23258 136
23258 137
23258 138
23258 139
23258 141
23258 142
23258 143
23258 144
23258 145
23258 146
23258 147
23258 149
23258 150
23258 151
23258 153
23258 154
23258 156
23259 21
23259 22
23259 23
23259 25
23259 26
23259 27
23259 28
23259 29
23259 30
23259 31
23259 32
23259 35
23259 36
23259 37
23259 38
23259 39
23259 41
23259 42
23259 43
23259 44
23259 45
23259 46
23259 47
23259 48
23259 50
23259 53
23259 54
23259 56
23259 57
23259 58
23259 59
23259 61
23259 62
23259 63
23259 64
23259 65
23259 66
23259 67
23259 68
23259 69
23259 71
23259 72
23259 73
23259 75
23259 76
23259 79
23259 80
23259 81
23259 82
23259 83
23259 84
23259 85
23259 86
23259 87
23259 88
23259 89
23259 90
23259 92
23259 93
23259 94
23259 95
23259 97
23259 99
23259 100
23259 101
23259 102
23259 103
23259 104
23259 105
23259 106
23259 107
23259 108
23259 109
23259 110
23259 112
23259 113
23259 114
23259 115
23259 116
23259 117
23259 118
23259 183
23259 184
23259 185
23259 186
23259 187
23259 188
23259 189
23259 190
23259 191
23259 192
23259 193
23259 195
23259 196
23259 197
23259 198
23259 199
23259 201
23259 202
23259 203
23259 204
23259 205
23259 206
23259 208
23259 212
23259 213
23259 214
23259 215
23259 216
23259 217
23259 218
23259 219
23259 220
23259 221
23259 223
23259 224
23259 225
23259 226
23259 228
23259 229
23259 230
23259 232
23259 233
23259 234
23259 235
23259 236
23259 237
23259 238
23259 239
23259 240
23259 241
23259 242
23259 243
23259 244
23259 245
23259 246
23259 247
23259 248
23259 249
23259 251
23259 252
23259 255
23259 273
23259 274
23259 275
23259 276
23259 277
23259 278
23259 279
23259 280
23259 281
23259 283
23259 285
23259 286
23259 287
23259 288
23259 289
23259 290
23259 291
23259 292
23259 293
23259 294
23259 295
23259 296
23259 297
23259 298
23259 299
23259 300
23259 302
23259 305
23259 306
23259 307
23259 309
23259 310
23259 311
23259 312
23259 313
23259 314
23259 315
23259 316
23259 317
23259 318
23259 319
23259 321
23259 322
23259 323
23259 324
23259 325
23259 326
23259 327
23259 328
23259 329
23259 330
23259 332
23259 333
23259 334
23259 335
23259 336
23259 337
23259 338
23259 340
23259 343
23259 345
23259 346
23259 347
23259 348
23259 349
23259 350
23259 351
23259 352
23259 353
23259 354
23259 356
23259 357
23259 358
23259 359
23259 362
23259 363
23259 364
23259 397
23259 398
23259 399
23259 400
23259 402
23259 403
23259 405
23259 407
23259 408
23259 409
23259 410
23259 411
23259 412
23259 414
23259 415
23259 416
23259 417
23259 418
23259 419
23259 420
23259 422
23259 423
23259 424
23259 426
23259 427
23259 428
23259 429
23259 431
23259 432
23259 435
23259 436
23259 437
23259 438
23259 439
23259 441
23259 442
23259 443
